-- phpMyAdmin SQL Dump
-- version 5.2.1
-- https://www.phpmyadmin.net/
--
-- Host: 127.0.0.1
-- Generation Time: Apr 23, 2026 at 06:39 AM
-- Server version: 10.4.32-MariaDB
-- PHP Version: 8.2.12

SET SQL_MODE = "NO_AUTO_VALUE_ON_ZERO";
START TRANSACTION;
SET time_zone = "+00:00";


/*!40101 SET @OLD_CHARACTER_SET_CLIENT=@@CHARACTER_SET_CLIENT */;
/*!40101 SET @OLD_CHARACTER_SET_RESULTS=@@CHARACTER_SET_RESULTS */;
/*!40101 SET @OLD_COLLATION_CONNECTION=@@COLLATION_CONNECTION */;
/*!40101 SET NAMES utf8mb4 */;

--
-- Database: `latestgtech_db`
--

-- --------------------------------------------------------

--
-- Table structure for table `agents`
--

CREATE TABLE `agents` (
  `id` bigint(20) UNSIGNED NOT NULL,
  `agent_name` varchar(255) DEFAULT NULL,
  `agent_code` varchar(255) DEFAULT NULL,
  `status` tinyint(1) NOT NULL DEFAULT 1,
  `created_at` timestamp NULL DEFAULT NULL,
  `updated_at` timestamp NULL DEFAULT NULL
) ENGINE=InnoDB DEFAULT CHARSET=utf8mb4 COLLATE=utf8mb4_unicode_ci;

--
-- Dumping data for table `agents`
--

INSERT INTO `agents` (`id`, `agent_name`, `agent_code`, `status`, `created_at`, `updated_at`) VALUES
(1, 'FC Agent', 'FCagent001', 1, '2025-08-26 03:35:36', '2025-08-27 07:02:23'),
(9, 'testAgent', 'testagent001', 1, '2025-08-26 08:34:12', '2025-08-27 08:22:53'),
(13, 'jhgfjhghj', 'FCagent001hft', 0, '2025-08-26 08:49:06', '2025-08-27 06:43:05'),
(14, 'gyhfty005', 'FCagent001tryrty', 0, '2025-08-26 09:01:33', '2025-09-10 03:22:04');

-- --------------------------------------------------------

--
-- Table structure for table `cache`
--

CREATE TABLE `cache` (
  `key` varchar(255) NOT NULL,
  `value` mediumtext NOT NULL,
  `expiration` int(11) NOT NULL
) ENGINE=InnoDB DEFAULT CHARSET=utf8mb4 COLLATE=utf8mb4_unicode_ci;

-- --------------------------------------------------------

--
-- Table structure for table `cache_locks`
--

CREATE TABLE `cache_locks` (
  `key` varchar(255) NOT NULL,
  `owner` varchar(255) NOT NULL,
  `expiration` int(11) NOT NULL
) ENGINE=InnoDB DEFAULT CHARSET=utf8mb4 COLLATE=utf8mb4_unicode_ci;

-- --------------------------------------------------------

--
-- Table structure for table `deposit_transactions`
--

CREATE TABLE `deposit_transactions` (
  `id` bigint(20) UNSIGNED NOT NULL,
  `merchant_code` varchar(255) DEFAULT NULL,
  `reference_id` varchar(255) DEFAULT NULL,
  `systemgenerated_TransId` varchar(255) DEFAULT NULL,
  `amount` varchar(255) DEFAULT NULL,
  `net_amount` varchar(255) DEFAULT NULL,
  `mdr_fee_amount` varchar(255) DEFAULT NULL,
  `gateway_name` varchar(255) DEFAULT NULL,
  `customer_name` varchar(255) DEFAULT NULL,
  `Currency` varchar(255) DEFAULT NULL,
  `gateway_TransId` varchar(255) DEFAULT NULL,
  `payment_status` varchar(255) DEFAULT 'pending',
  `callback_url` varchar(255) DEFAULT NULL,
  `payment_channel` varchar(255) DEFAULT NULL,
  `payment_method` varchar(255) DEFAULT NULL,
  `product_id` varchar(255) DEFAULT NULL,
  `bank_account_name` varchar(255) DEFAULT NULL,
  `bank_code` varchar(255) DEFAULT NULL,
  `bank_account_number` varchar(255) DEFAULT NULL,
  `request_data` longtext DEFAULT NULL,
  `payin_arr` longtext DEFAULT NULL,
  `response_data` longtext DEFAULT NULL,
  `agent_id` varchar(255) DEFAULT NULL,
  `merchant_id` varchar(255) DEFAULT NULL,
  `receipt_url` varchar(255) DEFAULT NULL,
  `ip_address` varchar(255) DEFAULT NULL,
  `created_at` timestamp NULL DEFAULT NULL,
  `updated_at` timestamp NULL DEFAULT NULL
) ENGINE=InnoDB DEFAULT CHARSET=utf8mb4 COLLATE=utf8mb4_unicode_ci;

--
-- Dumping data for table `deposit_transactions`
--

INSERT INTO `deposit_transactions` (`id`, `merchant_code`, `reference_id`, `systemgenerated_TransId`, `amount`, `net_amount`, `mdr_fee_amount`, `gateway_name`, `customer_name`, `Currency`, `gateway_TransId`, `payment_status`, `callback_url`, `payment_channel`, `payment_method`, `product_id`, `bank_account_name`, `bank_code`, `bank_account_number`, `request_data`, `payin_arr`, `response_data`, `agent_id`, `merchant_id`, `receipt_url`, `ip_address`, `created_at`, `updated_at`) VALUES
(1, 'FCmerchant001', 'GR202506-023', 'TR202507011326574908', '8032.00', '7923.568', '108.432', 'RichPay', 'K.EAKKACHAI POEMSATI 1 ROOM', 'THB', 'LMAJSG-1751351217947-20250701132657-bc0512', 'success', 'https://payment.implogix.com/api/r2p/payin/callbackURL', '18', 'QR Payment', '27', 'สุพรรษา ปั้นทอง', 'KBANK', '1448702118', '{\"method_name\":\"QR Payment\",\"e_comm_website\":\"https:\\/\\/payment.implogix.com\\/r2pPayin\",\"apiKey\":\"c48beec83f740331c0ff58\",\"secretKey\":\"Z0FBQUFBQm55WHJRYllhRGdjNXl5NjFvTDRLRHNhcElGamN3\",\"api_url\":\"https:\\/\\/service.richpay.io\\/api\\/v1\\/client\\/create_deposit\",\"secretToken\":\"dddddd\"}', '{\"status\":\"CREATED\",\"ref_id\":\"LMAJSG-1751351217947-20250701132657-bc0512\",\"dest_bank_code\":\"006\",\"dest_bank_acc_no\":\"0405560005688\",\"dest_bank_acc_name\":\"\\u0e1a\\u0e08. \\u0e1e\\u0e38\\u0e17\\u0e18\\u0e34\\u0e1e\\u0e31\\u0e0a\\u0e23 \\u0e04\\u0e2d\\u0e23\\u0e4c\\u0e1b\\u0e2d\\u0e23\\u0e4c\\u0e40\\u0e23\\u0e0a\\u0e31\\u0e48\\u0e19\",\"order_id\":\"TR202507011326574908\",\"amount\":8032,\"qr_image\":\"iVBORw0KGgoAAAANSUhEUgAAAXIAAAFyAQAAAADAX2ykAAACbElEQVR4nO2bSY7bMBBFX4UCvJSBPoCOIt+skZuJR\\/EBAkhLARJ+FiRtuY0MnSjqZlBcyLT4FgUUPmtw2cR7VvzyLhycd95555133vkf8ZZXA0wNMOUX951dDrTH+Z35XpI0ArFbgHaBfgQgSJL0yP9re5zfmZ+yQu11XI1oDRpaKb1Lwj7UHuf34Zs33xXPY9Kq9cPaiOlYe5w\\/gLdXSUQ7Jf1+uD3O\\/zFf9NsKmID+aiiev22EvW2BfDb7nf8tPpqZ2RnsQpC9Xk8q+dVaMukj7XF+Jz7JdKvQdjZoZ1PsZtPj2eez3\\/mfr+Rfg7AUiQZZtCDrr006gOllOcge5\\/flSdXt0Eqp6qVd0JB2+UDDnfts9jv\\/i5X9BqT+Rj8GSWNQcnIv6f5w\\/9bGZ\\/9KpWuVGlYjaKA4mXZx\\/dbJ3\\/wr3aVLP0LZhXxxu35r5Df+TUG4L1dzFnFyrfu3Ur74d8y3co61Y1A+Tbvg8bdyfjVoJZga9LWbTRqDzLrZchA+1h7nd+Fv\\/cmlIV7ConjGgJMMAmI6CabG6986+c39nPVbtFpisufPNfOU1PlW\\/+qeZJVI7PVvtfyTTG+x9kG6rt9K+Uf93lVbDvLy\\/LlSflv\\/bjx9L4eLk12\\/VfJPMuVN1PX4WzWf66N+AJheANZGsZuNNMTRLsD0sugYe5zfl9\\/E322veXycivX+8\\/\\/Cp67z1242s\\/OaWlfp18PhQ+xxfl\\/eLkCev7qeBNMpjWPZ5UPscf7v+Kf5SQDFbkFMq9FrNeI54PG3Sv45f4b815RcGoVNEu3xtzb+7fykHj+VH4vr13nnnXfeeef3478DLq4XJpjQHLMAAAAASUVORK5CYII=\",\"qr_image_link\":\"https:\\/\\/storage.googleapis.com\\/corp-richpay_richman_qr_data\\/006\\/LMAJSG-1751351217947-20250701132657-bc0512.png\",\"create_time\":\"2025-07-01T13:26:57.906176+07:00\",\"expire_time\":\"2025-07-01T13:41:57.906176+07:00\"}', '{\"type\":\"DEPOSIT\",\"status\":\"AUTO_SUCCESS\",\"status_desc\":\"DEPOSIT_MATCH\",\"amount\":8032,\"mdr_amount\":108.43,\"txn_ref_id\":\"LMAJSG-1751351217947-20250701132657-bc0512\",\"txn_ref_order_id\":\"TR202507011326574908\",\"txn_ref_bank_code\":\"004\",\"txn_ref_bank_acc_no\":\"1448702118\",\"txn_ref_bank_acc_name_th\":\"K.EAKKACHAI POEMSATI 1 ROOM\",\"txn_ref_bank_acc_name_en\":\"K.EAKKACHAI POEMSATI 1 ROOM\",\"txn_ref_user_id\":null,\"txn_ref1\":null,\"txn_ref2\":null,\"txn_timestamp\":\"2025-07-01T13:26:57.906176+07:00\",\"stm_timestamp\":\"2025-07-01T13:32:30.436627+07:00\",\"stm_bank_code\":\"006\",\"stm_bank_acc_no\":\"6438002332\",\"stm_bank_acc_name\":\"\\u0e1a\\u0e08. \\u0e1e\\u0e38\\u0e17\\u0e18\\u0e34\\u0e1e\\u0e31\\u0e0a\\u0e23 \\u0e04\\u0e2d\\u0e23\\u0e4c\\u0e1b\\u0e2d\\u0e23\\u0e4c\\u0e40\\u0e23\\u0e0a\\u0e31\\u0e48\\u0e19\",\"stm_desc\":\"\\u0e42\\u0e2d\\u0e19\\u0e40\\u0e07\\u0e34\\u0e19\\u0e40\\u0e02\\u0e49\\u0e32\\u0e1e\\u0e23\\u0e49\\u0e2d\\u0e21\\u0e40\\u0e1e\\u0e22\\u0e4c TR fr 004-1448702118 - (6436002332838683) 2025-07-01T13:27:30+07:00\",\"stm_ref_id\":\"KTB-SUCCESS-ONHHVY-1751351550407-20250701133230-da7c07\"}', '1', '1', 'https://storage.googleapis.com/corp-richpay_richman_qr_data/006/LMAJSG-1751351217947-20250701132657-bc0512.png', '147.50.108.8', '2025-08-08 08:52:52', '2025-07-02 08:52:52'),
(2, 'FCmerchant001', 'GR202506-023', 'TR202507011326574908', '8032.00', '7923.568', '108.432', 'RichPay', 'K.EAKKACHAI POEMSATI 1 ROOM', 'THB', 'LMAJSG-1751351217947-20250701132657-bc0512', 'success', 'https://payment.implogix.com/api/r2p/payin/callbackURL', '18', 'QR Payment', '27', 'สุพรรษา ปั้นทอง', 'KBANK', '1448702118', '{\"method_name\":\"QR Payment\",\"e_comm_website\":\"https:\\/\\/payment.implogix.com\\/r2pPayin\",\"apiKey\":\"c48beec83f740331c0ff58\",\"secretKey\":\"Z0FBQUFBQm55WHJRYllhRGdjNXl5NjFvTDRLRHNhcElGamN3\",\"api_url\":\"https:\\/\\/service.richpay.io\\/api\\/v1\\/client\\/create_deposit\",\"secretToken\":\"dddddd\"}', '{\"status\":\"CREATED\",\"ref_id\":\"LMAJSG-1751351217947-20250701132657-bc0512\",\"dest_bank_code\":\"006\",\"dest_bank_acc_no\":\"0405560005688\",\"dest_bank_acc_name\":\"\\u0e1a\\u0e08. \\u0e1e\\u0e38\\u0e17\\u0e18\\u0e34\\u0e1e\\u0e31\\u0e0a\\u0e23 \\u0e04\\u0e2d\\u0e23\\u0e4c\\u0e1b\\u0e2d\\u0e23\\u0e4c\\u0e40\\u0e23\\u0e0a\\u0e31\\u0e48\\u0e19\",\"order_id\":\"TR202507011326574908\",\"amount\":8032,\"qr_image\":\"iVBORw0KGgoAAAANSUhEUgAAAXIAAAFyAQAAAADAX2ykAAACbElEQVR4nO2bSY7bMBBFX4UCvJSBPoCOIt+skZuJR\\/EBAkhLARJ+FiRtuY0MnSjqZlBcyLT4FgUUPmtw2cR7VvzyLhycd95555133vkf8ZZXA0wNMOUX951dDrTH+Z35XpI0ArFbgHaBfgQgSJL0yP9re5zfmZ+yQu11XI1oDRpaKb1Lwj7UHuf34Zs33xXPY9Kq9cPaiOlYe5w\\/gLdXSUQ7Jf1+uD3O\\/zFf9NsKmID+aiiev22EvW2BfDb7nf8tPpqZ2RnsQpC9Xk8q+dVaMukj7XF+Jz7JdKvQdjZoZ1PsZtPj2eez3\\/mfr+Rfg7AUiQZZtCDrr006gOllOcge5\\/flSdXt0Eqp6qVd0JB2+UDDnfts9jv\\/i5X9BqT+Rj8GSWNQcnIv6f5w\\/9bGZ\\/9KpWuVGlYjaKA4mXZx\\/dbJ3\\/wr3aVLP0LZhXxxu35r5Df+TUG4L1dzFnFyrfu3Ur74d8y3co61Y1A+Tbvg8bdyfjVoJZga9LWbTRqDzLrZchA+1h7nd+Fv\\/cmlIV7ConjGgJMMAmI6CabG6986+c39nPVbtFpisufPNfOU1PlW\\/+qeZJVI7PVvtfyTTG+x9kG6rt9K+Uf93lVbDvLy\\/LlSflv\\/bjx9L4eLk12\\/VfJPMuVN1PX4WzWf66N+AJheANZGsZuNNMTRLsD0sugYe5zfl9\\/E322veXycivX+8\\/\\/Cp67z1242s\\/OaWlfp18PhQ+xxfl\\/eLkCev7qeBNMpjWPZ5UPscf7v+Kf5SQDFbkFMq9FrNeI54PG3Sv45f4b815RcGoVNEu3xtzb+7fykHj+VH4vr13nnnXfeeef3478DLq4XJpjQHLMAAAAASUVORK5CYII=\",\"qr_image_link\":\"https:\\/\\/storage.googleapis.com\\/corp-richpay_richman_qr_data\\/006\\/LMAJSG-1751351217947-20250701132657-bc0512.png\",\"create_time\":\"2025-07-01T13:26:57.906176+07:00\",\"expire_time\":\"2025-07-01T13:41:57.906176+07:00\"}', '{\"type\":\"DEPOSIT\",\"status\":\"AUTO_SUCCESS\",\"status_desc\":\"DEPOSIT_MATCH\",\"amount\":8032,\"mdr_amount\":108.43,\"txn_ref_id\":\"LMAJSG-1751351217947-20250701132657-bc0512\",\"txn_ref_order_id\":\"TR202507011326574908\",\"txn_ref_bank_code\":\"004\",\"txn_ref_bank_acc_no\":\"1448702118\",\"txn_ref_bank_acc_name_th\":\"K.EAKKACHAI POEMSATI 1 ROOM\",\"txn_ref_bank_acc_name_en\":\"K.EAKKACHAI POEMSATI 1 ROOM\",\"txn_ref_user_id\":null,\"txn_ref1\":null,\"txn_ref2\":null,\"txn_timestamp\":\"2025-07-01T13:26:57.906176+07:00\",\"stm_timestamp\":\"2025-07-01T13:32:30.436627+07:00\",\"stm_bank_code\":\"006\",\"stm_bank_acc_no\":\"6438002332\",\"stm_bank_acc_name\":\"\\u0e1a\\u0e08. \\u0e1e\\u0e38\\u0e17\\u0e18\\u0e34\\u0e1e\\u0e31\\u0e0a\\u0e23 \\u0e04\\u0e2d\\u0e23\\u0e4c\\u0e1b\\u0e2d\\u0e23\\u0e4c\\u0e40\\u0e23\\u0e0a\\u0e31\\u0e48\\u0e19\",\"stm_desc\":\"\\u0e42\\u0e2d\\u0e19\\u0e40\\u0e07\\u0e34\\u0e19\\u0e40\\u0e02\\u0e49\\u0e32\\u0e1e\\u0e23\\u0e49\\u0e2d\\u0e21\\u0e40\\u0e1e\\u0e22\\u0e4c TR fr 004-1448702118 - (6436002332838683) 2025-07-01T13:27:30+07:00\",\"stm_ref_id\":\"KTB-SUCCESS-ONHHVY-1751351550407-20250701133230-da7c07\"}', '1', '1', 'https://storage.googleapis.com/corp-richpay_richman_qr_data/006/LMAJSG-1751351217947-20250701132657-bc0512.png', '147.50.108.8', '2025-08-06 08:52:52', '2025-08-01 08:52:52'),
(3, 'FCmerchant001', NULL, NULL, '2222', '2192.003', '29.997', 'RichPay', 'PK travel', 'THB', NULL, 'failed', 'http://127.0.0.1:8000/api/r2p/payin/callbackURL', '', '', '27', 'PK travel', 'KTB', '1234567890', NULL, '[]', NULL, '1', '1', 'https://storage.googleapis.com/corp-richpay_richman_qr_data/006/KMWJDZ-1753848255747-20250730110415-e35a8e.png', '127.0.0.1', '2025-08-11 21:04:39', '2025-11-12 09:41:32'),
(4, 'FCmerchant001', 'dshfjsgdh3424hj', 'TR202507300407164902', '2222', '2192.003', '29.997', 'RichPay', 'PK travel', 'THB', 'DCUPWK-1753848414393-20250730110654-788c6b', 'success', 'http://127.0.0.1:8000/api/r2p/payin/callbackURL', '', 'QR Payment', '27', 'PK travel', 'GHB', '1234567890', NULL, '{\"status\":\"CREATED\",\"ref_id\":\"DCUPWK-1753848414393-20250730110654-788c6b\",\"dest_bank_code\":\"006\",\"dest_bank_acc_no\":\"0135565027640\",\"dest_bank_acc_name\":\"\\u0e2d\\u0e34\\u0e25\\u0e34\\u0e17 \\u0e04\\u0e32\\u0e23\\u0e4c \\u0e44\\u0e2e\\u0e40\\u0e2d\\u0e2d\\u0e23\\u0e4c \\u0e08\\u0e33\\u0e01\\u0e31\\u0e14\",\"order_id\":\"TR202507300407164902\",\"amount\":2222,\"qr_image\":\"iVBORw0KGgoAAAANSUhEUgAAAXIAAAFyAQAAAADAX2ykAAACd0lEQVR4nO2awY3cMAxFHyMDOdrAFpBSNJ2lpu3ALmU7kO8ymAMl2zOZIDuI17EA6mBY4jt8gKBEUhLllTF9ewkH55133nnnnXf+T7yU0cEkIkzS2RrM1XY7UY\\/zB\\/NRVVUTEDUjtz4DfQYIqqqq9\\/xX63H+YH6uETpJh44AMRWbBfa5epw\\/hu8e5hLTgMQEatP3c\\/U4\\/+V8UJhFYH50\\/v\\/R4\\/w\\/8NWFvQIz6DQEm0ocFYESySfpcf5Yvvh3EgACEtMbML\\/l8mGRM\\/U4fyxv\\/t0iVKcfuXwgo\\/fRez39zn+GFxkopS9zh\\/xMi5Tpaj1Tj\\/NH8ZTits\\/lz6qifi2HE1YdW4k8Xk2\\/838Ze68SVEfralTrSDCrdTncv43xxW+agu6aWPSqOm7Wdbh\\/2+SnYREdZxGRIehW+m6tZ7mdqcf5g3jzowBIHHMHLFJT5lC26mlIZ+lx\\/lh+PX+DOVXHXtcDNwP9Pvvy\\/bk1fpc\\/EzWjmoKak82aPL9qma\\/xqxliCruqyFJny7Q8flvl1yuEoECuXedeYTuJY8Lvf9vk7\\/bnhG3S1bBWwrZ7e\\/y2x+\\/6G+XU7Us5vNXEZc392zIflPhRnm7Ira+PdEoTer1Euqx+55+PhwZVKYjgsfXs+3OT\\/K6\\/gTU05i4Tx6VTUKTcBA81wbqafuc\\/xe9azzaCym3usNRqGs7W4\\/xB\\/P7+KKagpeoFdjdJvj83yz95QgfEESR+fDdP7x9hXU2\\/8y\\/yMS2WMJdM2lY9f26Uf3w\\/KfE9ZGEeEPqMThJyeQk9nqHH+WP52r+yEWon+r5msosHP38b5H97P0nNr3i6djX9zjvvvPPOO98i\\/ws41rtjvCBdEAAAAABJRU5ErkJggg==\",\"qr_image_link\":\"https:\\/\\/storage.googleapis.com\\/corp-richpay_richman_qr_data\\/006\\/DCUPWK-1753848414393-20250730110654-788c6b.png\",\"create_time\":\"2025-07-30T11:06:54.356449+07:00\",\"expire_time\":\"2025-07-30T11:21:54.356449+07:00\"}', NULL, '1', '1', 'https://storage.googleapis.com/corp-richpay_richman_qr_data/006/DCUPWK-1753848414393-20250730110654-788c6b.png', '127.0.0.1', '2025-08-12 21:07:17', '2025-07-30 01:31:27'),
(5, 'FCmerchant001', 'dshfjsgdh3424hj', 'TR202507300835201354', '2222', '2192.003', '29.997', 'RichPay', 'PK travel', 'THB', 'TUNMEQ-1753864497211-20250730153457-a0ef01', 'success', 'http://127.0.0.1:8000/api/r2p/payin/callbackURL', '', 'QR Payment', '27', 'PK travel', 'TMB', '1234567890', NULL, '{\"status\":\"CREATED\",\"ref_id\":\"TUNMEQ-1753864497211-20250730153457-a0ef01\",\"dest_bank_code\":\"006\",\"dest_bank_acc_no\":\"0135565027640\",\"dest_bank_acc_name\":\"\\u0e2d\\u0e34\\u0e25\\u0e34\\u0e17 \\u0e04\\u0e32\\u0e23\\u0e4c \\u0e44\\u0e2e\\u0e40\\u0e2d\\u0e2d\\u0e23\\u0e4c \\u0e08\\u0e33\\u0e01\\u0e31\\u0e14\",\"order_id\":\"TR202507300835201354\",\"amount\":2222,\"qr_image\":\"iVBORw0KGgoAAAANSUhEUgAAAXIAAAFyAQAAAADAX2ykAAACd0lEQVR4nO2awY3cMAxFHyMDOdrAFpBSNJ2lpu3ALmU7kO8ymAMl2zOZIDuI17EA6mBY4jt8gKBEUhLllTF9ewkH55133nnnnXf+T7yU0cEkIkzS2RrM1XY7UY\\/zB\\/NRVVUTEDUjtz4DfQYIqqqq9\\/xX63H+YH6uETpJh44AMRWbBfa5epw\\/hu8e5hLTgMQEatP3c\\/U4\\/+V8UJhFYH50\\/v\\/R4\\/w\\/8NWFvQIz6DQEm0ocFYESySfpcf5Yvvh3EgACEtMbML\\/l8mGRM\\/U4fyxv\\/t0iVKcfuXwgo\\/fRez39zn+GFxkopS9zh\\/xMi5Tpaj1Tj\\/NH8ZTits\\/lz6qifi2HE1YdW4k8Xk2\\/838Ze68SVEfralTrSDCrdTncv43xxW+agu6aWPSqOm7Wdbh\\/2+SnYREdZxGRIehW+m6tZ7mdqcf5g3jzowBIHHMHLFJT5lC26mlIZ+lx\\/lh+PX+DOVXHXtcDNwP9Pvvy\\/bk1fpc\\/EzWjmoKak82aPL9qma\\/xqxliCruqyFJny7Q8flvl1yuEoECuXedeYTuJY8Lvf9vk7\\/bnhG3S1bBWwrZ7e\\/y2x+\\/6G+XU7Us5vNXEZc392zIflPhRnm7Ira+PdEoTer1Euqx+55+PhwZVKYjgsfXs+3OT\\/K6\\/gTU05i4Tx6VTUKTcBA81wbqafuc\\/xe9azzaCym3usNRqGs7W4\\/xB\\/P7+KKagpeoFdjdJvj83yz95QgfEESR+fDdP7x9hXU2\\/8y\\/yMS2WMJdM2lY9f26Uf3w\\/KfE9ZGEeEPqMThJyeQk9nqHH+WP52r+yEWon+r5msosHP38b5H97P0nNr3i6djX9zjvvvPPOO98i\\/ws41rtjvCBdEAAAAABJRU5ErkJggg==\",\"qr_image_link\":\"https:\\/\\/storage.googleapis.com\\/corp-richpay_richman_qr_data\\/006\\/TUNMEQ-1753864497211-20250730153457-a0ef01.png\",\"create_time\":\"2025-07-30T15:34:57.177353+07:00\",\"expire_time\":\"2025-07-30T15:49:57.177353+07:00\"}', NULL, '1', '1', 'https://storage.googleapis.com/corp-richpay_richman_qr_data/006/TUNMEQ-1753864497211-20250730153457-a0ef01.png', '127.0.0.1', '2025-08-10 01:35:21', '2025-07-30 01:43:26'),
(6, 'testmerchant005', 'GZTRN1753874686yBT', 'TR202507301124552324', '100', '98.65', '1.35', 'RichPay', 'PK travel', 'THB', 'LWVZPG-1753874671850-20250730182431-e50305', 'success', 'http://127.0.0.1:8000/api/r2p/payin/callbackURL', '', 'QR Payment', '26', 'PK travel', 'KBANK', '1234567890', NULL, '{\"status\":\"CREATED\",\"ref_id\":\"LWVZPG-1753874671850-20250730182431-e50305\",\"dest_bank_code\":\"006\",\"dest_bank_acc_no\":\"0335567001867\",\"dest_bank_acc_name\":\"\\u0e1a\\u0e23\\u0e34\\u0e29\\u0e31\\u0e17 \\u0e1a\\u0e35\\u0e40\\u0e04\\u0e40\\u0e04 \\u0e1a\\u0e35\\u0e40\\u0e2d\\u0e47\\u0e19\\u0e1e\\u0e35 \\u0e25\\u0e47\\u0e2d\\u0e17 \\u0e08\\u0e33\\u0e01\\u0e31\\u0e14\",\"order_id\":\"TR202507301124552324\",\"amount\":100,\"qr_image\":\"iVBORw0KGgoAAAANSUhEUgAAAXIAAAFyAQAAAADAX2ykAAACgUlEQVR4nO2bzY3bMBSEZ0IBOlLAFuBS6A5S0iIlpQOxFBcQgDoKkDA5kJRlbxabRWTFWjweDP98hwEehu9HzxQ+c+K3T+GA8cYbb7zxxhv\\/Hs9yGgBDA2AgeV7ekSTPO+oxfmM+SJISgHiaAPhpIZwkSbf8o\\/UYvzE\\/FIfyNc1EZAP1fizfZWPvqsf4bfjm7rNil7JXCThxbz3Gb8vfxxcAwCCAwExh2FeP8Y\\/hvaQeAMKF1I9uJkICeAYgabrnH63H+E35SJLsAJ7hxNdLKwBOAOZcPu+rx\\/iN+Hw\\/r4eUfqSAkYodqNvfnk+\\/8X\\/Dk2xQberE89CKr2kpnQernw\\/KY9XcBknq\\/QT1fkLJyTUx5y64fzb9xn9wcnxDckJIgJSc1uWWpOuLxfdofPXv1bCokc7W9WWcZf49JF\\/iJk0ohr06eTE2\\/ATz7yH5tX\\/LENrVJAyUTBxk8T0oX+\\/da8JNqCbWVNMxnOXfY\\/K58WG4EIL\\/1QBeYDyNVKQT4Ucqfk976TF+W740trFzE4EGinSTMLRiSC8QhlbA0NQB5bPpN\\/6DU+5nuNtet1zNVj8fnK9lcn2+v07HfmmMrf89Kl\\/mz5FuArwADC8TQ5obAXODeBopYG60jx7jt+XfzK96LPfzdSvH6uej8st8Q8ualbu5n2uQLf8ekn9r04SbqbPl36\\/AL\\/UVACDvb8RuZhlMD02ZXj6rfuPfOzX\\/okyt8nfpdivW5s9fhc9ZN55Gkt3M9ST6v+gx\\/t\\/4+\\/1JwgMMl1YMP1shT7IurRj6PfQYvy1f45tbXwDAXHeyhpkImonYOVj\\/e0j+j21u7YSXR0fJ+t+D8rT\\/dxtvvPHGG2\\/87vxvU8QHWAhAgYkAAAAASUVORK5CYII=\",\"qr_image_link\":\"https:\\/\\/storage.googleapis.com\\/corp-richpay_richman_qr_data\\/006\\/LWVZPG-1753874671850-20250730182431-e50305.png\",\"create_time\":\"2025-07-30T18:24:31.809580+07:00\",\"expire_time\":\"2025-07-30T18:39:31.809580+07:00\"}', NULL, '1', '2', 'https://storage.googleapis.com/corp-richpay_richman_qr_data/006/LWVZPG-1753874671850-20250730182431-e50305.png', '127.0.0.1', '2025-08-11 04:24:56', '2025-07-30 04:27:27'),
(7, 'testmerchant005', 'GZTRN1753943666Ira', 'TR202507310634344217', '100', '98.65', '1.35', 'RichPay', 'gopal jack pay', 'THB', 'UWOWVC-1753943650887-20250731133410-f19ed0', 'success', 'http://127.0.0.1:8000/api/r2p/payin/callbackURL', '', 'QR Payment', '26', 'gopal jack pay', 'KBANK', '1234567890', NULL, '{\"status\":\"CREATED\",\"ref_id\":\"UWOWVC-1753943650887-20250731133410-f19ed0\",\"dest_bank_code\":\"006\",\"dest_bank_acc_no\":\"0135565027640\",\"dest_bank_acc_name\":\"\\u0e2d\\u0e34\\u0e25\\u0e34\\u0e17 \\u0e04\\u0e32\\u0e23\\u0e4c \\u0e44\\u0e2e\\u0e40\\u0e2d\\u0e2d\\u0e23\\u0e4c \\u0e08\\u0e33\\u0e01\\u0e31\\u0e14\",\"order_id\":\"TR202507310634344217\",\"amount\":100,\"qr_image\":\"iVBORw0KGgoAAAANSUhEUgAAAXIAAAFyAQAAAADAX2ykAAACZklEQVR4nO2bQY6jMBBF\\/x+QWMIN+ijOzaI50twAjtI3sJeRQH8WLgOJ1JPuURrhVnkF5C1KKv36drlC4Str+vUlHHDeeeedd9555z\\/iaasFkFoAieRlfSJJXg6Mx\\/kX80GSFAFMbzOAfl6JRpKke\\/6743H+xXwyhfIaF2JiC439zb5lYR8aj\\/Ov4duHd01DzFol0AhIx8bj\\/AE8r5IQ4sJzxOP8f\\/PI5mr+22QT1rj6b4jFf4MkjWeL3\\/lP8RNJcgB4QSNe3zshxEYAlrx9PjYe51\\/EZ\\/\\/dNyn7GwXcqGkAdf\\/b+eJ3\\/jM8yRZFpo14SZ14wbp1Tr5\\/rpTf+S+C5my95r+9pLGXNBbO\\/bc2vuQNgEY0QoiApRZASbzvryrl7\\/bPmmFajWvie2tnuX6r5C2\\/6GcgRECKJuLy1JRfPb8V8qtM1woMS6jJOafW81spX\\/QLq8oAimqDZhNx\\/ub5rZDf2awk02p5tcK9V\\/fZ4nf+36scbFO7XigMYHjvRKCZhdQJSG3pV54tfuefLO2XFWR78v1z\\/Xw5H8Vm18bYWhvFib0+V8rv+hu7IY7VhHc7addvjfxdfzJaE2tLaKF8\\/1wpf++\\/a6Xe6vN2evL8Vsvv5yf7G3mNAK8RyFdHQcrXSWeN3\\/kn\\/Ga9SC30e1iIaVhok5SpzY3p08bv\\/EerVGVg6zWXQ9Lqv95\\/\\/im8xtQJ09uN5LDQroMB12+d\\/ON8LAFY\\/yr86QSkTvY6HhGP86\\/lS357ocw621SskBYiaCGmoSljWGeL3\\/kn6\\/GYizLEYTeFu+sk99\\/6ePr\\/u5133nnnnXf+cP4vROcxrtv8FfAAAAAASUVORK5CYII=\",\"qr_image_link\":\"https:\\/\\/storage.googleapis.com\\/corp-richpay_richman_qr_data\\/006\\/UWOWVC-1753943650887-20250731133410-f19ed0.png\",\"create_time\":\"2025-07-31T13:34:10.861183+07:00\",\"expire_time\":\"2025-07-31T13:49:10.861183+07:00\"}', NULL, '1', '2', 'https://storage.googleapis.com/corp-richpay_richman_qr_data/006/UWOWVC-1753943650887-20250731133410-f19ed0.png', '127.0.0.1', '2025-07-31 23:34:35', '2025-07-30 23:37:05'),
(8, 'FCmerchant001', 'dshfjsgdh3424hj', 'TR202507310642287110', '2222', '2192.003', '29.997', 'RichPay', 'PK travel', 'THB', 'IZDBAG-1753944125493-20250731134205-b9215b', 'success', 'http://127.0.0.1:8000/api/r2p/payin/callbackURL', '', 'QR Payment', '27', 'PK travel', 'KBANK', '1234567890', NULL, '{\"status\":\"CREATED\",\"ref_id\":\"IZDBAG-1753944125493-20250731134205-b9215b\",\"dest_bank_code\":\"006\",\"dest_bank_acc_no\":\"0303553002929\",\"dest_bank_acc_name\":\"\\u0e2b\\u0e08\\u0e01. \\u0e19\\u0e32\\u0e27\\u0e35 31 \\u0e27\\u0e34\\u0e28\\u0e27\\u0e01\\u0e23\\u0e23\\u0e21\",\"order_id\":\"TR202507310642287110\",\"amount\":2222,\"qr_image\":\"iVBORw0KGgoAAAANSUhEUgAAAXIAAAFyAQAAAADAX2ykAAACfUlEQVR4nO2aTW7cMAxGHysDs9QAOUCO4rlBjpQz9QbWUXKAAeRlAA++LiQ5ngRpG9SdjgoSmB9Zb0GA+CiKpomvWPr2JRycd95555133vnPeKs2APMAzGZ2Wv+Zmdnphv44vzM\\/SpIykB4XIC4AFwOCJEnX\\/N\\/2x\\/md+bkq1J7zxUg2oClK5VkR9k39cX4ffni3VjrmolUj5tv74\\/y+\\/Pv4AmCjwJgNMd\\/WH+f35Vt8o4AZGF8MpeN5gHgebPwO2xbIvfnv\\/G\\/xyczMjmAnguz55SDGl4OASymfb+uP8zvxRb9bhcZXE7ya0hHT9d79+e\\/8z63E1yAsTaJBMD\\/IxnwsGzA\\/LDfyx\\/l9ecrldszAqAWIbUmUNEVJU+M03Zv\\/zv\\/CavMiSlIOYsyhLicojY+3L49vb3zTJTWq7dmClIM0xdrOcv12yW\\/zc+lFZmDMUGJe5bzg+u2Sb7qMUjl\\/14AWEU8ltB7fTvk1P0Mto3J7oTDmugSCn7998mt+bmm4xDK3\\/ExcaOr2+PbHt\\/7GfDHG7weRnjIQhdWNg2Ae\\/P7bJ7+pn6u1qtnr5\\/+Bb\\/m5lFbQ+huh1Vw5+P23Y36tn5e101FT8ZV0Xb+d8qt+14ZVbvXVZirH6+deeXRt27O2Vc0bzuPbJb+dnyTITvOAPWco45Sj6iTWvfrv\\/Ke2yc9aU\\/N69NbSqvU8XL+98VfvB1t83wJaIe8\\/98p\\/mJ9kBqXHV4N4HpSezoPS0zrGcW\\/+O\\/813k5xYTt\\/NR\\/KOJad\\/ok\\/zv8Z\\/2F+EkDpcWk9S12MdAyu3z75D9fcctZmaFejsGli+fnbG\\/9+flKbT\\/sRLK5f55133nnnnd+P\\/wFxUB6ITvH\\/bQAAAABJRU5ErkJggg==\",\"qr_image_link\":\"https:\\/\\/storage.googleapis.com\\/corp-richpay_richman_qr_data\\/006\\/IZDBAG-1753944125493-20250731134205-b9215b.png\",\"create_time\":\"2025-07-31T13:42:05.457376+07:00\",\"expire_time\":\"2025-07-31T13:57:05.457376+07:00\"}', NULL, '1', '1', 'https://storage.googleapis.com/corp-richpay_richman_qr_data/006/IZDBAG-1753944125493-20250731134205-b9215b.png', '127.0.0.1', '2025-08-09 23:42:29', '2025-07-30 23:45:00'),
(9, 'FCmerchant001', 'dshfjsgdh3424hj', 'TR202507310703211142', '2222', '2192.003', '29.997', 'RichPay', 'PK travel', 'THB', 'FNVMAR-1753945378231-20250731140258-a12b3c', 'success', 'http://127.0.0.1:8000/api/r2p/payin/callbackURL', '', 'QR Payment', '27', 'PK travel', 'ISBT', '1234567890', NULL, '{\"status\":\"CREATED\",\"ref_id\":\"FNVMAR-1753945378231-20250731140258-a12b3c\",\"dest_bank_code\":\"006\",\"dest_bank_acc_no\":\"0405560005688\",\"dest_bank_acc_name\":\"\\u0e1a\\u0e08. \\u0e1e\\u0e38\\u0e17\\u0e18\\u0e34\\u0e1e\\u0e31\\u0e0a\\u0e23 \\u0e04\\u0e2d\\u0e23\\u0e4c\\u0e1b\\u0e2d\\u0e23\\u0e4c\\u0e40\\u0e23\\u0e0a\\u0e31\\u0e48\\u0e19\",\"order_id\":\"TR202507310703211142\",\"amount\":2222,\"qr_image\":\"iVBORw0KGgoAAAANSUhEUgAAAXIAAAFyAQAAAADAX2ykAAACeElEQVR4nO2aQY7cIBBFfwVLXuIb+Cj0zVo5Um5gjuIDtISXLWH9LIA27tFoZhLH00RVC8uGt\\/hS6UOBS4ivhP\\/xJRxQXnnllVdeeeXf4yVHB2DpACx5YHuTy4l6lD+YdyTJAMCPEYCNgAsAAEOS5J7\\/13qUP5hfskPlGlaBlw6cLJnGkrFP1aP8MXz39E0\\/hORVcdPaEcu5epQ\\/gZcrSXjpk3+\\/XY\\/yf8wX\\/1oCWAC4WUA\\/3Cpj11cgr6Zf+U\\/xXkREBkAuMJTr3LPUV2uppM\\/Uo\\/xBfLJp7VB7FwJ3oR\\/vwv3c6+lX\\/jO8iHTYbCqXpadc5w71mfhEPcofxSOdbicbAceI\\/BYAwJKcLMlp415Nv\\/IfRM4bADIYpkfKaso5uT00v63xj\\/yanMY8FsEJJicZNqp\\/2+Sr\\/KYHA9L6TAZDuGCYrys1vw3yqXAS2JsANgCAifBj7ACsqYiGm9az9Ch\\/LL+rrwJQ7bppNhgCZfVW\\/7bGp\\/yWgjnmrZfhkVob058GzW\\/TvCXh5p7wgyFgSZEBIOeeev5tl6\\/OR8Wr+4JZ6+em+bI+l0V6q5rzqhyMnn8b5mv\\/PpKcJmrrqn8b5Wv\\/Aptry0QOrZ8b5bMvH7Hberm\\/09L8tsrX\\/ZMwlMvSQa4BSKWzI0snx2vqV\\/7d2NbnXFqxLqLLnpybKNW\\/rfH1\\/Ua6a0Z+q\\/dfvX\\/+X\\/j0p\\/DneBeRYRVONuax6Vv0KP93\\/HN\\/rMDeOnFzT3G\\/egJLz\\/w5naFH+WP5N\\/2TWDrQjxHEsgocV4EfTGnDejX9yn8Qb465Abk\\/53Em3i6xdP9tjX\\/unywNk8Q2QSCqf5VXXnnllVf+OP43+zYSOo1kvCQAAAAASUVORK5CYII=\",\"qr_image_link\":\"https:\\/\\/storage.googleapis.com\\/corp-richpay_richman_qr_data\\/006\\/FNVMAR-1753945378231-20250731140258-a12b3c.png\",\"create_time\":\"2025-07-31T14:02:58.189074+07:00\",\"expire_time\":\"2025-07-31T14:17:58.189074+07:00\"}', NULL, '1', '1', 'https://storage.googleapis.com/corp-richpay_richman_qr_data/006/FNVMAR-1753945378231-20250731140258-a12b3c.png', '127.0.0.1', '2025-08-11 00:03:22', '2025-07-31 00:05:53'),
(10, 'testmerchant005', 'GZTRN1753945888o37', 'TR202507310711289643', '1000', '986.5', '13.5', 'RichPay', 'ddddd', 'THB', 'JXOTLV-1753945865158-20250731141105-d0007b', 'success', 'http://127.0.0.1:8000/api/r2p/payin/callbackURL', '', 'QR Payment', '26', 'ddddd', 'KTB', '1234567890', NULL, '{\"status\":\"CREATED\",\"ref_id\":\"JXOTLV-1753945865158-20250731141105-d0007b\",\"dest_bank_code\":\"006\",\"dest_bank_acc_no\":\"0335567001867\",\"dest_bank_acc_name\":\"\\u0e1a\\u0e23\\u0e34\\u0e29\\u0e31\\u0e17 \\u0e1a\\u0e35\\u0e40\\u0e04\\u0e40\\u0e04 \\u0e1a\\u0e35\\u0e40\\u0e2d\\u0e47\\u0e19\\u0e1e\\u0e35 \\u0e25\\u0e47\\u0e2d\\u0e17 \\u0e08\\u0e33\\u0e01\\u0e31\\u0e14\",\"order_id\":\"TR202507310711289643\",\"amount\":1000,\"qr_image\":\"iVBORw0KGgoAAAANSUhEUgAAAXIAAAFyAQAAAADAX2ykAAACgklEQVR4nO2ay43jMBBEq5YEdKQycCh0BhOSMSFtBmIoDsCAdDQgofZASpY9GMwOVtaag+bB1ucdGmgUu7pFCt9Z6de3cMB444033njjjf+MZ1kewOABDCSPyxVJ8rhjPMZvzEdJUg8gHUYAYVwIJ0nSPf\\/seIzfmB+KQnnqJyLRQ124lmdZ2LvGY\\/w2vH+4V2r7rFUCTtw7HuO35R\\/zCwBgFEBgojDsG4\\/xz+GDpA4A4pnUezsRsQd4BCBpfOSfHY\\/xm\\/KJJNkCPMKJp3MjAE4Apmyf943H+I34vD+vh5ThSgFXKrWg7t+9XvzG\\/w1P0uMmUx6HRjz1i3UezD9XymNubp1K1xtGIPZAqclzYc5dcPdq8Rv\\/xcr5jZIQe1eGHCu7dXtr+a2Qv+uPwpUA3Ij0Nnkh9EBqLx6pvXjtE4\\/x2\\/KzfnsndZj1G\\/v1i7Jnm34r5Oe6CidEjZB6QF0Ykatul1Nr+a2Un\\/1VTqjT\\/KXhlm5X3Jflt0Z+7n+HRoy52518boITnZiv3vq94jH+ifzgQbIR4rn0v9K5kfW\\/9fJL\\/QVyr5tnzaFszbn+5lvbnyvkl\\/53NlQrOx1m\\/2z9b7X8rMu7WVWxWyvpmn4r5RfBonjleLPOt1M55p9r5Ysul5WfdVj25+WZ6bdG\\/oNMEdYDZ6u\\/P4MvUw0AwFTOb6R2YvmmNHiUwvyi8Rv\\/2brV3zJrRrlaC9vmzz+Fz03S++FKsp24nkT\\/l3iM\\/zf+8fwkES6e8dyI8Xcj5MHluRFjt0c8xm\\/Lz\\/kNAvJZ2MFD6TBCGCYiaiJS62Dff6vkP\\/pnoJzPKa2RW5loq7+18Y\\/nJ3X\\/r\\/Izmn6NN9544403fjv+D5yC\\/50xyxVLAAAAAElFTkSuQmCC\",\"qr_image_link\":\"https:\\/\\/storage.googleapis.com\\/corp-richpay_richman_qr_data\\/006\\/JXOTLV-1753945865158-20250731141105-d0007b.png\",\"create_time\":\"2025-07-31T14:11:05.119529+07:00\",\"expire_time\":\"2025-07-31T14:26:05.119529+07:00\"}', '{\"type\":\"DEPOSIT\",\"status\":\"AUTO_SUCCESS\",\"status_desc\":\"DEPOSIT_MATCH\",\"amount\":48237,\"mdr_amount\":651.2,\"txn_ref_id\":\"RZVCLX-1748547025984-20250530023025-b70955\",\"txn_ref_order_id\":\"TR202507310711289643\",\"txn_ref_bank_code\":\"011\",\"txn_ref_bank_acc_no\":\"2872149931\",\"txn_ref_bank_acc_name_th\":\"K.Sarayoot Nakpathomkul   DSA002\",\"txn_ref_bank_acc_name_en\":\"K.Sarayoot Nakpathomkul   DSA002\",\"txn_ref_user_id\":null,\"txn_ref1\":null,\"txn_ref2\":null,\"txn_timestamp\":\"2025-05-30T02:30:25.857584+07:00\",\"stm_timestamp\":\"2025-05-30T02:31:04.849329+07:00\",\"stm_bank_code\":\"006\",\"stm_bank_acc_no\":\"0170523802\",\"stm_bank_acc_name\":\"\\u0e1a\\u0e23\\u0e34\\u0e29\\u0e31\\u0e17 \\u0e2d\\u0e34\\u0e19\\u0e2a\\u0e1b\\u0e34\\u0e23\\u0e34\\u0e172451 \\u0e08\\u0e33\\u0e01\\u0e31\\u0e14\",\"stm_desc\":\"\\u0e42\\u0e2d\\u0e19\\u0e40\\u0e07\\u0e34\\u0e19\\u0e40\\u0e02\\u0e49\\u0e32\\u0e1e\\u0e23\\u0e49\\u0e2d\\u0e21\\u0e40\\u0e1e\\u0e22\\u0e4c TR fr 011-2872149931 - (17052380266156) 2025-05-30T02:30:39+07:00\",\"stm_ref_id\":\"KTB-SUCCESS-ZIQRAX-1748547064819-20250530023104-1e8013\"}', '1', '2', 'https://storage.googleapis.com/corp-richpay_richman_qr_data/006/JXOTLV-1753945865158-20250731141105-d0007b.png', '127.0.0.1', '2025-08-12 00:11:29', '2025-07-31 00:32:50'),
(11, 'testmerchant005', 'GZTRN1754981527XYp', 'TR202508120652223380', '100', '98.65', '1.35', 'RichPay', 'gopal jack pay', 'THB', 'OUACJD-1754981535141-20250812135215-db7810', 'success', 'http://127.0.0.1:8000/api/r2p/payin/callbackURL', '', 'QR Payment', '26', 'gopal jack pay', 'KBANK', '1234567890', '{\"order_id\":\"TR202508120652223380\",\"amount\":\"100\",\"ref_account\":\"1234567890\",\"ref_bank_code\":\"004\",\"ref_name_th\":null,\"ref_name_en\":null,\"ref_user_id\":\"\",\"ref1\":\"\",\"ref2\":\"\",\"callback_url\":\"http:\\/\\/127.0.0.1:8000\\/api\\/r2pDepositNotifiication\"}', '{\"status\":\"CREATED\",\"ref_id\":\"OUACJD-1754981535141-20250812135215-db7810\",\"dest_bank_code\":\"006\",\"dest_bank_acc_no\":\"0405560005688\",\"dest_bank_acc_name\":\"\\u0e1a\\u0e08. \\u0e1e\\u0e38\\u0e17\\u0e18\\u0e34\\u0e1e\\u0e31\\u0e0a\\u0e23 \\u0e04\\u0e2d\\u0e23\\u0e4c\\u0e1b\\u0e2d\\u0e23\\u0e4c\\u0e40\\u0e23\\u0e0a\\u0e31\\u0e48\\u0e19\",\"order_id\":\"TR202508120652223380\",\"amount\":100,\"qr_image\":\"iVBORw0KGgoAAAANSUhEUgAAAXIAAAFyAQAAAADAX2ykAAACdElEQVR4nO2bQY7bMAxFPysDXto3yFGUG\\/RIOVNvYB0lByggLQPY+F2ItD1pB50pXDcqqIUhK29BgPgS+a0I8ZmRvnwKB5x33nnnnXfe+fd40dEBKB2AogvbTK4nxuP8wXwkSWYA6TIDGGYgZgBAIEnyLf+343H+YL6oQuWWF0GSDpwGsq5VYZ8aj\\/PH8N3TO9OYq1YlTktHlHPjcf4EXm4kkaSv+v3n8Tj\\/x7zpdyCAAiDeBUzj952w9xbIq8Xv\\/If4JCIiIyBXBMrt3tPqq8Uq6TPjcf4gvsp0r9DhIQQewnR5CN\\/+9nrxO\\/8RXkQ6mEwD5Vp6yu3eYd8TnxiP80fx2JpbkjM4DfoABpLTQHIyjtOrxe\\/8bwbXgepl5GBZHeZqfGwPz29rvOmyqlaTjJgBTgg0Jc+u3zZ53Z\\/Vn1T91vzqLFDtSs9vg\\/y6P5tMJ0BnzIBt0p7fRnmrr9YyaoJJF7tZ8PO3TX49f63IijXds6V2PZg9vy3y2tjGvOgsjRlE6SlAqDOgdPNJ8Th\\/LG\\/nb16VDOuE18La6+fWebkiUL2qgRQZA5FGwJzoYF+SXjN+598b6j+nywymrxlAERBYOgJLBzWhl47nxOP8sbz1vzmQk5XJiLY\\/G+X1c6P8zp+0+nlvPWs5Dfefm+af70\\/GDMgtw15JP3\\/b5J\\/9ybq2Vs26XWe9ROn6bY1fz19g85rVid7OX\\/ef\\/xeevPdEujxEZFxEPywBZky\\/evzOvx3P92MFCJB47ynxW0+g9NTX6Yx4nD+W\\/+n+JLDUu3REWQSRiyCNAd7\\/Nsn\\/ss3dvu\\/rWvb+t1Fe\\/P\\/dzjvvvPPOO386\\/wNWEAkQt\\/RDrAAAAABJRU5ErkJggg==\",\"qr_image_link\":\"https:\\/\\/storage.googleapis.com\\/corp-richpay_richman_qr_data\\/006\\/OUACJD-1754981535141-20250812135215-db7810.png\",\"create_time\":\"2025-08-12T13:52:15.099992+07:00\",\"expire_time\":\"2025-08-12T14:07:15.099992+07:00\"}', NULL, '1', '2', 'https://storage.googleapis.com/corp-richpay_richman_qr_data/006/OUACJD-1754981535141-20250812135215-db7810.png', '127.0.0.1', '2025-08-11 23:52:23', '2025-08-11 23:59:22'),
(12, 'testmerchant005', 'GZTRN1755326941pwF', 'TR202508161349114697', '100', '98.65', '1.35', 'RichPay', 'gopal jack pay', 'THB', 'REUKFD-1755326940415-20250816134900-bec00a', 'processing', 'http://127.0.0.1:8000/api/r2p/payin/callbackURL', '', 'QR Payment', '26', 'gopal jack pay', 'KTB', '1234567890', '{\"order_id\":\"TR202508161349114697\",\"amount\":\"100\",\"ref_account\":\"1234567890\",\"ref_bank_code\":\"006\",\"ref_name_th\":null,\"ref_name_en\":null,\"ref_user_id\":\"\",\"ref1\":\"\",\"ref2\":\"\",\"callback_url\":\"http:\\/\\/127.0.0.1:8000\\/api\\/r2pDepositNotifiication\"}', '{\"status\":\"CREATED\",\"ref_id\":\"REUKFD-1755326940415-20250816134900-bec00a\",\"dest_bank_code\":\"006\",\"dest_bank_acc_no\":\"0135565027640\",\"dest_bank_acc_name\":\"\\u0e2d\\u0e34\\u0e25\\u0e34\\u0e17 \\u0e04\\u0e32\\u0e23\\u0e4c \\u0e44\\u0e2e\\u0e40\\u0e2d\\u0e2d\\u0e23\\u0e4c \\u0e08\\u0e33\\u0e01\\u0e31\\u0e14\",\"order_id\":\"TR202508161349114697\",\"amount\":100.18,\"qr_image\":\"iVBORw0KGgoAAAANSUhEUgAAAXIAAAFyAQAAAADAX2ykAAACbklEQVR4nO2bQY6jMBBF\\/x8jZQnSHCBHMTeL5khzAzhKbmAvkUB\\/FrYJSU+ru0cMwq3yIgr4LUoq\\/fp22VD4yhh\\/fAkHjDfeeOONN97493jm0QCIDYBIsl\\/\\/kST7A+MxfmfeS5ICgPE6A2jnlXCSJD3z\\/zse43fmY1Yob2EhRjbQ0E75XRL2ofEYvw\\/fvDxr7ELSKgEnIB4bj\\/EH8LxJgg8LzxGP8f\\/MI5lr9l+XTFjD6r8+FP\\/1kjScLX7jP8WPJMkOYA8n3u4XwQcnAEtaPh8bj\\/E78cl\\/t03KdqKAiRo7UM9z54vf+M\\/wJBsUmTqxjxexx7p0jrZ+rpRP\\/quhXR22nYv\\/tnlCw4M7W\\/zGfzBy3gCkpZWCU04tkBofjx\\/Lb208SnMqZzX98+Eh7NzOMv1WzGtoJyab9WGdiw3SShoA2B8Yj\\/F78UW\\/yXVLpR6SYIsTe82w+lwln+uugpMGuOK1wQlec7HjMmH5rY3f9K9yE6uo9kXYlt8q+bW\\/sTRC7CDEn6K\\/X0TAzUK8CIhN6VeeLX7jPxhlf+SSdHNV1mzr52\\/BP9XnUPx3bW1s3ll9rpHP9XmkmzVeJ2rkWq6xNBivE8vjEfEYvy+\\/6ndGaVht63OhbP1cKV\\/2R2Vsu85l1bzhLL+V8W9kmkb71pNNvxXzaesbgFKpF2LsFuablLHJ1fus8Rv\\/3sj+G4Bt1+pRrgGkJJt+vwOvX51TvtXeLczHwYDpt07+9X4s\\/b2ZCbiZ\\/vdFQLzkdpYfjojH+H351\\/uT6aUvNynT0dH6EYPV59r4v25z0\\/n+gPXoKNj+t1Ke9n238cYbb7zxxh\\/O\\/wHX1To9SJ02NAAAAABJRU5ErkJggg==\",\"qr_image_link\":\"https:\\/\\/storage.googleapis.com\\/corp-richpay_richman_qr_data\\/006\\/REUKFD-1755326940415-20250816134900-bec00a.png\",\"create_time\":\"2025-08-16T13:49:00.330067+07:00\",\"expire_time\":\"2025-08-16T14:04:00.330067+07:00\"}', NULL, '1', '2', 'https://storage.googleapis.com/corp-richpay_richman_qr_data/006/REUKFD-1755326940415-20250816134900-bec00a.png', '127.0.0.1', '2025-08-16 06:49:12', '2025-08-16 06:52:35'),
(13, 'testmerchant005', 'GZTRN1755342769V3g', 'TR202508161816413872', '100', '98.65', '1.35', 'RichPay', 'gopal jack pay', 'THB', 'GAQVPM-1755342989530-20250816181629-494773', 'pending', 'http://127.0.0.1:8000/api/r2p/payin/callbackURL', '', 'QR Payment', NULL, 'gopal jack pay', 'KBANK', '1234567890', '{\"order_id\":\"TR202508161816413872\",\"amount\":\"100\",\"ref_account\":\"1234567890\",\"ref_bank_code\":\"004\",\"ref_name_th\":null,\"ref_name_en\":null,\"ref_user_id\":\"\",\"ref1\":\"\",\"ref2\":\"\",\"callback_url\":\"http:\\/\\/127.0.0.1:8000\\/api\\/r2pDepositNotifiication\"}', '{\"status\":\"CREATED\",\"ref_id\":\"GAQVPM-1755342989530-20250816181629-494773\",\"dest_bank_code\":\"006\",\"dest_bank_acc_no\":\"0505566003465\",\"dest_bank_acc_name\":\"\\u0e1a\\u0e23\\u0e34\\u0e29\\u0e31\\u0e17 \\u0e40\\u0e1e\\u0e0a\\u0e23\\u0e17\\u0e23\\u0e31\\u0e1e\\u0e22\\u0e4c\\u0e1b\\u0e23\\u0e30\\u0e40\\u0e2a\\u0e23\\u0e34\\u0e10 \\u0e08\\u0e33\\u0e01\\u0e31\\u0e14\",\"order_id\":\"TR202508161816413872\",\"amount\":100,\"qr_image\":\"iVBORw0KGgoAAAANSUhEUgAAAXIAAAFyAQAAAADAX2ykAAACdElEQVR4nO2bQW7bMBBF31QEvJSAHiBHoW9m9Ei9gXQUH6CAuDQg4XdBUlaSpk1aVbWK4cKgrLf4wOAPZ8a0iY+s4dOHcHDeeeedd95559\\/irawApACk8sV9Z+cd9Ti\\/MR8lSSMwPE1AO0EcAWgkSXrO\\/209zm\\/Mp+JQu4yzMVhAfSvl77Kxd9Xj\\/DZ8ePGsoRuzVw2aSaR99Ti\\/A2+XmpDt\\/Ah6nP9tvvq3FZCAeDU0dN8CsS\\/v1iOQR9Pv\\/Lv4wczMOrAzjexyPalU0sy1kt5Tj\\/Mb8dm\\/a4e2NxPcTMPTzfT83ePpd\\/49vJkFqk0b2TmdZJdrYN0T76jH+a14cnMbNQGtpL6dUN\\/eHyX1lVP\\/aPqd\\/\\/mqxkwdGs4G8XoS0AiYA3EEiwLL5daj6Xf+F6v4cjWmavIkq1i3LeMs9+8h+RI3jY3yQDLWXUncY6MyrvT4HpBf+7dvtVh3Ip+6fQ6tx\\/eg\\/OJfqnXvdtZE3kF94fE9GL+qn4uTW+WE\\/HLn8T0iX+YbgzWC9HkijnMQ6SSjBZHyJGvaSY\\/z2\\/Kr83dVRqmmZq+fD86vy+Q4smTlmqmXM9nz8yH5mp\\/LrY0AKUyCOQjmQBlCz0H76HF+W37l31Irt+tyq1JePx+Ur\\/1RXeXW1T0\\/1yD7+XtI\\/pVNlyKrfPj5+z\\/wcRlyAOhLNxtDN1sONynkcdbD6nf+rbXKysusObdGK2P7\\/Pl\\/4XORNTzdzKybbT2J\\/id6nP8z\\/uX9WKMdsXg9yeLXkyCdVB77PfQ4vy3\\/6v4kqVylE2k2omZj6Bq8\\/z0k\\/8M2t0yyWH46Gr3\\/PShv\\/v9u55133nnnnd+d\\/w4cIQwN0r6omAAAAABJRU5ErkJggg==\",\"qr_image_link\":\"https:\\/\\/storage.googleapis.com\\/corp-richpay_richman_qr_data\\/006\\/GAQVPM-1755342989530-20250816181629-494773.png\",\"create_time\":\"2025-08-16T18:16:29.494615+07:00\",\"expire_time\":\"2025-08-16T18:31:29.494615+07:00\"}', NULL, '1', '2', 'https://storage.googleapis.com/corp-richpay_richman_qr_data/006/GAQVPM-1755342989530-20250816181629-494773.png', '127.0.0.1', '2025-08-16 11:16:42', '2025-08-16 11:16:42'),
(14, 'testmerchant005', 'GZTRN1755343030TXT', 'TR202508161817181677', '10088', '9951.812', '136.188', 'RichPay', 'gopal jack pay', 'THB', 'ZVNVHP-1755343025978-20250816181705-bb2316', 'processing', 'http://127.0.0.1:8000/api/r2p/payin/callbackURL', '', 'QR Payment', NULL, 'gopal jack pay', 'TMB', '1234567890', '{\"order_id\":\"TR202508161817181677\",\"amount\":\"10088\",\"ref_account\":\"1234567890\",\"ref_bank_code\":\"011\",\"ref_name_th\":null,\"ref_name_en\":null,\"ref_user_id\":\"\",\"ref1\":\"\",\"ref2\":\"\",\"callback_url\":\"http:\\/\\/127.0.0.1:8000\\/api\\/r2pDepositNotifiication\"}', '{\"status\":\"CREATED\",\"ref_id\":\"ZVNVHP-1755343025978-20250816181705-bb2316\",\"dest_bank_code\":\"006\",\"dest_bank_acc_no\":\"0675568000829\",\"dest_bank_acc_name\":\"\\u0e40\\u0e1e\\u0e0a\\u0e23\\u0e1a\\u0e39\\u0e23\\u0e13\\u0e4c \\u0e44\\u0e0b\\u0e40\\u0e1a\\u0e2d\\u0e23\\u0e4c \\u0e08\\u0e33\\u0e01\\u0e31\\u0e14\",\"order_id\":\"TR202508161817181677\",\"amount\":10088,\"qr_image\":\"iVBORw0KGgoAAAANSUhEUgAAAXIAAAFyAQAAAADAX2ykAAACb0lEQVR4nO2bTYrjMBCF3xsbspRvkKPIN5gjhb6ZfRQfYMBeBhTeLPTjJNOhpxnHY0HVwkjRt3ggSqoqVSh8x8Yf38IB44033njjjTf+Fc9kLdgveUS2AJa81u+ox\\/iNeS9JmgGMXSMNLgDAjezRSJL0yL9bj\\/Eb80vyUGm+kZephQYXoAHInryrHuPfxjfRV3mZTmL\\/\\/\\/UY\\/w98+zQnAGo8X4nxfOXueox\\/D+8kDQDgFQA\\/N4Kf0uZLCnvrMX5TfiRJdgCwnMR+aYF0Ut9i+LyvHuM34qOLPhUpNZ4DBAToee1o+o3\\/wnLy00hDDq1iplQirXRmS9JwNP3Gf2Exux0AAC6nufH+VYhXrzSnJNj2tzY+728saDRKbhpT30aAC4gf898a+bK\\/6ycghtOa8+ntJfPfmnn2AHiZSja8tMDYpcL0ihxVv\\/EvLd+\\/n5zFTrn07LITm\\/9Wxqf91Yx84cZIGrgb+Rl2\\/9bJlxO5CfQCNP78RXgBwNLlEULmjqbf+L\\/h2eNGYCHhpxb6yA+++iAZr+M99Ri\\/Ff+Y\\/+art\\/xm8XPlfKlflaqVC8ipUXlVsPy3Vj7HVypZ792oRM15avtbG39Xf05h8gysRaxoFj9Xyxf\\/LblubLhKpWd4SfBWf66bX\\/snNbiA1D\\/ZAamSdb5a\\/2Sd\\/EOEPDf3L4U+L6yc+W+tfOmfHNyVgLtSH92NGEnCS7nT7qj6jf\\/cnvvrki0n0c\\/3vRvaR4\\/x2\\/J\\/9E\\/6qQWBGzESEJYurfhhDz3Gv4d3enhVyO\\/75FkxcUqrR9Vv\\/Atb61dYk+CyyXkKy3\\/r5Gn\\/7zbeeOONN9743fnfTl\\/qyH9HhloAAAAASUVORK5CYII=\",\"qr_image_link\":\"https:\\/\\/storage.googleapis.com\\/corp-richpay_richman_qr_data\\/006\\/ZVNVHP-1755343025978-20250816181705-bb2316.png\",\"create_time\":\"2025-08-16T18:17:05.945212+07:00\",\"expire_time\":\"2025-08-16T18:32:05.945212+07:00\"}', NULL, '1', '2', 'https://storage.googleapis.com/corp-richpay_richman_qr_data/006/ZVNVHP-1755343025978-20250816181705-bb2316.png', '127.0.0.1', '2025-08-16 11:17:19', '2025-08-16 11:20:35'),
(15, 'testmerchant005', 'GZTRN1755491310Bfu', 'TR202508181128389201', '1000', '986.5', '13.5', 'RichPay', 'PK travel', 'THB', 'XMMKGT-1755491306305-20250818112826-b68e3c', 'processing', 'http://127.0.0.1:8000/api/r2p/payin/callbackURL', '1', 'QR', '1', 'PK travel', 'SCB', '1234567890', '{\"order_id\":\"TR202508181128389201\",\"amount\":\"1000\",\"ref_account\":\"1234567890\",\"ref_bank_code\":\"014\",\"ref_name_th\":null,\"ref_name_en\":null,\"ref_user_id\":\"\",\"ref1\":\"\",\"ref2\":\"\",\"callback_url\":\"http:\\/\\/127.0.0.1:8000\\/api\\/r2pDepositNotifiication\"}', '{\"status\":\"CREATED\",\"ref_id\":\"XMMKGT-1755491306305-20250818112826-b68e3c\",\"dest_bank_code\":\"006\",\"dest_bank_acc_no\":\"0405560005688\",\"dest_bank_acc_name\":\"\\u0e1a\\u0e08. \\u0e1e\\u0e38\\u0e17\\u0e18\\u0e34\\u0e1e\\u0e31\\u0e0a\\u0e23 \\u0e04\\u0e2d\\u0e23\\u0e4c\\u0e1b\\u0e2d\\u0e23\\u0e4c\\u0e40\\u0e23\\u0e0a\\u0e31\\u0e48\\u0e19\",\"order_id\":\"TR202508181128389201\",\"amount\":1000,\"qr_image\":\"iVBORw0KGgoAAAANSUhEUgAAAXIAAAFyAQAAAADAX2ykAAACjklEQVR4nO2bzY3bMBBG34QCcpQAF+BS6A5SUpCStgOxlO2AOi5A4cuBlCzvIvEuYjsWMHOQIesdPmAwv6JMfMXSty\\/h4LzzzjvvvPPO\\/4m3Zh1mw\\/IomZmdpuXZ6YF6nL8xHyVJGaQMJOuwnzkICJIkXfL31uP8jfiu\\/U4DxBewOM4dUbOJaTYxgUEoD9Lj\\/J35NABMHWZD+Dg8Pb1+5y+s+\\/DP1CFonrX48lg9zt+H7yWNgMZeOgcxAJLKe\\/7eepy\\/Dd9cmAyAgMXXrrRLDd3ZHqnH+dvy1b\\/nOqt0fDOlIaB0LEB\\/WYOfTb\\/zV+w8\\/Eg5iKjqVdWZaexVh6R2+2z6nf8UH1UwO76Zfg1BGiczmMyA2Yh5No2P1OP8jfiWn5MF1ako5rkTfcYALL5u2+nn0+\\/83631V1EAvTAIMnqgbjWmUIw+Y3F8hB7nb8vX+quxL201uZZeYg6b+tu4Z9Pv\\/BVb\\/Ls0VG0JHbRtt7y\\/2itf87NBV8R0KHXXnH4UjL4A0+FiQHo2\\/c5fsTYf1fgtmyFJY7+dlDx+d8mv\\/i20CagvS36u1vKz199d8q3+Kge1JfRyqbfrA4\\/fXfItfmOGdpE2S6zWeOW1D3s2\\/c5fsSV+YZOk19FIUkGj5+e98ktcErTU3+VNYfU54P3VfvklfhfbrDaUWVybPT\\/vlF\\/nXwBCUTIQFEinUIzpULYvCZ9Nv\\/Of4tfVVQ3YNABRb0Zbcvj52J3yl\\/1zqJvo2j9Hradivb\\/aK\\/\\/+fJ1Bh5gOsjRkiOPcienwKD3O35mPGUjHAjHPRrLvIh0Ldvo\\/epz\\/J55z1\\/xhV9VvH3h+3iW\\/OX8FrB+kZOpW4\\/062v27M978+27nnXfeeeedfzj\\/GzdGGfoQsFtQAAAAAElFTkSuQmCC\",\"qr_image_link\":\"https:\\/\\/storage.googleapis.com\\/corp-richpay_richman_qr_data\\/006\\/XMMKGT-1755491306305-20250818112826-b68e3c.png\",\"create_time\":\"2025-08-18T11:28:26.285502+07:00\",\"expire_time\":\"2025-08-18T11:43:26.285502+07:00\"}', NULL, '1', '2', 'https://storage.googleapis.com/corp-richpay_richman_qr_data/006/XMMKGT-1755491306305-20250818112826-b68e3c.png', '127.0.0.1', '2025-08-18 04:28:39', '2025-08-18 04:32:05'),
(16, 'FCmerchant001', 'SA202508-08', 'TR202508191343322930', '120154.00', '118531.921', '1622.079', 'RichPay', 'K.AUMAPORN CHIRAWATNAWICHAN SA4.2.5-6', 'THB', 'VFGJAF-1755585798882-20250819134318-619fa2', 'success', 'http://127.0.0.1:8000/api/r2p/payin/callbackURL', '1', 'QR', NULL, 'dk gupta', 'KTB', '1234567890', '{\"order_id\":\"TR202508191343322930\",\"amount\":\"120154.00\",\"ref_account\":\"1234567890\",\"ref_bank_code\":\"006\",\"ref_name_th\":\"K.AUMAPORN CHIRAWATNAWICHAN SA4.2.5-6\",\"ref_name_en\":\"K.AUMAPORN CHIRAWATNAWICHAN SA4.2.5-6\",\"ref_user_id\":\"\",\"ref1\":\"\",\"ref2\":\"\",\"callback_url\":\"http:\\/\\/127.0.0.1:8000\\/api\\/r2pDepositNotifiication\"}', '{\"status\":\"CREATED\",\"ref_id\":\"VFGJAF-1755585798882-20250819134318-619fa2\",\"dest_bank_code\":\"006\",\"dest_bank_acc_no\":\"0675568000829\",\"dest_bank_acc_name\":\"\\u0e40\\u0e1e\\u0e0a\\u0e23\\u0e1a\\u0e39\\u0e23\\u0e13\\u0e4c \\u0e44\\u0e0b\\u0e40\\u0e1a\\u0e2d\\u0e23\\u0e4c \\u0e08\\u0e33\\u0e01\\u0e31\\u0e14\",\"order_id\":\"TR202508191343322930\",\"amount\":120154.36,\"qr_image\":\"iVBORw0KGgoAAAANSUhEUgAAAXIAAAFyAQAAAADAX2ykAAACd0lEQVR4nO2bTY7bMAxGH2sDWTo3yFHkG\\/RIgzlSb2AfJQcoYC8DOPi6EOX8oegM6nHjlFo4ivUWBIiPpCjZxGdG\\/+1TOAQffPDBBx988L\\/jzUcNjDXWjmbWjmYwlrV2RXuCX5hPkqQB6A8nU9dMAJWspZIk6Zb\\/anuCX4iv\\/XfcQ\\/oBlo41BiCYECMYVNNK9gT\\/tbzeD5I6Ssxu\\/7E9wf8dXz+8GQ2SwFJHVvKa9gS\\/LF\\/82wgYgTTsod\\/\\/rOnNo\\/J1C+TZ7A\\/+Q3xvZmZ7sJZKpONOpAGAcw7U69oT\\/EJ81u+1QpuTCU6m\\/nAy3a49n\\/3Bf4Q3s5oiU98V2dux5rInXtWe4JfiybvbrpnyJhgaSdJEnnWNl9POPZv9wf9hePOimZCGypscUGZJ0uUR\\/t0aP+u3SLejcsHmWTPh3g\\/\\/bpAv+gWkwR+kPKtEGqqs7tDvJnnXpTRBknch1WXBTpTEHP7dKH8Tn+eRE+5QRAxV5N9t8nN9NYt4KJG6w0Nz9n74d4u89zf61htUYqwmg2ryQ6RxJxjrOD\\/aJl\\/y7wCXIO35d4j6efO8x+c0ACk7VCquldfPsf\\/dLH\\/Vv8oFsyu5lM5cFsK\\/G+SLfufSKjckS0AuVNTPG+Xn86NKgDAw\\/9t\\/H8AP+c+mdewJfln+QabMF+p8Exz59wX4VIpokk5Gvz\\/7g2YCxhp1a9oT\\/EL8ff1cbm3c3oqN\\/vOr8Ho\\/SORbOfuzeSUNod\\/X4K0FoJFfwmLcyd6OO\\/nCs9sf\\/N241FLlLAHvdHg69i8ZYv+7Sf5xm3tJwrldWV0V0eHfrfH39yf9q5TyRtfv1rAn+OCDDz744P8H\\/hfBphzpdt9MnQAAAABJRU5ErkJggg==\",\"qr_image_link\":\"https:\\/\\/storage.googleapis.com\\/corp-richpay_richman_qr_data\\/006\\/VFGJAF-1755585798882-20250819134318-619fa2.png\",\"create_time\":\"2025-08-19T13:43:18.816527+07:00\",\"expire_time\":\"2025-08-19T13:58:18.816527+07:00\"}', NULL, '1', '1', 'https://storage.googleapis.com/corp-richpay_richman_qr_data/006/VFGJAF-1755585798882-20250819134318-619fa2.png', '127.0.0.1', '2025-08-19 06:43:33', '2025-08-19 06:43:33'),
(17, 'FCmerchant001', 'SA202508-08', 'TR202508191744231252', '120154.00', '118531.921', '1622.079', 'RichPay', 'K.AUMAPORN CHIRAWATNAWICHAN SA4.2.5-6', 'THB', 'YDYHQF-1755600249022-20250819174408-b4b565', 'processing', 'http://127.0.0.1:8000/api/r2p/payin/callbackURL', '1', 'QR', NULL, 'Marcho gupta', 'KBANK', '1234567890', '{\"order_id\":\"TR202508191744231252\",\"amount\":\"120154.00\",\"ref_account\":\"1234567890\",\"ref_bank_code\":\"004\",\"ref_name_th\":\"K.AUMAPORN CHIRAWATNAWICHAN SA4.2.5-6\",\"ref_name_en\":\"K.AUMAPORN CHIRAWATNAWICHAN SA4.2.5-6\",\"ref_user_id\":\"\",\"ref1\":\"\",\"ref2\":\"\",\"callback_url\":\"http:\\/\\/127.0.0.1:8000\\/api\\/r2pDepositNotifiication\"}', '{\"status\":\"CREATED\",\"ref_id\":\"YDYHQF-1755600249022-20250819174408-b4b565\",\"dest_bank_code\":\"006\",\"dest_bank_acc_no\":\"0675568000829\",\"dest_bank_acc_name\":\"\\u0e40\\u0e1e\\u0e0a\\u0e23\\u0e1a\\u0e39\\u0e23\\u0e13\\u0e4c \\u0e44\\u0e0b\\u0e40\\u0e1a\\u0e2d\\u0e23\\u0e4c \\u0e08\\u0e33\\u0e01\\u0e31\\u0e14\",\"order_id\":\"TR202508191744231252\",\"amount\":120154,\"qr_image\":\"iVBORw0KGgoAAAANSUhEUgAAAXIAAAFyAQAAAADAX2ykAAACc0lEQVR4nO2bTW7bMBBG35QCvJSBHCBHoW7WM+UG0lF8A2kZQMbXBYe27LQBAshu2A4Xsky9xQCDb\\/4omfjKmn58CYfggw8++OCDD\\/5PvPnqgKXDhsXMhsUMlvpseKI9we\\/MZ0nSDEyvKxr7FSDJBpIkSbf8o+0Jfie+89\\/lCPkNLJ8MTQMIVsQCBml9kj3B78t3d\\/81vQoDyoX89lx7gn80v5iVgJyvUflv2hP8HnwvaQTIcxLT8WxM5uKWtN7zj7Yn+F35yczMjmADYD9PB5FnAM6lfH6uPcHvxBeJbuNw\\/27Qv5um13fT7bPvZ3\\/wn6\\/iX4O0VokmGSRZPnW1dF5eon5uk2dTS5WCqpc84faSxpqYSxc8fjf7g\\/98eXyejjOwvKxiMYAkWAzyDJYFlsdn2BP8vnzV71zvILlgR5J8ktWvod82+eo3kshz8iFlcffse9CvPsIM\\/zbGu381g6femTJ\\/llQn0Vnh30b5qt9el4YXvNyaq4ghKfzbJF+z7ibNrriI8dDs3g\\/\\/Nst7B3TqYLKDzI5JNpS9g2DpbvlH2xP8XnzNvze51vPvHPVz8\\/xNf1QcKl3vSv18mX6Ef1vjL\\/XVRbrU+nm8y8nh3wb5zXyytr4elbdv5UT93Cp\\/yb++yt5YR8\\/XQ\\/7Qb5P8R5nO9YU6b4Ij\\/7bM38bndNGvp96rk0O\\/TfKb+tlnzfhlK+yYP\\/8rvEbOppGzmR3P5pU0PgL5\\/vYHf7vu348tZ730M5bfDoLlIMung+L8t0n+Y\\/69jK5KuyT\\/kiHyb5P8b+tnP0nqpe1e+LdB\\/v79Sf8qpe5ou\\/cMe4IPPvjggw\\/+f+B\\/ASoURvzjjwv9AAAAAElFTkSuQmCC\",\"qr_image_link\":\"https:\\/\\/storage.googleapis.com\\/corp-richpay_richman_qr_data\\/006\\/YDYHQF-1755600249022-20250819174408-b4b565.png\",\"create_time\":\"2025-08-19T17:44:08.982302+07:00\",\"expire_time\":\"2025-08-19T17:59:08.982302+07:00\"}', NULL, '1', '1', 'https://storage.googleapis.com/corp-richpay_richman_qr_data/006/YDYHQF-1755600249022-20250819174408-b4b565.png', '127.0.0.1', '2025-08-19 10:44:24', '2025-08-22 03:12:56'),
(18, 'testmerchant005', 'GZTRN1755660750u67', 'TR202508201032312293', '1000', '986.5', '13.5', 'RichPay', 'ddddd', 'THB', 'RWGBXZ-1755660750572-20250820103230-147690', 'processing', 'http://127.0.0.1:8000/api/r2p/payin/callbackURL', '1', 'QR', NULL, 'ddddd', 'KTB', '1234567890', '{\"order_id\":\"TR202508201032312293\",\"amount\":\"1000\",\"ref_account\":\"1234567890\",\"ref_bank_code\":\"KTB\",\"ref_name_th\":null,\"ref_name_en\":null,\"ref_user_id\":\"\",\"ref1\":\"\",\"ref2\":\"\",\"callback_url\":\"http:\\/\\/127.0.0.1:8000\\/api\\/r2pDepositNotifiication\"}', '{\"status\":\"CREATED\",\"ref_id\":\"RWGBXZ-1755660750572-20250820103230-147690\",\"dest_bank_code\":\"006\",\"dest_bank_acc_no\":\"0675568000829\",\"dest_bank_acc_name\":\"\\u0e40\\u0e1e\\u0e0a\\u0e23\\u0e1a\\u0e39\\u0e23\\u0e13\\u0e4c \\u0e44\\u0e0b\\u0e40\\u0e1a\\u0e2d\\u0e23\\u0e4c \\u0e08\\u0e33\\u0e01\\u0e31\\u0e14\",\"order_id\":\"TR202508201032312293\",\"amount\":1000,\"qr_image\":\"iVBORw0KGgoAAAANSUhEUgAAAXIAAAFyAQAAAADAX2ykAAACc0lEQVR4nO2bQW7bMBBF31QCsqRu4KPQN+iRitxMOkoOUEBcGqDxuyApx0mKJoirmulwIVjiWwxAfHLmD23iI2P59iEcnHfeeeedd9753\\/FWx4gdARYzgzQCqc0dd4zH+RvzUZK0AnA2+7EOMjtkgEGSpGv+b8fj\\/I351BS6TINYDhnNqcrZzMa943H+Nvz46ksas0jG24XTvcXv\\/Md4zYDZQSLqZP88Huc\\/xzf9BgEJ6oqmMVucB0HiSsn3Fr\\/z7+IXMzObgLi2B+X8PZf0ed94nL8Rj16OFSBkILya03xv8Tv\\/Ht5sep4ma04Pkp6qfou6jzvG4\\/yteGpxG3IpgonK9Vtch\\/L6TMmu3874uj\\/PgLQOJZUqr3PI9aGVaoH4+nbGb\\/nzz9EIGS3fVyzqPFqZTCMW59y4e4vf+T+My16sGeomDbRM+mrPdv32zJezNplpZpAep\\/pdc3qQHXePx\\/nP802XIVMSKqCtdMgVmVv25frtjd\\/850FGOBkw1GUt\\/UGAuOL9oz75rT6qSXT7NbScungeg9dHXfNxPRsEibiem5cRVE\\/dZdo7HudvxF8pdG2lr5RLOdwKY\\/z87ZPf\\/OdMLYNWuLhWBfH8qlu+nb9s1lW42JUt0Yp+\\/vbKv+wfVX8j1P25vbr\\/3DV\\/uT+pOZmV1pFNUIqk+OT9o775WJIsqLcmW2uh7NTLNHj92ye\\/+c9U\\/6pc3WBrDQLuP38dXo8Xraax9hcWe3D9fhU+ZCSdjOUglXaDdPLzt2+++ZN25GyU\\/fmp+s92TK7fTvmt\\/gW2IrhNXEwOr3875YtEL8t69a+F5nnsGI\\/zzjvvvPPO\\/w\\/8L5zF5wlxGTFnAAAAAElFTkSuQmCC\",\"qr_image_link\":\"https:\\/\\/storage.googleapis.com\\/corp-richpay_richman_qr_data\\/006\\/RWGBXZ-1755660750572-20250820103230-147690.png\",\"create_time\":\"2025-08-20T10:32:30.537570+07:00\",\"expire_time\":\"2025-08-20T10:47:30.537570+07:00\"}', NULL, '1', '2', 'https://storage.googleapis.com/corp-richpay_richman_qr_data/006/RWGBXZ-1755660750572-20250820103230-147690.png', '127.0.0.1', '2025-08-20 03:32:32', '2025-08-20 03:35:21'),
(19, 'testmerchant005', 'GZTRN1755931599mnV', 'TR202508231346452518', '1000', '986.5', '13.5', 'RichPay', 'gopal jack pay', 'THB', 'NJQKIB-1755931601286-20250823134641-98d5e1', 'processing', 'http://127.0.0.1:8000/api/r2p/payin/callbackURL', '1', 'QR', NULL, 'gopal jack pay', 'KBANK', '1234567890', '{\"order_id\":\"TR202508231346452518\",\"amount\":\"1000\",\"ref_account\":\"1234567890\",\"ref_bank_code\":\"004\",\"ref_name_th\":null,\"ref_name_en\":null,\"ref_user_id\":\"\",\"ref1\":\"\",\"ref2\":\"\",\"callback_url\":\"http:\\/\\/127.0.0.1:8000\\/api\\/r2pDepositNotifiication\"}', '{\"status\":\"CREATED\",\"ref_id\":\"NJQKIB-1755931601286-20250823134641-98d5e1\",\"dest_bank_code\":\"006\",\"dest_bank_acc_no\":\"0675568000829\",\"dest_bank_acc_name\":\"\\u0e40\\u0e1e\\u0e0a\\u0e23\\u0e1a\\u0e39\\u0e23\\u0e13\\u0e4c \\u0e44\\u0e0b\\u0e40\\u0e1a\\u0e2d\\u0e23\\u0e4c \\u0e08\\u0e33\\u0e01\\u0e31\\u0e14\",\"order_id\":\"TR202508231346452518\",\"amount\":1000,\"qr_image\":\"iVBORw0KGgoAAAANSUhEUgAAAXIAAAFyAQAAAADAX2ykAAACc0lEQVR4nO2bQW7bMBBF31QCsqRu4KPQN+iRitxMOkoOUEBcGqDxuyApx0mKJoirmulwIVjiWwxAfHLmD23iI2P59iEcnHfeeeedd9753\\/FWx4gdARYzgzQCqc0dd4zH+RvzUZK0AnA2+7EOMjtkgEGSpGv+b8fj\\/I351BS6TINYDhnNqcrZzMa943H+Nvz46ksas0jG24XTvcXv\\/Md4zYDZQSLqZP88Huc\\/xzf9BgEJ6oqmMVucB0HiSsn3Fr\\/z7+IXMzObgLi2B+X8PZf0ed94nL8Rj16OFSBkILya03xv8Tv\\/Ht5sep4ma04Pkp6qfou6jzvG4\\/yteGpxG3IpgonK9Vtch\\/L6TMmu3874uj\\/PgLQOJZUqr3PI9aGVaoH4+nbGb\\/nzz9EIGS3fVyzqPFqZTCMW59y4e4vf+T+My16sGeomDbRM+mrPdv32zJezNplpZpAep\\/pdc3qQHXePx\\/nP802XIVMSKqCtdMgVmVv25frtjd\\/850FGOBkw1GUt\\/UGAuOL9oz75rT6qSXT7NbScungeg9dHXfNxPRsEibiem5cRVE\\/dZdo7HudvxF8pdG2lr5RLOdwKY\\/z87ZPf\\/OdMLYNWuLhWBfH8qlu+nb9s1lW42JUt0Yp+\\/vbKv+wfVX8j1P25vbr\\/3DV\\/uT+pOZmV1pFNUIqk+OT9o775WJIsqLcmW2uh7NTLNHj92ye\\/+c9U\\/6pc3WBrDQLuP38dXo8Xraax9hcWe3D9fhU+ZCSdjOUglXaDdPLzt2+++ZN25GyU\\/fmp+s92TK7fTvmt\\/gW2IrhNXEwOr3875YtEL8t69a+F5nnsGI\\/zzjvvvPPO\\/w\\/8L5zF5wlxGTFnAAAAAElFTkSuQmCC\",\"qr_image_link\":\"https:\\/\\/storage.googleapis.com\\/corp-richpay_richman_qr_data\\/006\\/NJQKIB-1755931601286-20250823134641-98d5e1.png\",\"create_time\":\"2025-08-23T13:46:41.262791+07:00\",\"expire_time\":\"2025-08-23T14:01:41.262791+07:00\"}', NULL, '1', '2', 'https://storage.googleapis.com/corp-richpay_richman_qr_data/006/NJQKIB-1755931601286-20250823134641-98d5e1.png', '127.0.0.1', '2025-08-23 06:46:46', '2025-08-23 06:49:33'),
(20, 'testmerchant005', 'GZTRN1757056371t68', 'TR202509051412556622', '100', '99', '1', 'Ipint Crypto', 'gopal', 'USD', 'T5RgWd9ikVcpXRaomFC6HpH9SuhuV4EjN', 'pending', 'http://127.0.0.1:8000/api/ip/depositResponse', '4', 'QR', NULL, NULL, NULL, NULL, '{\"client_email_id\":\"dilipkumargupta631@gmail.com\",\"amount\":\"100\",\"client_preferred_fiat_currency\":\"USD\",\"merchant_id\":\"iPintM1732780243249\",\"merchant_website\":\"http:\\/\\/127.0.0.1:8000\\/ipint\\/deposit\\/gatewayResponse\",\"invoice_callback_url\":\"http:\\/\\/127.0.0.1:8000\\/api\\/ipintDeposit\\/WebhookNotifiication\"}', '{\"session_id\":\"T5RgWd9ikVcpXRaomFC6HpH9SuhuV4EjN\",\"payment_process_url\":\"https:\\/\\/ipint.io\\/checkout?id=T5RgWd9ikVcpXRaomFC6HpH9SuhuV4EjN\"}', NULL, '9', '2', 'https://ipint.io/checkout?id=T5RgWd9ikVcpXRaomFC6HpH9SuhuV4EjN', '127.0.0.1', '2025-09-05 07:12:55', '2025-09-05 07:12:55'),
(21, 'testmerchant005', 'GZTRN1757057416Lkk', 'TR202509051430214269', '0.00887636', '990', '10', 'Ipint Crypto', 'gopal', 'BTC', 'NCeJ482Zzq4BbPKm4AYaPkNjgCsFPVLsD', 'failed', 'http://127.0.0.1:8000/api/ip/depositResponse', '4', 'QR', NULL, NULL, NULL, NULL, '{\"client_email_id\":\"dilipkumargupta631@gmail.com\",\"amount\":\"1000\",\"client_preferred_fiat_currency\":\"USD\",\"merchant_id\":\"iPintM1732780243249\",\"merchant_website\":\"http:\\/\\/127.0.0.1:8000\\/ipint\\/deposit\\/gatewayResponse\",\"invoice_callback_url\":\"http:\\/\\/127.0.0.1:8000\\/api\\/ipintDeposit\\/WebhookNotifiication\"}', '{\"session_id\":\"NCeJ482Zzq4BbPKm4AYaPkNjgCsFPVLsD\",\"payment_process_url\":\"https:\\/\\/ipint.io\\/checkout?id=NCeJ482Zzq4BbPKm4AYaPkNjgCsFPVLsD\"}', '{\"invoice_id\":\"NCeJ482Zzq4BbPKm4AYaPkNjgCsFPVLsD\",\"status\":\"FAILED\"}', '9', '2', 'https://ipint.io/checkout?id=NCeJ482Zzq4BbPKm4AYaPkNjgCsFPVLsD', '127.0.0.1', '2025-09-05 07:30:21', '2025-09-05 07:47:16'),
(22, 'testmerchant005', 'GZTRN1757067338VGs', 'TR202509051715535773', '8.85034314', '990', '10', 'Ipint Crypto', 'gopal jack pay', 'LTC', 'CZWbJVQZZUGP9GG6g5FHV4TUu2ApVDjKA', 'success', 'http://127.0.0.1:8000/api/ip/depositResponse', '4', 'QR', NULL, NULL, NULL, NULL, '{\"client_email_id\":\"dilipkumargupta631@gmail.com\",\"amount\":\"1000\",\"client_preferred_fiat_currency\":\"USD\",\"merchant_id\":\"iPintM1732780243249\",\"merchant_website\":\"http:\\/\\/127.0.0.1:8000\\/ipint\\/deposit\\/gatewayResponse\",\"invoice_callback_url\":\"http:\\/\\/127.0.0.1:8000\\/api\\/ipintDeposit\\/WebhookNotifiication\"}', '{\"session_id\":\"CZWbJVQZZUGP9GG6g5FHV4TUu2ApVDjKA\",\"payment_process_url\":\"https:\\/\\/ipint.io\\/checkout?id=CZWbJVQZZUGP9GG6g5FHV4TUu2ApVDjKA\"}', '{\"data\":{\"invoice_id\":\"CZWbJVQZZUGP9GG6g5FHV4TUu2ApVDjKA\",\"invoice_creation_time\":\"1757067341\",\"transaction_status\":\"CHECKING\",\"transaction_hash\":\"\",\"transaction_onclick\":\"\",\"transaction_time\":\"\",\"transaction_crypto\":\"LTC\",\"invoice_crypto_amount\":\"8.85034314\",\"invoice_amount_in_usd\":\"1000.0\",\"invoice_amount_in_local_currency\":\"1000.0\",\"local_currency_code\":\"USD\",\"received_crypto_amount\":\"\",\"received_amount_in_usd\":\"\",\"received_amount_in_local_currency\":\"\",\"exception\":\"\",\"wallet_address\":\"LMa7wPSHMrYrbEQrf5sjjWvp5GsvCsovbH\",\"blockchain_transaction_status\":\"\",\"blockchain_confirmations\":\"\",\"depositor_email_id\":\"\",\"psp_reference_id\":\"\"},\"user_data\":{\"company_name\":\"ipintPay2rax\",\"website\":\"#\",\"depositor_id\":\"dilipkumargupta631@gmail.com\",\"email_id\":\"dilipkumargupta631@gmail.com\"}}', '9', '2', 'https://ipint.io/checkout?id=CZWbJVQZZUGP9GG6g5FHV4TUu2ApVDjKA', '127.0.0.1', '2025-09-05 10:15:54', '2025-09-05 10:16:07');
INSERT INTO `deposit_transactions` (`id`, `merchant_code`, `reference_id`, `systemgenerated_TransId`, `amount`, `net_amount`, `mdr_fee_amount`, `gateway_name`, `customer_name`, `Currency`, `gateway_TransId`, `payment_status`, `callback_url`, `payment_channel`, `payment_method`, `product_id`, `bank_account_name`, `bank_code`, `bank_account_number`, `request_data`, `payin_arr`, `response_data`, `agent_id`, `merchant_id`, `receipt_url`, `ip_address`, `created_at`, `updated_at`) VALUES
(23, 'testmerchant005', 'GZTRN1757647977Xj8', 'TR202509121033136003', '100', '99', '1', 'Ipint Crypto', 'gopal', 'USD', 'KS1Nu4ENwh4JgG92du5wGK7aYPncCc2LE', 'pending', 'http://127.0.0.1:8000/api/ip/depositResponse', '4', 'QR', NULL, NULL, NULL, NULL, '{\"client_email_id\":\"dilipkumargupta631@gmail.com\",\"amount\":\"100\",\"client_preferred_fiat_currency\":\"USD\",\"merchant_id\":\"iPintM1732780243249\",\"merchant_website\":\"http:\\/\\/127.0.0.1:8000\\/ipint\\/deposit\\/gatewayResponse\",\"invoice_callback_url\":\"http:\\/\\/127.0.0.1:8000\\/api\\/ipintDeposit\\/WebhookNotifiication\"}', '{\"session_id\":\"KS1Nu4ENwh4JgG92du5wGK7aYPncCc2LE\",\"payment_process_url\":\"https:\\/\\/ipint.io\\/checkout?id=KS1Nu4ENwh4JgG92du5wGK7aYPncCc2LE\"}', NULL, '9', '2', 'https://ipint.io/checkout?id=KS1Nu4ENwh4JgG92du5wGK7aYPncCc2LE', '127.0.0.1', '2025-09-12 03:33:15', '2025-09-12 03:33:15'),
(24, 'testmerchant005', 'GZTRN1757733786fE7', 'TR202509131023165961', '100', '98.65', '1.35', 'RichPay', 'gopal jack pay', 'THB', 'HBZDTH-1757733796633-20250913102316-700b11', 'success', 'http://127.0.0.1:8000/api/r2p/payin/callbackURL', '1', 'QR', NULL, 'gopal jack pay', 'KBANK', '1234567890', '{\"order_id\":\"TR202509131023165961\",\"amount\":\"100\",\"ref_account\":\"1234567890\",\"ref_bank_code\":\"004\",\"ref_name_th\":null,\"ref_name_en\":null,\"ref_user_id\":\"\",\"ref1\":\"\",\"ref2\":\"\",\"callback_url\":\"http:\\/\\/127.0.0.1:8000\\/api\\/r2pDepositNotifiication\"}', '{\"status\":\"CREATED\",\"ref_id\":\"HBZDTH-1757733796633-20250913102316-700b11\",\"dest_bank_code\":\"006\",\"dest_bank_acc_no\":\"0315568001658\",\"dest_bank_acc_name\":\"\\u0e1a\\u0e23\\u0e34\\u0e29\\u0e31\\u0e17 \\u0e2a\\u0e21\\u0e32\\u0e23\\u0e4c\\u0e17 \\u0e21\\u0e32\\u0e40\\u0e01\\u0e47\\u0e15\\u0e15\\u0e34\\u0e49\\u0e07 \\u0e08\\u0e33\\u0e01\\u0e31\\u0e14\",\"order_id\":\"TR202509131023165961\",\"amount\":100,\"qr_image\":\"iVBORw0KGgoAAAANSUhEUgAAAXIAAAFyAQAAAADAX2ykAAACkElEQVR4nO2bTYrjMBCFvxoZslQgB8hRlBv0kYY5Ut\\/APkoOMGAvAzJvFpI6zgxN0+CYeCht4p8P86CoUulJMfGdMfz4Fg7OO++888477\\/xnvNXRlSsG6zA7gl2m9u6yoR7n1+K78pN6gOmEYO4sjSeAuRNTyADYNnqcfw4\\/tQwdjqA+ZqSxvjOzbms9zj+JT9cOuzzv+86\\/BD8bw\\/GJ33d+Wz5K6gGGcwYIAoLsAkjKW+txfh2+TqxDaZ8Clq4HGdMpW7p2GZhtSz3Or8uX+C5Mypq\\/IKbZID4amK+m3\\/kvhiQJYoY0BqmPD7cagwqSJKl\\/Nf3OfzFq8Epoa1RbaIE0Asnju1e+u18aHMRwzmg434z0Dq2Jnjtto8f5dfmSv6VDrml6758pJofX5\\/3yH\\/W5xbIvj4PaFV6fd8wv+ytiRn0JbVjktDQGj++u+dJfTQfZzxEg3szMDio7SZd4s0f+2XqcX4nvljdxRJAhXQ+y9H40MZ2A6Yj3V7vka3\\/Vt4aq9FdpBPVRZc2k\\/s69mn7nvxht\\/q2TcG2y4kPP5f3zbvkWX4KqlzHWDYXlrkJsnZbHd2f8gz+pXKuymn+1cLe8Pu+RX8S3GpJqi6R7\\/iZ5\\/u6aLytcosRwBPs5zmaXqavWxoed9ar6nf9slPVRW92GrOEtyIi503AWxnTKuP+8d77aVEDd0A+CqaNMzMXk2FKP8yvz7fykXaaD9MvMIN6Mwcxakd5Sj\\/Pr8N0\\/T+JvA0K2dO3KwWgbLGSvz\\/8Fr346qKRuGaVI3\\/z\\/C\\/vkW\\/5GARNYGk9oeAOGs2A4BgTzVnqcX5f\\/8K+AYmJpeUhnYUe7v7FH\\/u\\/zk6pr3Vx2ktrtB\\/Bq+p133nnnnXd+j\\/wf0K7KhzwjeqAAAAAASUVORK5CYII=\",\"qr_image_link\":\"https:\\/\\/storage.googleapis.com\\/corp-richpay_richman_qr_data\\/006\\/HBZDTH-1757733796633-20250913102316-700b11.png\",\"create_time\":\"2025-09-13T10:23:16.608957+07:00\",\"expire_time\":\"2025-09-13T10:38:16.608957+07:00\"}', NULL, '9', '2', 'https://storage.googleapis.com/corp-richpay_richman_qr_data/006/HBZDTH-1757733796633-20250913102316-700b11.png', '127.0.0.1', '2025-09-13 03:23:18', '2025-09-13 03:25:50'),
(25, 'testmerchant005', 'GZTRN1757749235Ka1', 'TR202509131440391106', '100.0', '99', '1', 'Ipint Crypto', 'gopal', 'USDT', 'gVQsg3bByAMZfAhNa3DkHZ6MoHt8cDLR1', 'pending', 'http://127.0.0.1:8000/api/ip/depositResponse', '4', 'QR', NULL, NULL, NULL, NULL, '{\"client_email_id\":\"dilipkumargupta631@gmail.com\",\"amount\":\"100\",\"client_preferred_fiat_currency\":\"USD\",\"merchant_id\":\"iPintM1732780243249\",\"merchant_website\":\"http:\\/\\/127.0.0.1:8000\\/ipint\\/deposit\\/gatewayResponse\",\"invoice_callback_url\":\"http:\\/\\/127.0.0.1:8000\\/api\\/ipintDeposit\\/WebhookNotifiication\"}', '{\"session_id\":\"gVQsg3bByAMZfAhNa3DkHZ6MoHt8cDLR1\",\"payment_process_url\":\"https:\\/\\/ipint.io\\/checkout?id=gVQsg3bByAMZfAhNa3DkHZ6MoHt8cDLR1\"}', '{\"data\":{\"invoice_id\":\"gVQsg3bByAMZfAhNa3DkHZ6MoHt8cDLR1\",\"invoice_creation_time\":\"1757749247\",\"transaction_status\":\"CHECKING\",\"transaction_hash\":\"\",\"transaction_onclick\":\"\",\"transaction_time\":\"\",\"transaction_crypto\":\"USDT\",\"invoice_crypto_amount\":\"100.0\",\"invoice_amount_in_usd\":\"100.0\",\"invoice_amount_in_local_currency\":\"100.0\",\"local_currency_code\":\"USD\",\"received_crypto_amount\":\"\",\"received_amount_in_usd\":\"\",\"received_amount_in_local_currency\":\"\",\"exception\":\"\",\"wallet_address\":\"TDkvjhHsMmbKUYjcPdsgEtWwJmueDgom8f\",\"blockchain_transaction_status\":\"\",\"blockchain_confirmations\":\"\",\"depositor_email_id\":\"\",\"psp_reference_id\":\"\"},\"user_data\":{\"company_name\":\"ipintPay2rax\",\"website\":\"#\",\"depositor_id\":\"dilipkumargupta631@gmail.com\",\"email_id\":\"dilipkumargupta631@gmail.com\"}}', '9', '2', 'https://ipint.io/checkout?id=gVQsg3bByAMZfAhNa3DkHZ6MoHt8cDLR1', '127.0.0.1', '2025-09-13 07:40:41', '2025-09-13 07:42:43'),
(26, 'testmerchant005', 'GZTRN1758264113qZl', 'TR202509191342009746', '1008', '994.392', '13.608', 'RichPay', 'gopal jack pay', 'THB', 'AGQBIF-1758264118461-20250919134158-e78b68', 'processing', 'http://127.0.0.1:8000/api/r2p/payin/callbackURL', '1', 'QR', NULL, 'gopal jack pay', 'KBANK', '1234567890', '{\"order_id\":\"TR202509191342009746\",\"amount\":\"1008\",\"ref_account\":\"1234567890\",\"ref_bank_code\":\"004\",\"ref_name_th\":null,\"ref_name_en\":null,\"ref_user_id\":\"\",\"ref1\":\"\",\"ref2\":\"\",\"callback_url\":\"http:\\/\\/127.0.0.1:8000\\/api\\/r2pDepositNotifiication\"}', '{\"status\":\"CREATED\",\"ref_id\":\"AGQBIF-1758264118461-20250919134158-e78b68\",\"dest_bank_code\":\"006\",\"dest_bank_acc_no\":\"0315568001658\",\"dest_bank_acc_name\":\"\\u0e1a\\u0e23\\u0e34\\u0e29\\u0e31\\u0e17 \\u0e2a\\u0e21\\u0e32\\u0e23\\u0e4c\\u0e17 \\u0e21\\u0e32\\u0e40\\u0e01\\u0e47\\u0e15\\u0e15\\u0e34\\u0e49\\u0e07   \\u0e08\\u0e33\\u0e01\\u0e31\\u0e14\",\"order_id\":\"TR202509191342009746\",\"amount\":1008,\"qr_image\":\"iVBORw0KGgoAAAANSUhEUgAAAXIAAAFyAQAAAADAX2ykAAACiUlEQVR4nO2azY3bMBCF34QEdKSALcCl0B2kpEVK2g7EUlyAAfEogMLLgaQsaZFkF9EqZjBzsE3rOwzwMJwfjRCfsfDtUzigvPLKK6+88sr\\/ipdiFkC0AKKIXDGLXGN9dj3RH+UP5j1JcgQQLgmASyhKw5AkueW\\/2h\\/lD+ZjiVB5HWdBEAsOrqhaAvtUf5Q\\/hre7M0M\\/FlUBk073R\\/lj+b2+AADxBMQPsxDxXH+UP5ZHTq4l\\/5qchDm4Grl+rPnXk+TwbP4r\\/yE+iIhID8gVhvJ66wg\\/GgKYc\\/l8rj\\/KH8Tn+3k9pHSTAG4Shssk3D57Pv+V\\/71lfQUwSVZ\\/xxeKv9laZMWXel8\\/m\\/\\/K\\/8EeyRWepfXNnTAcycGRHCqn+bc1vuq2LagWVavwWl81ypf72Y9zTrQSegMAsyXcCIT+bhH6u+U5\\/ih\\/LF\\/v59FsPwByOcIlaPw2yS\\/5N4FkQs61g1v\\/yolZ9W2Rr\\/1R7CGAIQCTxN865nLa3zpKEFOOT+e\\/8h\\/iwyWBg5ukHifh4EiR\\/Cvt+K\\/2R\\/mD+NX8WYCO4jkL\\/FtH8SNAxI5AtNr\\/tslXfaPN9TMBQ5TRFYDwfRLA3UXr5yb5TX01Pt7llya4lNPa\\/7bK1\\/kGsF7iAJaXSK4W1jq\\/apFfxS\\/8iDKwejwoZjR+2+RLXC6WA3aoo+ed3Kpva\\/z7MN0kXM2\\/jfP7\\/Y0av3WJchFZ47dJfpk\\/A3VhA+utnGw6f\\/5f+Fwr\\/7hMItLPsp5E\\/xN\\/lP87fr8\\/KQCQ58\\/+rSMQO5bjcIY\\/yh\\/LV30dgbwL6+6W4ZJAxFngOQtCb6Dzqyb5d\\/UzgG0nvK6pNf+2xu\\/3J7n9rjPppPGrvPLKK6+88sfxPwFzVgKNMazwQAAAAABJRU5ErkJggg==\",\"qr_image_link\":\"https:\\/\\/storage.googleapis.com\\/corp-richpay_richman_qr_data\\/006\\/AGQBIF-1758264118461-20250919134158-e78b68.png\",\"create_time\":\"2025-09-19T13:41:58.426306+07:00\",\"expire_time\":\"2025-09-19T13:56:58.426306+07:00\"}', NULL, '9', '2', 'https://storage.googleapis.com/corp-richpay_richman_qr_data/006/AGQBIF-1758264118461-20250919134158-e78b68.png', '127.0.0.1', '2025-09-19 06:42:01', '2025-09-19 06:45:27'),
(27, 'testmerchant005', 'GZTRN1758273062RcC', 'TR202509191611118305', '1000', '986.5', '13.5', 'RichPay', 'PK travel', 'THB', 'QTHKXH-1758273068778-20250919161108-d7749e', 'processing', 'http://127.0.0.1:8000/api/r2p/payin/callbackURL', '1', 'QR', NULL, 'PK travel', 'KBANK', '1234567890', '{\"order_id\":\"TR202509191611118305\",\"amount\":\"1000\",\"ref_account\":\"1234567890\",\"ref_bank_code\":\"004\",\"ref_name_th\":null,\"ref_name_en\":null,\"ref_user_id\":\"\",\"ref1\":\"\",\"ref2\":\"\",\"callback_url\":\"http:\\/\\/127.0.0.1:8000\\/api\\/r2pDepositNotifiication\"}', '{\"status\":\"CREATED\",\"ref_id\":\"QTHKXH-1758273068778-20250919161108-d7749e\",\"dest_bank_code\":\"006\",\"dest_bank_acc_no\":\"0315568001658\",\"dest_bank_acc_name\":\"\\u0e1a\\u0e23\\u0e34\\u0e29\\u0e31\\u0e17 \\u0e2a\\u0e21\\u0e32\\u0e23\\u0e4c\\u0e17 \\u0e21\\u0e32\\u0e40\\u0e01\\u0e47\\u0e15\\u0e15\\u0e34\\u0e49\\u0e07   \\u0e08\\u0e33\\u0e01\\u0e31\\u0e14\",\"order_id\":\"TR202509191611118305\",\"amount\":1000,\"qr_image\":\"iVBORw0KGgoAAAANSUhEUgAAAXIAAAFyAQAAAADAX2ykAAACWklEQVR4nO2bTY7bMAyFHysDXjo3yFHkmwW9mX0U30BaBnDwuhDpnwRtZ1CPJyqohRHb34IA8fRIWhHiM2v88SkccN5555133nnnf8eLrgZAbgBkEenxEOmzvetPjMf5g\\/lIkkwAxusMoJuhmUYgSXLPf3U8zh\\/MZ1Wo3NJDMEoDDp1mVYV9ajzOH8M3T\\/ccL0mzCoT59HicP5Z\\/zi8AQCIBicNDiHxuPM4fy6OYq\\/pvKCbMoTPlxmT+G0lyeLf4nf8QP4qIyAWQHoFym1oipkAAj1I+nxuP8wfxZX\\/eDim7uxC4C8frXbh\\/937xO\\/8RXkQarDKVPreU29Rg2xOfGI\\/zR\\/HmvwnaBA+d3aLTWw7Guf\\/Wxmt+0c1WS6VATS1Qcr5ePL+18abLTpPMAcF+Ff3qOMv1WyWveeOmPwplf7ZfwdTt+a2QX\\/bn5bLqF9YJR3p+K+UtvwhmuKsJw0QMBPffOvmlfl6qKnPdrSd3Xl9Vytt8IwNEFiBOzYw4tZSYACK3BHJj88p3i9\\/5vyyti8sOrPVz0a8W1l4\\/18zv9mdA+6OYwjLpCN7\\/Vswv+gWK\\/5Im2K10Xb+V8nv9apFVdmotrAF4\\/Vwtv5tvkHsTttHkynl+K+NfZLpoVS\\/uv1Xzz+c3yrPFetcku36r5HffBy2\\/m1M5Zfn8+X\\/hS63883oXkctDdJIFQEvsd4\\/f+T\\/z0ucGev5qagmUkxwtpf+WeJz\\/N\\/7Vf5dPv0zQT0fLnxh8f66Nf21zE7Ae17Fn3v9Wyj+fn7QDk8T6gsBsD94tfuedd955552vkf8Fr8xWizSlojAAAAAASUVORK5CYII=\",\"qr_image_link\":\"https:\\/\\/storage.googleapis.com\\/corp-richpay_richman_qr_data\\/006\\/QTHKXH-1758273068778-20250919161108-d7749e.png\",\"create_time\":\"2025-09-19T16:11:08.753003+07:00\",\"expire_time\":\"2025-09-19T16:26:08.753003+07:00\"}', NULL, '9', '2', 'https://storage.googleapis.com/corp-richpay_richman_qr_data/006/QTHKXH-1758273068778-20250919161108-d7749e.png', '127.0.0.1', '2025-09-19 09:11:12', '2025-09-19 09:13:43'),
(28, 'testmerchant005', 'GZTRN1759119447Hfg', 'TR202509291117273829', '155.13', '4950', '50', 'Ipint Crypto', 'dk John Doe', 'USDT', 'FjFbMr8wwHA9S1yKrQYVNgBviptWzP1A3', 'pending', 'http://127.0.0.1:8000/api/ip/depositResponse', '4', 'QR', NULL, NULL, NULL, NULL, '{\"client_email_id\":\"dk@gmail.com\",\"amount\":\"5000\",\"client_preferred_fiat_currency\":\"THB\",\"merchant_id\":\"iPintM1732780243249\",\"merchant_website\":\"http:\\/\\/127.0.0.1:8000\\/ipint\\/deposit\\/gatewayResponse\",\"invoice_callback_url\":\"http:\\/\\/127.0.0.1:8000\\/api\\/ipintDeposit\\/WebhookNotifiication\"}', '{\"session_id\":\"FjFbMr8wwHA9S1yKrQYVNgBviptWzP1A3\",\"payment_process_url\":\"https:\\/\\/ipint.io\\/checkout?id=FjFbMr8wwHA9S1yKrQYVNgBviptWzP1A3\"}', '{\"data\":{\"invoice_id\":\"FjFbMr8wwHA9S1yKrQYVNgBviptWzP1A3\",\"invoice_creation_time\":\"1759119448\",\"transaction_status\":\"CHECKING\",\"transaction_hash\":\"\",\"transaction_onclick\":\"\",\"transaction_time\":\"\",\"transaction_crypto\":\"USDT\",\"invoice_crypto_amount\":\"155.13\",\"invoice_amount_in_usd\":\"155.13\",\"invoice_amount_in_local_currency\":\"4999.84\",\"local_currency_code\":\"THB\",\"received_crypto_amount\":\"\",\"received_amount_in_usd\":\"\",\"received_amount_in_local_currency\":\"\",\"exception\":\"\",\"wallet_address\":\"TGfChPWuEWhgVpKbLVdeFgVK8sXqKNQ2sz\",\"blockchain_transaction_status\":\"\",\"blockchain_confirmations\":\"\",\"depositor_email_id\":\"\",\"psp_reference_id\":\"\"},\"user_data\":{\"company_name\":\"ipintPay2rax\",\"website\":\"#\",\"depositor_id\":\"dk@gmail.com\",\"email_id\":\"dk@gmail.com\"}}', '9', '2', 'https://ipint.io/checkout?id=FjFbMr8wwHA9S1yKrQYVNgBviptWzP1A3', '127.0.0.1', '2025-09-29 04:17:29', '2025-09-29 04:17:43'),
(29, 'testmerchant005', 'GZTRN1760412763dGP', 'TR202510141032557665', '1000', '986.5', '13.5', 'RichPay', 'gopal', 'THB', 'HDLHZZ-1760412765332-20251014103245-5af501', 'processing', 'http://127.0.0.1:8000/api/r2p/payin/callbackURL', '1', 'QR', NULL, 'gopal', 'KBANK', '1234567890', '{\"order_id\":\"TR202510141032557665\",\"amount\":\"1000\",\"ref_account\":\"1234567890\",\"ref_bank_code\":\"004\",\"ref_name_th\":null,\"ref_name_en\":null,\"ref_user_id\":\"\",\"ref1\":\"\",\"ref2\":\"\",\"callback_url\":\"http:\\/\\/127.0.0.1:8000\\/api\\/r2pDepositNotifiication\"}', '{\"status\":\"CREATED\",\"ref_id\":\"HDLHZZ-1760412765332-20251014103245-5af501\",\"dest_bank_code\":\"006\",\"dest_bank_acc_no\":\"0315568001658\",\"dest_bank_acc_name\":\"\\u0e1a\\u0e23\\u0e34\\u0e29\\u0e31\\u0e17 \\u0e2a\\u0e21\\u0e32\\u0e23\\u0e4c\\u0e17 \\u0e21\\u0e32\\u0e40\\u0e01\\u0e47\\u0e15\\u0e15\\u0e34\\u0e49\\u0e07   \\u0e08\\u0e33\\u0e01\\u0e31\\u0e14\",\"order_id\":\"TR202510141032557665\",\"amount\":1000,\"qr_image\":\"iVBORw0KGgoAAAANSUhEUgAAAXIAAAFyAQAAAADAX2ykAAACWklEQVR4nO2bTY7bMAyFHysDXjo3yFHkmwW9mX0U30BaBnDwuhDpnwRtZ1CPJyqohRHb34IA8fRIWhHiM2v88SkccN5555133nnnf8eLrgZAbgBkEenxEOmzvetPjMf5g\\/lIkkwAxusMoJuhmUYgSXLPf3U8zh\\/MZ1Wo3NJDMEoDDp1mVYV9ajzOH8M3T\\/ccL0mzCoT59HicP5Z\\/zi8AQCIBicNDiHxuPM4fy6OYq\\/pvKCbMoTPlxmT+G0lyeLf4nf8QP4qIyAWQHoFym1oipkAAj1I+nxuP8wfxZX\\/eDim7uxC4C8frXbh\\/937xO\\/8RXkQarDKVPreU29Rg2xOfGI\\/zR\\/HmvwnaBA+d3aLTWw7Guf\\/Wxmt+0c1WS6VATS1Qcr5ePL+18abLTpPMAcF+Ff3qOMv1WyWveeOmPwplf7ZfwdTt+a2QX\\/bn5bLqF9YJR3p+K+UtvwhmuKsJw0QMBPffOvmlfl6qKnPdrSd3Xl9Vytt8IwNEFiBOzYw4tZSYACK3BHJj88p3i9\\/5vyyti8sOrPVz0a8W1l4\\/18zv9mdA+6OYwjLpCN7\\/Vswv+gWK\\/5Im2K10Xb+V8nv9apFVdmotrAF4\\/Vwtv5tvkHsTttHkynl+K+NfZLpoVS\\/uv1Xzz+c3yrPFetcku36r5HffBy2\\/m1M5Zfn8+X\\/hS63883oXkctDdJIFQEvsd4\\/f+T\\/z0ucGev5qagmUkxwtpf+WeJz\\/N\\/7Vf5dPv0zQT0fLnxh8f66Nf21zE7Ae17Fn3v9Wyj+fn7QDk8T6gsBsD94tfuedd955552vkf8Fr8xWizSlojAAAAAASUVORK5CYII=\",\"qr_image_link\":\"https:\\/\\/storage.googleapis.com\\/corp-richpay_richman_qr_data\\/006\\/HDLHZZ-1760412765332-20251014103245-5af501.png\",\"create_time\":\"2025-10-14T10:32:45.299867+07:00\",\"expire_time\":\"2025-10-14T10:42:45.299867+07:00\"}', NULL, '9', '2', 'https://storage.googleapis.com/corp-richpay_richman_qr_data/006/HDLHZZ-1760412765332-20251014103245-5af501.png', '127.0.0.1', '2025-10-14 03:32:57', '2025-10-14 03:35:27'),
(30, 'testmerchant005', 'GZTRN1760413186C6y', 'TR202510141039547064', '10000', '9865', '135', 'RichPay', 'gopal jack pay', 'THB', 'RYZEUU-1760413184300-20251014103944-a53e08', 'processing', 'http://127.0.0.1:8000/api/r2p/payin/callbackURL', '1', 'QR', NULL, 'gopal jack pay', 'KBANK', '1234567890', '{\"order_id\":\"TR202510141039547064\",\"amount\":\"10000\",\"ref_account\":\"1234567890\",\"ref_bank_code\":\"004\",\"ref_name_th\":null,\"ref_name_en\":null,\"ref_user_id\":\"\",\"ref1\":\"\",\"ref2\":\"\",\"callback_url\":\"http:\\/\\/127.0.0.1:8000\\/api\\/r2pDepositNotifiication\"}', '{\"status\":\"CREATED\",\"ref_id\":\"RYZEUU-1760413184300-20251014103944-a53e08\",\"dest_bank_code\":\"006\",\"dest_bank_acc_no\":\"0315568001658\",\"dest_bank_acc_name\":\"\\u0e1a\\u0e23\\u0e34\\u0e29\\u0e31\\u0e17 \\u0e2a\\u0e21\\u0e32\\u0e23\\u0e4c\\u0e17 \\u0e21\\u0e32\\u0e40\\u0e01\\u0e47\\u0e15\\u0e15\\u0e34\\u0e49\\u0e07   \\u0e08\\u0e33\\u0e01\\u0e31\\u0e14\",\"order_id\":\"TR202510141039547064\",\"amount\":10000,\"qr_image\":\"iVBORw0KGgoAAAANSUhEUgAAAXIAAAFyAQAAAADAX2ykAAACe0lEQVR4nO2aQW7bMBBF35QCvJSBHCBHoW\\/QIwU9Um4gHcU3oJYBKPwuSCmyg6AIKitlMVzQFPkWAwzImfkeE18Z448v4eC8884777zzzn\\/GWx0djNZhl8nMLsxWVmZmdjnQHud35qMkKQExzaahz8DUAQRJkm75R9vj\\/E58V3+nM8RXMAjZAATCoO4dZI\\/zj+U1MJsGoDzX322P83\\/Hf3BhTE\\/ZosDiMJuYjrXH+cfwvaQBYHzO6Nd5tpppAZLyPf9oe5zfh6\\/3dzQAAhavXbZ4Pcni61M2mO1Ie5zfl0e3Y9nLaOjz\\/amGf81+5\\/8wFq+GWgHFBBoIIiag1EcpuH\\/b5Kt\\/iy\\/7dUX91LAEZvdvk\\/ziX+VyazX0UpE7BijCx\\/vk\\/m2NX97n5a5WJavEX6kqWWskdv82xi8ZVNqG2RKElYKIKQj6jN\\/fJvn7+7tJnQcoK6Lcv43y2\\/yqpM59rle3nJZV8PjbJr9WuEvA1fIgl3D8vnL\\/tsgX\\/apKVFOXGX9mxHSSxURZlYNj7HF+X36TX9Uiqb+Rrjx\\/bptf42\\/YTCWTLq9yCl7\\/NsyX91njGdP4\\/GaCjNG\\/mWDuqHtzp2PscX5f\\/v7+LlXvuzANeP7cLP\\/h\\/6NaJG3lrA3n\\/m2S3\\/RP0mfs5dphLwlKk12UZJcD7XF+Z76ozglg6koTFuN5tiJN1r0D7XF+Z35aO5z7Ra5UCmI0M8bnN+9\\/\\/j94DVNHcbedayd0VaK\\/xR7n9+XtUqYg4vUkmE6yl+vJ42+b\\/NIf2wtqL+xcimAxzUbUbIzngNe\\/TfIfyty1SWc5CBsRy+uj1viqX63fqpNuP7PfX+edd955553fj\\/8NZAdAHHnQatsAAAAASUVORK5CYII=\",\"qr_image_link\":\"https:\\/\\/storage.googleapis.com\\/corp-richpay_richman_qr_data\\/006\\/RYZEUU-1760413184300-20251014103944-a53e08.png\",\"create_time\":\"2025-10-14T10:39:44.261701+07:00\",\"expire_time\":\"2025-10-14T10:49:44.261701+07:00\"}', NULL, '9', '2', 'https://storage.googleapis.com/corp-richpay_richman_qr_data/006/RYZEUU-1760413184300-20251014103944-a53e08.png', '127.0.0.1', '2025-10-14 03:39:55', '2025-10-14 03:42:26'),
(31, 'testmerchant005', 'GZTRN1760776770Jd6', 'TR202510181539336993', '100', '99', '1', 'xprizo', 'DILIP KUMAR GUPTA', 'USD', NULL, 'failed', 'http://127.0.0.1:8000/api/xpz/depositResponse', '3', 'card', NULL, NULL, NULL, NULL, '{\"description\":\"Pass\",\"reference\":\"TR202510181539336993\",\"amount\":\"100\",\"accountId\":\"7493\",\"transferAccountId\":\"7493\",\"customer\":\"DILIP KUMAR GUPTA\",\"creditCard\":{\"name\":\"DILIP KUMAR GUPTA\",\"number\":\"4286090162932659\",\"expiryMonth\":\"01\",\"expiryYear\":\"29\",\"cvv\":\"118\"},\"routingCode\":\"\",\"redirect\":\"http:\\/\\/127.0.0.1:8000\\/xpz\\/deposit\\/gatewayResponse\"}', 'null', NULL, '9', '2', '', '127.0.0.1', '2025-10-18 08:39:35', '2025-10-18 08:39:35'),
(32, 'testmerchant005', 'GZTRN1760777749HNP', 'TR202510181555518508', '100', '99', '1', 'xprizo', 'DILIP KUMAR GUPTA', 'USD', NULL, 'failed', 'http://127.0.0.1:8000/api/xpz/depositResponse', '3', 'card', NULL, NULL, NULL, NULL, '{\"description\":\"Pass\",\"reference\":\"TR202510181555518508\",\"amount\":\"100\",\"accountId\":\"7493\",\"transferAccountId\":\"7493\",\"customer\":\"DILIP KUMAR GUPTA\",\"creditCard\":{\"name\":\"DILIP KUMAR GUPTA\",\"number\":\"4286090162932659\",\"expiryMonth\":\"01\",\"expiryYear\":\"29\",\"cvv\":\"118\"},\"routingCode\":\"\",\"redirect\":\"http:\\/\\/127.0.0.1:8000\\/xpz\\/deposit\\/gatewayResponse\"}', 'null', NULL, '9', '2', '', '127.0.0.1', '2025-10-18 08:55:53', '2025-10-18 08:55:53'),
(33, 'testmerchant005', 'GZTRN1760784648j44', 'TR202510181750533970', '1000', '990', '10', 'xprizo', 'DILIP KUMAR GUPTA', 'USD', NULL, 'failed', 'http://127.0.0.1:8000/api/xpz/depositResponse', '3', 'card', NULL, NULL, NULL, NULL, '{\"description\":\"Pass\",\"reference\":\"TR202510181750533970\",\"amount\":\"1000\",\"accountId\":\"7493\",\"transferAccountId\":\"7493\",\"customer\":\"DILIP KUMAR GUPTA\",\"creditCard\":{\"name\":\"DILIP KUMAR GUPTA\",\"number\":\"5123450000000008\",\"expiryMonth\":\"01\",\"expiryYear\":\"29\",\"cvv\":\"118\"},\"routingCode\":\"KESpay0001\",\"redirect\":\"http:\\/\\/127.0.0.1:8000\\/xpz\\/deposit\\/gatewayResponse\"}', '{\"timestamp\":\"2025-10-18T10:50:54.250004+00:00\",\"statusCode\":500,\"status\":\"InternalServerError\",\"errorCode\":0,\"message\":\"Internal Error, Please report this error, api 18 Oct 2025 10:50 (#638963814542500450).\"}', NULL, '9', '2', 'Internal Error, Please report this error, api 18 Oct 2025 10:50 (#638963814542500450).', '127.0.0.1', '2025-10-18 10:50:58', '2025-10-18 10:50:58'),
(34, 'testmerchant005', 'GZTRN17612102983Un', 'TR202510231605001014', '100', '99', '1', 'xprizo', 'DILIP KUMAR GUPTA', 'USD', NULL, 'failed', 'http://127.0.0.1:9000/api/xpz/depositResponse', '3', 'card', NULL, NULL, NULL, NULL, '{\"description\":\"Pass\",\"reference\":\"TR202510231605001014\",\"amount\":\"100\",\"accountId\":\"7493\",\"transferAccountId\":\"7493\",\"customer\":\"DILIP KUMAR GUPTA\",\"creditCard\":{\"name\":\"DILIP KUMAR GUPTA\",\"number\":\"5123450000000008\",\"expiryMonth\":\"01\",\"expiryYear\":\"29\",\"cvv\":\"118\"},\"routingCode\":\"KESpay0002\",\"redirect\":\"http:\\/\\/127.0.0.1:9000\\/xpz\\/deposit\\/gatewayResponse\"}', '{\"key\":\"DEPQZDWXQNJQ9EY\",\"statusCode\":3,\"status\":\"Rejected\",\"description\":\"err_code:400; error_des: directPay - The card.expiry.year field is required.; status_code: VALIDATION_ERROR; code_message: 400\",\"value\":\"VALIDATION_ERROR: directPay - The card.expiry.year field is required.\",\"reference\":\"TR202510231605001014\"}', NULL, '9', '2', '', '127.0.0.1', '2025-10-23 09:05:04', '2025-10-23 09:05:04'),
(35, 'testmerchant005', 'GZTRN1761210329O4m', 'TR202510231605322076', '100', '99', '1', 'xprizo', 'DILIP KUMAR GUPTA', 'USD', NULL, 'failed', 'http://127.0.0.1:9000/api/xpz/depositResponse', '3', 'card', NULL, NULL, NULL, NULL, '{\"description\":\"Pass\",\"reference\":\"TR202510231605322076\",\"amount\":\"100\",\"accountId\":\"7493\",\"transferAccountId\":\"7493\",\"customer\":\"DILIP KUMAR GUPTA\",\"creditCard\":{\"name\":\"DILIP KUMAR GUPTA\",\"number\":\"5123450000000008\",\"expiryMonth\":\"01\",\"expiryYear\":\"2029\",\"cvv\":\"118\"},\"routingCode\":\"KESpay0002\",\"redirect\":\"http:\\/\\/127.0.0.1:9000\\/xpz\\/deposit\\/gatewayResponse\"}', '{\"key\":\"DEPJ6MWMM4V8W7X\",\"statusCode\":3,\"status\":\"Rejected\",\"description\":\"err_code:400; error_des: Phone number is required!; status_code: VALIDATION_ERROR; code_message: 607\",\"value\":\"VALIDATION_ERROR: Phone number is required!\",\"reference\":\"TR202510231605322076\"}', NULL, '9', '2', '', '127.0.0.1', '2025-10-23 09:05:42', '2025-10-23 09:05:42'),
(36, 'testmerchant005', 'GZTRN1761210419imw', 'TR202510231607017820', '100', '99', '1', 'xprizo', 'DILIP KUMAR GUPTA', 'USD', NULL, 'failed', 'http://127.0.0.1:9000/api/xpz/depositResponse', '3', 'card', NULL, NULL, NULL, NULL, '{\"description\":\"Pass\",\"reference\":\"TR202510231607017820\",\"amount\":\"100\",\"accountId\":\"7493\",\"customerData\":{\"name\":\"DILIP KUMAR GUPTA\",\"email\":\"default@example.com\",\"mobile\":\"+855 69861408\",\"birthDate\":\"2025-02-03T10:21:01.871Z\",\"ipAddress\":\"127.0.0.1\",\"address\":{\"address\":\"poipet\",\"countryCode\":\"KHM\",\"street\":\"poipet\",\"city\":\"poipet\",\"stateProvinceRegion\":\"Battambang Province\",\"zipPostalCode\":\"273154\"},\"device\":{\"width\":\"unknown\",\"height\":\"unknown\",\"userAgent\":\"Mozilla\\/5.0 (Windows NT 10.0; Win64; x64) AppleWebKit\\/537.36 (KHTML, like Gecko) Chrome\\/141.0.0.0 Safari\\/537.36\",\"colorDepth\":\"unknown\"}},\"creditCard\":{\"name\":\"DILIP KUMAR GUPTA\",\"number\":\"5123450000000008\",\"expiryMonth\":\"01\",\"expiryYear\":\"2029\",\"cvv\":\"118\"},\"routingCode\":\"KESpay0002\",\"redirect\":\"http:\\/\\/127.0.0.1:9000\\/xpz\\/deposit\\/gatewayResponse\"}', '{\"key\":\"DEPK8P92PXJ89E3\",\"statusCode\":3,\"status\":\"Rejected\",\"description\":\"err_code:400; error_des: Sorry, This ip address (127.0.0.1) is blocked.; status_code: VALIDATION_ERROR; code_message: 900\",\"value\":\"VALIDATION_ERROR: Sorry, This ip address (127.0.0.1) is blocked.\",\"reference\":\"TR202510231607017820\"}', NULL, '9', '2', '', '127.0.0.1', '2025-10-23 09:07:11', '2025-10-23 09:07:11'),
(37, 'testmerchant005', 'GZTRN17612104803Mh', 'TR202510231608022977', '100', '99', '1', 'xprizo', 'DILIP KUMAR GUPTA', 'USD', NULL, 'failed', 'http://127.0.0.1:9000/api/xpz/depositResponse', '3', 'card', NULL, NULL, NULL, NULL, '{\"description\":\"Success\",\"reference\":\"TR202510231608022977\",\"amount\":\"100\",\"accountId\":\"7493\",\"customerData\":{\"name\":\"DILIP KUMAR GUPTA\",\"email\":\"default@example.com\",\"mobile\":\"+855 69861408\"},\"creditCard\":{\"name\":\"DILIP KUMAR GUPTA\",\"number\":\"5123450000000008\",\"expiryMonth\":\"01\",\"expiryYear\":\"2029\",\"cvv\":\"118\"},\"routingCode\":\"KESpay0002\",\"redirect\":\"http:\\/\\/127.0.0.1:9000\\/xpz\\/deposit\\/gatewayResponse\"}', '{\"key\":\"DEPXZ79N7ZN4WDY\",\"statusCode\":3,\"status\":\"Rejected\",\"description\":\"err_code:400; error_des: Sorry, we are experiencing some technical difficulties or your card is not supported.; status_code: VALIDATION_ERROR; code_message: 900\",\"value\":\"VALIDATION_ERROR: Sorry, we are experiencing some technical difficulties or your card is not supported.\",\"reference\":\"TR202510231608022977\"}', NULL, '9', '2', '', '127.0.0.1', '2025-10-23 09:08:16', '2025-10-23 09:08:16'),
(38, 'testmerchant005', 'GZTRN1761210616f7M', 'TR202510231610182526', '10', '9.9', '0.1', 'xprizo', 'DILIP KUMAR GUPTA', 'USD', NULL, 'failed', 'http://127.0.0.1:9000/api/xpz/depositResponse', '3', 'card', NULL, NULL, NULL, NULL, '{\"description\":\"Success\",\"reference\":\"TR202510231610182526\",\"amount\":\"10\",\"currencyCode\":\"USD\",\"accountId\":\"7493\",\"customerData\":{\"name\":\"DILIP KUMAR GUPTA\",\"email\":\"default@example.com\",\"mobile\":\"+855 69861408\"},\"creditCard\":{\"name\":\"DILIP KUMAR GUPTA\",\"number\":\"5123450000000008\",\"expiryMonth\":\"01\",\"expiryYear\":\"2029\",\"cvv\":\"118\"},\"routingCode\":\"KESpay0002\",\"redirect\":\"http:\\/\\/127.0.0.1:9000\\/xpz\\/deposit\\/gatewayResponse\"}', '{\"key\":\"DEPX42WPV8EYW57\",\"statusCode\":3,\"status\":\"Rejected\",\"description\":\"err_code:400; error_des: Sorry, we are experiencing some technical difficulties or your card is not supported.; status_code: VALIDATION_ERROR; code_message: 900\",\"value\":\"VALIDATION_ERROR: Sorry, we are experiencing some technical difficulties or your card is not supported.\",\"reference\":\"TR202510231610182526\"}', NULL, '9', '2', '', '127.0.0.1', '2025-10-23 09:10:31', '2025-10-23 09:10:31'),
(39, 'testmerchant005', 'GZTRN1761210778iNk', 'TR202510231613019858', '10', '9.9', '0.1', 'xprizo', 'DILIP KUMAR GUPTA', 'USD', NULL, 'failed', 'http://127.0.0.1:9000/api/xpz/depositResponse', '3', 'card', NULL, NULL, NULL, NULL, '{\"description\":\"Success\",\"reference\":\"TR202510231613019858\",\"amount\":\"10\",\"currencyCode\":\"USD\",\"accountId\":\"7493\",\"customerData\":{\"name\":\"DILIP KUMAR GUPTA\",\"email\":\"default@example.com\",\"mobile\":\"+855 69861408\"},\"creditCard\":{\"name\":\"DILIP KUMAR GUPTA\",\"number\":\"4286090162932609\",\"expiryMonth\":\"01\",\"expiryYear\":\"2029\",\"cvv\":\"118\"},\"routingCode\":\"KESpay0002\",\"redirect\":\"http:\\/\\/127.0.0.1:9000\\/xpz\\/deposit\\/gatewayResponse\"}', '{\"key\":\"DEPDVX9KXD7PWQN\",\"statusCode\":3,\"status\":\"Rejected\",\"description\":\"err_code:400; error_des: PAN is not valid.; status_code: VALIDATION_ERROR; code_message: 900\",\"value\":\"VALIDATION_ERROR: PAN is not valid.\",\"reference\":\"TR202510231613019858\"}', NULL, '9', '2', '', '127.0.0.1', '2025-10-23 09:13:26', '2025-10-23 09:13:26'),
(40, 'testmerchant005', 'GZTRN1761216953zfi', 'TR202510231756197285', '1', '0.99', '0.01', 'xprizo', 'NITIN DAMODARAN', 'USD', 'DEP7YZ9J3KMKWXK', 'failed', 'http://127.0.0.1:9000/api/xpz/depositResponse', '3', 'card', NULL, NULL, NULL, NULL, '{\"description\":\"Success\",\"reference\":\"TR202510231756197285\",\"amount\":\"1\",\"currencyCode\":\"USD\",\"accountId\":\"7493\",\"customerData\":{\"name\":\"NITIN DAMODARAN\",\"email\":\"default@example.com\",\"mobile\":\"+855 69861408\"},\"creditCard\":{\"name\":\"NITIN DAMODARAN\",\"number\":\"4026450303960354\",\"expiryMonth\":\"10\",\"expiryYear\":\"2027\",\"cvv\":\"539\"},\"routingCode\":\"KESpay0002\",\"redirect\":\"http:\\/\\/127.0.0.1:9000\\/xpz\\/deposit\\/gatewayResponse\"}', '{\"key\":\"DEP7YZ9J3KMKWXK\",\"status\":\"Rejected\",\"reference\":\"TR202510231756197285\"}', '{\"statusType\":3,\"status\":\"Rejected\",\"description\":\"Reason for rejection\",\"actionedById\":1,\"affectedContactIds\":[],\"transaction\":{\"id\":0,\"createdById\":2,\"type\":\"UCD\",\"date\":\"2021-04-20T20:34:00.7606173+02:00\",\"reference\":\"TR202510231756197285\",\"currencyCode\":\"USD\",\"amount\":100}}', '9', '2', 'https://wallet.xprizo.com/api/card/Deposit3DSRenderPage?key=DEP7YZ9J3KMKWXK', '127.0.0.1', '2025-10-23 10:56:25', '2025-10-24 04:24:54'),
(41, 'testmerchant005', 'GZTRN1761218634SIq', 'TR202510231824017802', '100', '98.65', '1.35', 'RichPay', 'pk pk gupta', 'THB', 'FSQSNJ-1761218634425-20251023182354-decc2b', 'processing', 'http://127.0.0.1:9000/api/r2p/payin/callbackURL', '1', 'QR', NULL, 'pk pk gupta', 'KBANK', '0640043054', '{\"order_id\":\"TR202510231824017802\",\"amount\":\"100\",\"ref_account\":\"0640043054\",\"ref_bank_code\":\"004\",\"ref_name_th\":null,\"ref_name_en\":null,\"ref_user_id\":\"\",\"ref1\":\"\",\"ref2\":\"\",\"callback_url\":\"http:\\/\\/127.0.0.1:9000\\/api\\/r2pDepositNotifiication\"}', '{\"status\":\"CREATED\",\"ref_id\":\"FSQSNJ-1761218634425-20251023182354-decc2b\",\"dest_bank_code\":\"006\",\"dest_bank_acc_no\":\"0315568001658\",\"dest_bank_acc_name\":\"\\u0e1a\\u0e23\\u0e34\\u0e29\\u0e31\\u0e17 \\u0e2a\\u0e21\\u0e32\\u0e23\\u0e4c\\u0e17 \\u0e21\\u0e32\\u0e40\\u0e01\\u0e47\\u0e15\\u0e15\\u0e34\\u0e49\\u0e07   \\u0e08\\u0e33\\u0e01\\u0e31\\u0e14\",\"order_id\":\"TR202510231824017802\",\"amount\":100,\"qr_image\":\"iVBORw0KGgoAAAANSUhEUgAAAXIAAAFyAQAAAADAX2ykAAACkElEQVR4nO2bTYrjMBCFvxoZslQgB8hRlBv0kYY5Ut\\/APkoOMGAvAzJvFpI6zgxN0+CYeCht4p8P86CoUulJMfGdMfz4Fg7OO++888477\\/xnvNXRlSsG6zA7gl2m9u6yoR7n1+K78pN6gOmEYO4sjSeAuRNTyADYNnqcfw4\\/tQwdjqA+ZqSxvjOzbms9zj+JT9cOuzzv+86\\/BD8bw\\/GJ33d+Wz5K6gGGcwYIAoLsAkjKW+txfh2+TqxDaZ8Clq4HGdMpW7p2GZhtSz3Or8uX+C5Mypq\\/IKbZID4amK+m3\\/kvhiQJYoY0BqmPD7cagwqSJKl\\/Nf3OfzFq8Epoa1RbaIE0Asnju1e+u18aHMRwzmg434z0Dq2Jnjtto8f5dfmSv6VDrml6758pJofX5\\/3yH\\/W5xbIvj4PaFV6fd8wv+ytiRn0JbVjktDQGj++u+dJfTQfZzxEg3szMDio7SZd4s0f+2XqcX4nvljdxRJAhXQ+y9H40MZ2A6Yj3V7vka3\\/Vt4aq9FdpBPVRZc2k\\/s69mn7nvxht\\/q2TcG2y4kPP5f3zbvkWX4KqlzHWDYXlrkJsnZbHd2f8gz+pXKuymn+1cLe8Pu+RX8S3GpJqi6R7\\/iZ5\\/u6aLytcosRwBPs5zmaXqavWxoed9ar6nf9slPVRW92GrOEtyIi503AWxnTKuP+8d77aVEDd0A+CqaNMzMXk2FKP8yvz7fykXaaD9MvMIN6Mwcxakd5Sj\\/Pr8N0\\/T+JvA0K2dO3KwWgbLGSvz\\/8Fr346qKRuGaVI3\\/z\\/C\\/vkW\\/5GARNYGk9oeAOGs2A4BgTzVnqcX5f\\/8K+AYmJpeUhnYUe7v7FH\\/u\\/zk6pr3Vx2ktrtB\\/Bq+p133nnnnXd+j\\/wf0K7KhzwjeqAAAAAASUVORK5CYII=\",\"qr_image_link\":\"https:\\/\\/storage.googleapis.com\\/corp-richpay_richman_qr_data\\/006\\/FSQSNJ-1761218634425-20251023182354-decc2b.png\",\"create_time\":\"2025-10-23T18:23:54.384361+07:00\",\"expire_time\":\"2025-10-23T18:33:54.384361+07:00\"}', NULL, '9', '2', 'https://storage.googleapis.com/corp-richpay_richman_qr_data/006/FSQSNJ-1761218634425-20251023182354-decc2b.png', '127.0.0.1', '2025-10-23 11:24:03', '2025-10-23 11:27:33'),
(42, 'testmerchant005', 'GZTRN1762919965kEy', 'TR202511121059478879', '100', '95', '5', 'xprizo', 'gopal', 'INR', NULL, 'pending', 'http://127.0.0.1:8000/api/xpz/depositResponse', '5', 'card', NULL, NULL, NULL, NULL, '{\"description\":\"Success\",\"reference\":\"TR202511121059478879\",\"amount\":\"100\",\"currencyCode\":\"INR\",\"accountId\":\"9700\",\"customer\":\"gopal\",\"redirect\":\"http:\\/\\/127.0.0.1:8000\\/xpz\\/deposit\\/gatewayResponse\"}', '{\"key\":\"DEP7QZW4KYGP9D8\",\"statusCode\":4,\"status\":\"Redirect\",\"description\":\"\",\"value\":\"https:\\/\\/wallet.xprizo.com\\/api\\/card\\/Deposit3DSRedirect?key=DEP7QZW4KYGP9D8\",\"reference\":\"TR202511121059478879\"}', NULL, '9', '2', 'https://wallet.xprizo.com/api/card/Deposit3DSRedirect?key=DEP7QZW4KYGP9D8', '127.0.0.1', '2025-11-12 03:59:50', '2025-11-12 03:59:50'),
(43, 'testmerchant005', 'GZTRN1762920380oog', 'TR202511121106234026', '100', '95', '5', 'xprizo', 'gopal jack pay', 'INR', 'DEPKXJ9ZQY7ZW3E', 'pending', 'http://127.0.0.1:8000/api/xpz/depositResponse', '5', 'card', NULL, NULL, NULL, NULL, '{\"description\":\"Success\",\"reference\":\"TR202511121106234026\",\"amount\":\"100\",\"currencyCode\":\"INR\",\"accountId\":\"9700\",\"customer\":\"gopal jack pay\",\"redirect\":\"http:\\/\\/127.0.0.1:8000\\/xpz\\/deposit\\/gatewayResponse\"}', '{\"key\":\"DEPKXJ9ZQY7ZW3E\",\"statusCode\":4,\"status\":\"Redirect\",\"description\":\"\",\"value\":\"https:\\/\\/wallet.xprizo.com\\/api\\/card\\/Deposit3DSRedirect?key=DEPKXJ9ZQY7ZW3E\",\"reference\":\"TR202511121106234026\"}', NULL, '9', '2', 'https://wallet.xprizo.com/api/card/Deposit3DSRedirect?key=DEPKXJ9ZQY7ZW3E', '127.0.0.1', '2025-11-12 04:06:26', '2025-11-12 04:06:26'),
(44, 'testmerchant005', 'GZTRN1762938253dxB', 'TR202511121604562404', '1', '0.95', '0.05', 'xprizo', 'NITIN DAMODARAN', 'USD', NULL, 'failed', 'http://127.0.0.1:8000/api/xpz/depositResponse', '5', 'card', NULL, NULL, NULL, NULL, '{\"description\":\"Success\",\"reference\":\"TR202511121604562404\",\"amount\":\"1\",\"currencyCode\":\"USD\",\"accountId\":\"9700\",\"customerData\":{\"name\":\"NITIN DAMODARAN\",\"email\":\"default@example.com\",\"mobile\":\"+855 69861408\"},\"creditCard\":{\"name\":\"NITIN DAMODARAN\",\"number\":\"4026450303960354\",\"expiryMonth\":\"10\",\"expiryYear\":\"2027\",\"cvv\":\"539\"},\"routingCode\":\"IPapay0001\",\"redirect\":\"http:\\/\\/127.0.0.1:8000\\/xpz\\/deposit\\/gatewayResponse\"}', '{\"timestamp\":\"2025-11-12T09:04:50.9335593Z\",\"statusCode\":400,\"status\":\"BadRequest\",\"errorCode\":459,\"message\":\"This email is already in use\"}', NULL, '9', '2', 'This email is already in use', '127.0.0.1', '2025-11-12 09:04:58', '2025-11-12 09:04:58'),
(45, 'testmerchant005', 'GZTRN1762938329jbs', 'TR202511121605596300', '1', '0.95', '0.05', 'xprizo', 'NITIN DAMODARAN', 'USD', NULL, 'failed', 'http://127.0.0.1:8000/api/xpz/depositResponse', '5', 'card', NULL, NULL, NULL, NULL, '{\"description\":\"Success\",\"reference\":\"TR202511121605596300\",\"amount\":\"1\",\"currencyCode\":\"USD\",\"accountId\":\"9700\",\"customerData\":{\"name\":\"NITIN DAMODARAN\",\"email\":\"default@example.com\",\"mobile\":\"+855 69861408\"},\"creditCard\":{\"name\":\"NITIN DAMODARAN\",\"number\":\"4026450303960354\",\"expiryMonth\":\"10\",\"expiryYear\":\"2027\",\"cvv\":\"539\"},\"routingCode\":\"IPapay0001\",\"redirect\":\"http:\\/\\/127.0.0.1:8000\\/xpz\\/deposit\\/gatewayResponse\"}', '{\"timestamp\":\"2025-11-12T09:05:54.0939418Z\",\"statusCode\":400,\"status\":\"BadRequest\",\"errorCode\":459,\"message\":\"This email is already in use\"}', NULL, '9', '2', 'This email is already in use', '127.0.0.1', '2025-11-12 09:06:01', '2025-11-12 09:06:01'),
(46, 'testmerchant005', 'GZTRN1762938757CSL', 'TR202511121613297825', '1', '0.95', '0.05', 'xprizo', 'NITIN DAMODARAN', 'USD', NULL, 'failed', 'http://127.0.0.1:8000/api/xpz/depositResponse', '5', 'card', NULL, NULL, NULL, NULL, '{\"description\":\"Success\",\"reference\":\"TR202511121613297825\",\"amount\":\"1\",\"currencyCode\":\"USD\",\"accountId\":\"9700\",\"customerData\":{\"name\":\"NITIN DAMODARAN\",\"email\":\"TR202511121613297825\",\"mobile\":\"+855 69861408\"},\"creditCard\":{\"name\":\"NITIN DAMODARAN\",\"number\":\"4026450303960354\",\"expiryMonth\":\"10\",\"expiryYear\":\"2027\",\"cvv\":\"539\"},\"routingCode\":\"IPapay0001\",\"redirect\":\"http:\\/\\/127.0.0.1:8000\\/xpz\\/deposit\\/gatewayResponse\"}', '{\"timestamp\":\"2025-11-12T09:13:23.7394236Z\",\"statusCode\":400,\"status\":\"BadRequest\",\"errorCode\":117,\"message\":\"Invalid email\"}', NULL, '9', '2', 'Invalid email', '127.0.0.1', '2025-11-12 09:13:31', '2025-11-12 09:13:31'),
(47, 'testmerchant005', 'GZTRN1762938757CSL', 'TR202511121614388886', '1', '0.95', '0.05', 'xprizo', 'NITIN DAMODARAN', 'USD', NULL, 'failed', 'http://127.0.0.1:8000/api/xpz/depositResponse', '5', 'card', NULL, NULL, NULL, NULL, '{\"description\":\"Success\",\"reference\":\"TR202511121614388886\",\"amount\":\"1\",\"currencyCode\":\"USD\",\"accountId\":\"9700\",\"customerData\":{\"name\":\"NITIN DAMODARAN\",\"email\":\"TR20251895@gmail.com\",\"mobile\":\"+855 69861408\"},\"creditCard\":{\"name\":\"NITIN DAMODARAN\",\"number\":\"4026450303960354\",\"expiryMonth\":\"10\",\"expiryYear\":\"2027\",\"cvv\":\"539\"},\"routingCode\":\"IPapay0001\",\"redirect\":\"http:\\/\\/127.0.0.1:8000\\/xpz\\/deposit\\/gatewayResponse\"}', '{\"timestamp\":\"2025-11-12T09:14:31.9663855Z\",\"statusCode\":400,\"status\":\"BadRequest\",\"errorCode\":457,\"message\":\"This mobile number is already in use\"}', NULL, '9', '2', 'This mobile number is already in use', '127.0.0.1', '2025-11-12 09:14:39', '2025-11-12 09:14:39'),
(48, 'testmerchant005', 'GZTRN1762939058CqO', 'TR202511121617551171', '10', '9.5', '0.5', 'xprizo', 'NITIN DAMODARAN', 'USD', NULL, 'failed', 'http://127.0.0.1:8000/api/xpz/depositResponse', '5', 'card', NULL, NULL, NULL, NULL, '{\"description\":\"Success\",\"reference\":\"TR202511121617551171\",\"amount\":\"10\",\"currencyCode\":\"USD\",\"accountId\":\"9700\",\"customerData\":{\"name\":\"NITIN DAMODARAN\",\"email\":\"TR20251895@gmail.com\",\"mobile\":\"9078563412\"},\"creditCard\":{\"name\":\"NITIN DAMODARAN\",\"number\":\"4026450303960354\",\"expiryMonth\":\"10\",\"expiryYear\":\"2027\",\"cvv\":\"539\"},\"routingCode\":\"IPapay0001\",\"redirect\":\"http:\\/\\/127.0.0.1:8000\\/xpz\\/deposit\\/gatewayResponse\"}', '{\"timestamp\":\"2025-11-12T09:17:49.282Z\",\"statusCode\":400,\"status\":\"BadRequest\",\"errorCode\":128,\"message\":\"Invalid mobile (+9078563412)\"}', NULL, '9', '2', 'Invalid mobile (+9078563412)', '127.0.0.1', '2025-11-12 09:17:56', '2025-11-12 09:17:56'),
(49, 'testmerchant005', 'GZTRN1762939111WqK', 'TR202511121618458830', '10', '9.5', '0.5', 'xprizo', 'NITIN DAMODARAN', 'USD', NULL, 'pending', 'http://127.0.0.1:8000/api/xpz/depositResponse', '5', 'card', NULL, NULL, NULL, NULL, '{\"description\":\"Success\",\"reference\":\"TR202511121618458830\",\"amount\":\"10\",\"currencyCode\":\"USD\",\"accountId\":\"9700\",\"customerData\":{\"name\":\"NITIN DAMODARAN\",\"email\":\"TR20251895@gmail.com\",\"mobile\":\"+855 69861008\"},\"creditCard\":{\"name\":\"NITIN DAMODARAN\",\"number\":\"4026450303960354\",\"expiryMonth\":\"10\",\"expiryYear\":\"2027\",\"cvv\":\"539\"},\"routingCode\":\"IPapay0001\",\"redirect\":\"http:\\/\\/127.0.0.1:8000\\/xpz\\/deposit\\/gatewayResponse\"}', '{\"key\":\"DEPDVXWKX7JD9QN\",\"statusCode\":4,\"status\":\"Redirect\",\"description\":\"\",\"value\":\"https:\\/\\/wallet.xprizo.com\\/api\\/card\\/Deposit3DSRedirect?key=DEPDVXWKX7JD9QN\",\"reference\":\"TR202511121618458830\"}', NULL, '9', '2', 'https://wallet.xprizo.com/api/card/Deposit3DSRedirect?key=DEPDVXWKX7JD9QN', '127.0.0.1', '2025-11-12 09:18:48', '2025-11-12 09:18:48'),
(50, 'testmerchant005', 'GZTRN1762939185Yth', 'TR202511121620049302', '1', '0.9', '0.1', 'xprizo', 'NITIN DAMODARAN', 'USD', NULL, 'pending', 'http://127.0.0.1:8000/api/xpz/depositResponse', '3', 'card', NULL, NULL, NULL, NULL, '{\"description\":\"Success\",\"reference\":\"TR202511121620049302\",\"amount\":\"1\",\"currencyCode\":\"USD\",\"accountId\":\"7493\",\"customerData\":{\"name\":\"NITIN DAMODARAN\",\"email\":\"TR20251895@gmail.com\",\"mobile\":\"+855 69861008\"},\"creditCard\":{\"name\":\"NITIN DAMODARAN\",\"number\":\"4026450303960354\",\"expiryMonth\":\"10\",\"expiryYear\":\"2027\",\"cvv\":\"539\"},\"routingCode\":\"KESpay0002\",\"redirect\":\"http:\\/\\/127.0.0.1:8000\\/xpz\\/deposit\\/gatewayResponse\"}', '{\"key\":\"DEPEMVWDV8EZW8L\",\"statusCode\":4,\"status\":\"Redirect\",\"description\":\"\",\"value\":\"https:\\/\\/wallet.xprizo.com\\/api\\/card\\/Deposit3DSRenderPage?key=DEPEMVWDV8EZW8L\",\"reference\":\"TR202511121620049302\"}', NULL, '9', '2', 'https://wallet.xprizo.com/api/card/Deposit3DSRenderPage?key=DEPEMVWDV8EZW8L', '127.0.0.1', '2025-11-12 09:20:13', '2025-11-12 09:20:13'),
(51, 'testmerchant005', 'GZTRN1762939272QSy', 'TR202511121621241644', '1', '0.9', '0.1', 'xprizo', 'NITIN DAMODARAN', 'USD', NULL, 'failed', 'http://127.0.0.1:8000/api/xpz/depositResponse', '3', 'card', NULL, NULL, NULL, NULL, '{\"description\":\"Success\",\"reference\":\"TR202511121621241644\",\"amount\":\"1\",\"currencyCode\":\"USD\",\"accountId\":\"7493\",\"customerData\":{\"name\":\"NITIN DAMODARAN\",\"email\":\"TR202511121621241644\",\"mobile\":\"+855 69861408\"},\"creditCard\":{\"name\":\"NITIN DAMODARAN\",\"number\":\"4026450303960354\",\"expiryMonth\":\"10\",\"expiryYear\":\"2027\",\"cvv\":\"539\"},\"routingCode\":\"KESpay0002\",\"redirect\":\"http:\\/\\/127.0.0.1:8000\\/xpz\\/deposit\\/gatewayResponse\"}', '{\"timestamp\":\"2025-11-12T09:21:17.9438227Z\",\"statusCode\":400,\"status\":\"BadRequest\",\"errorCode\":117,\"message\":\"Invalid email\"}', NULL, '9', '2', 'Invalid email', '127.0.0.1', '2025-11-12 09:21:25', '2025-11-12 09:21:25'),
(52, 'testmerchant005', 'GZTRN1762939328U29', 'TR202511121622195688', '1', '0.9', '0.1', 'xprizo', 'NITIN DAMODARAN', 'USD', NULL, 'failed', 'http://127.0.0.1:8000/api/xpz/depositResponse', '3', 'card', NULL, NULL, NULL, NULL, '{\"description\":\"Success\",\"reference\":\"TR202511121622195688\",\"amount\":\"1\",\"currencyCode\":\"USD\",\"accountId\":\"7493\",\"customerData\":{\"name\":\"NITIN DAMODARAN\",\"email\":\"TR202511121622195688@gmail.com\",\"mobile\":\"+855 69861408\"},\"creditCard\":{\"name\":\"NITIN DAMODARAN\",\"number\":\"4026450303960354\",\"expiryMonth\":\"10\",\"expiryYear\":\"2027\",\"cvv\":\"539\"},\"routingCode\":\"KESpay0002\",\"redirect\":\"http:\\/\\/127.0.0.1:8000\\/xpz\\/deposit\\/gatewayResponse\"}', '{\"timestamp\":\"2025-11-12T09:22:14.1849035Z\",\"statusCode\":400,\"status\":\"BadRequest\",\"errorCode\":457,\"message\":\"This mobile number is already in use\"}', NULL, '9', '2', 'This mobile number is already in use', '127.0.0.1', '2025-11-12 09:22:21', '2025-11-12 09:22:21'),
(53, 'testmerchant005', 'GZTRN1762939551jLm', 'TR202511121626057457', '10', '9', '1', 'xprizo', 'NITIN DAMODARAN', 'USD', NULL, 'pending', 'http://127.0.0.1:8000/api/xpz/depositResponse', '3', 'card', NULL, NULL, NULL, NULL, '{\"description\":\"Success\",\"reference\":\"TR202511121626057457\",\"amount\":\"10\",\"currencyCode\":\"USD\",\"accountId\":\"7493\",\"customerData\":{\"name\":\"NITIN DAMODARAN\",\"email\":\"TR202511121626057457@gmail.com\",\"mobile\":\"+855 62061411\"},\"creditCard\":{\"name\":\"NITIN DAMODARAN\",\"number\":\"4026450303960354\",\"expiryMonth\":\"10\",\"expiryYear\":\"2027\",\"cvv\":\"539\"},\"routingCode\":\"KESpay0002\",\"redirect\":\"http:\\/\\/127.0.0.1:8000\\/xpz\\/deposit\\/gatewayResponse\"}', '{\"key\":\"DEPPVLWQGK5KWM6\",\"statusCode\":4,\"status\":\"Redirect\",\"description\":\"\",\"value\":\"https:\\/\\/wallet.xprizo.com\\/api\\/card\\/Deposit3DSRenderPage?key=DEPPVLWQGK5KWM6\",\"reference\":\"TR202511121626057457\"}', NULL, '9', '2', 'https://wallet.xprizo.com/api/card/Deposit3DSRenderPage?key=DEPPVLWQGK5KWM6', '127.0.0.1', '2025-11-12 09:26:12', '2025-11-12 09:26:12'),
(54, 'testmerchant005', 'GZTRN17629396685Ct', 'TR202511121628023375', '100', '90', '10', 'xprizo', 'NITIN DAMODARAN', 'USD', 'DEP7QZW4KYGN9D8', 'pending', 'http://127.0.0.1:8000/api/xpz/depositResponse', '3', 'card', NULL, NULL, NULL, NULL, '{\"description\":\"Success\",\"reference\":\"TR202511121628023375\",\"amount\":\"100\",\"currencyCode\":\"USD\",\"accountId\":\"7493\",\"customerData\":{\"name\":\"NITIN DAMODARAN\",\"email\":\"TR202511121628023375@gmail.com\",\"mobile\":\"+855 28450554\"},\"creditCard\":{\"name\":\"NITIN DAMODARAN\",\"number\":\"4026450303960354\",\"expiryMonth\":\"10\",\"expiryYear\":\"2027\",\"cvv\":\"539\"},\"routingCode\":\"KESpay0002\",\"redirect\":\"http:\\/\\/127.0.0.1:8000\\/xpz\\/deposit\\/gatewayResponse\"}', '{\"key\":\"DEP7QZW4KYGN9D8\",\"statusCode\":4,\"status\":\"Redirect\",\"description\":\"\",\"value\":\"https:\\/\\/wallet.xprizo.com\\/api\\/card\\/Deposit3DSRenderPage?key=DEP7QZW4KYGN9D8\",\"reference\":\"TR202511121628023375\"}', NULL, '9', '2', 'https://wallet.xprizo.com/api/card/Deposit3DSRenderPage?key=DEP7QZW4KYGN9D8', '127.0.0.1', '2025-11-12 09:28:08', '2025-11-12 09:28:08'),
(55, 'testmerchant005', 'GZTRN1762939818e2D', 'TR202511121630257373', '100', '95', '5', 'xprizo', 'gopal', 'INR', 'DEPKXJ9ZQYXDW3E', 'pending', 'http://127.0.0.1:8000/api/xpz/depositResponse', '5', 'card', NULL, NULL, NULL, NULL, '{\"description\":\"Success\",\"reference\":\"TR202511121630257373\",\"amount\":\"100\",\"currencyCode\":\"INR\",\"accountId\":\"9700\",\"customer\":\"gopal\",\"redirect\":\"http:\\/\\/127.0.0.1:8000\\/xpz\\/deposit\\/gatewayResponse\"}', '{\"key\":\"DEPKXJ9ZQYXDW3E\",\"statusCode\":4,\"status\":\"Redirect\",\"description\":\"\",\"value\":\"https:\\/\\/wallet.xprizo.com\\/api\\/card\\/Deposit3DSRedirect?key=DEPKXJ9ZQYXDW3E\",\"reference\":\"TR202511121630257373\"}', NULL, '9', '2', 'https://wallet.xprizo.com/api/card/Deposit3DSRedirect?key=DEPKXJ9ZQYXDW3E', '127.0.0.1', '2025-11-12 09:30:28', '2025-11-12 09:30:28'),
(56, 'testmerchant005', 'GZTRN1762940408si2', 'TR202511121640107271', '100', '95', '5', 'Xprizo UPI', 'dktesting xprizo', 'INR', 'DEPGQ893N65JWM5', 'pending', 'http://127.0.0.1:8000/api/xpz/depositResponse', '5', 'card', NULL, NULL, NULL, NULL, '{\"description\":\"Success\",\"reference\":\"TR202511121640107271\",\"amount\":\"100\",\"currencyCode\":\"INR\",\"accountId\":\"9700\",\"customer\":\"dktesting xprizo\",\"redirect\":\"http:\\/\\/127.0.0.1:8000\\/xpz\\/deposit\\/gatewayResponse\"}', '{\"key\":\"DEPGQ893N65JWM5\",\"statusCode\":4,\"status\":\"Redirect\",\"description\":\"\",\"value\":\"https:\\/\\/wallet.xprizo.com\\/api\\/card\\/Deposit3DSRedirect?key=DEPGQ893N65JWM5\",\"reference\":\"TR202511121640107271\"}', NULL, '9', '2', 'https://wallet.xprizo.com/api/card/Deposit3DSRedirect?key=DEPGQ893N65JWM5', '127.0.0.1', '2025-11-12 09:40:12', '2025-11-12 09:40:12'),
(57, 'testmerchant005', 'GZTRN1763004097xyz', 'TR202511131021393284', '100', '95', '5', 'Xprizo UPI', 'gopal jack pay', 'INR', 'DEP7QZ94KY5NWD8', 'pending', 'http://127.0.0.1:8000/api/xpz/depositResponse', '5', 'card', NULL, NULL, NULL, NULL, '{\"description\":\"Success\",\"reference\":\"TR202511131021393284\",\"amount\":\"100\",\"currencyCode\":\"INR\",\"accountId\":\"9700\",\"customer\":\"gopal jack pay\",\"redirect\":\"http:\\/\\/127.0.0.1:8000\\/xpz\\/UPIdepositResponse\\/TR202511131021393284\\/testmerchant005\\/5\"}', '{\"key\":\"DEP7QZ94KY5NWD8\",\"statusCode\":4,\"status\":\"Redirect\",\"description\":\"\",\"value\":\"https:\\/\\/wallet.xprizo.com\\/api\\/card\\/Deposit3DSRedirect?key=DEP7QZ94KY5NWD8\",\"reference\":\"TR202511131021393284\"}', NULL, '9', '2', 'https://wallet.xprizo.com/api/card/Deposit3DSRedirect?key=DEP7QZ94KY5NWD8', '127.0.0.1', '2025-11-13 03:21:44', '2025-11-13 03:21:44'),
(58, 'testmerchant005', 'GZTRN1763004506jV0', 'TR202511131028286440', '100', '95', '5', 'Xprizo UPI', 'gopal jack pay', 'INR', 'DEPKXJWZQYND93E', 'pending', 'http://127.0.0.1:8000/api/xpz/depositResponse', '5', 'card', NULL, NULL, NULL, NULL, '{\"description\":\"Success\",\"reference\":\"TR202511131028286440\",\"amount\":\"100\",\"currencyCode\":\"INR\",\"accountId\":\"9700\",\"customer\":\"gopal jack pay\",\"redirect\":\"http:\\/\\/127.0.0.1:8000\\/xpz\\/UPIdepositResponse\\/VFIyMDI1MTExMzEwMjgyODY0NDA=\\/dGVzdG1lcmNoYW50MDA1\\/NQ==\"}', '{\"key\":\"DEPKXJWZQYND93E\",\"statusCode\":1,\"status\":\"Pending\",\"description\":\"No Transaction Found With Given Id :TR202511131028286440 (NOT_FOUND)\",\"value\":\"Waiting for user to scan QR code.\",\"reference\":\"TR202511131028286440\"}', NULL, '9', '2', 'Waiting for user to scan QR code.', '127.0.0.1', '2025-11-13 03:28:32', '2025-11-13 04:12:23'),
(59, 'testmerchant005', 'GZTRN1763007196tEQ', 'TR202511131113324777', '1000', '950', '50', 'Xprizo UPI', 'PK travel', 'INR', 'DEPGQ8W3N6QJ9M5', 'pending', 'http://127.0.0.1:8000/api/xpz/depositResponse', '5', 'card', NULL, NULL, NULL, NULL, '{\"description\":\"Success\",\"reference\":\"TR202511131113324777\",\"amount\":\"1000\",\"currencyCode\":\"INR\",\"accountId\":\"9700\",\"customer\":\"PK travel\",\"redirect\":\"http:\\/\\/127.0.0.1:8000\\/xpz\\/UPIdepositResponse\\/VFIyMDI1MTExMzExMTMzMjQ3Nzc=\\/dGVzdG1lcmNoYW50MDA1\\/NQ==\"}', '{\"key\":\"DEPGQ8W3N6QJ9M5\",\"statusCode\":1,\"status\":\"Pending\",\"description\":\"No Transaction Found With Given Id :TR202511131113324777 (NOT_FOUND)\",\"value\":\"Waiting for user to scan QR code.\",\"reference\":\"TR202511131113324777\"}', NULL, '9', '2', 'Waiting for user to scan QR code.', '127.0.0.1', '2025-11-13 04:13:34', '2025-11-13 04:14:57'),
(60, 'testmerchant005', 'GZTRN1764213712Soe', 'TR202511271021557291', '100', '95', '5', 'Xprizo UPI', 'gopal jack pay', 'INR', NULL, 'failed', 'http://127.0.0.1:8000/api/xpz/depositResponse', '5', 'card', NULL, NULL, NULL, NULL, '{\"description\":\"Success\",\"reference\":\"TR202511271021557291\",\"amount\":\"100\",\"currencyCode\":\"INR\",\"accountId\":\"9700\",\"customer\":\"gopal jack pay\",\"redirect\":\"http:\\/\\/127.0.0.1:8000\\/xpz\\/UPIdepositResponse\\/VFIyMDI1MTEyNzEwMjE1NTcyOTE=\\/dGVzdG1lcmNoYW50MDA1\\/NQ==\"}', '{\"timestamp\":\"2025-11-27T03:21:47.7825304Z\",\"statusCode\":500,\"status\":\"InternalServerError\",\"errorCode\":0,\"message\":\"Internal Error, Please report this error, api 27 Nov 2025 03:21 (#638998105077825304).\"}', NULL, '9', '2', 'Internal Error, Please report this error, api 27 Nov 2025 03:21 (#638998105077825304).', '127.0.0.1', '2025-11-27 03:21:59', '2025-11-27 03:21:59');
INSERT INTO `deposit_transactions` (`id`, `merchant_code`, `reference_id`, `systemgenerated_TransId`, `amount`, `net_amount`, `mdr_fee_amount`, `gateway_name`, `customer_name`, `Currency`, `gateway_TransId`, `payment_status`, `callback_url`, `payment_channel`, `payment_method`, `product_id`, `bank_account_name`, `bank_code`, `bank_account_number`, `request_data`, `payin_arr`, `response_data`, `agent_id`, `merchant_id`, `receipt_url`, `ip_address`, `created_at`, `updated_at`) VALUES
(61, 'testmerchant005', 'GZTRN1764215180xRA', 'TR202511271047079050', '10', '9', '1', 'xprizo', 'NITIN DAMODARAN', 'USD', 'DEPXZ7WN7NN59DY', 'failed', 'http://127.0.0.1:8000/api/xpz/depositResponse', '3', 'card', NULL, NULL, NULL, NULL, '{\"description\":\"Success\",\"reference\":\"TR202511271047079050\",\"amount\":\"10\",\"currencyCode\":\"USD\",\"accountId\":\"7493\",\"customerData\":{\"name\":\"NITIN DAMODARAN\",\"email\":\"TR202511271047079050@gmail.com\",\"mobile\":\"+855 41633085\"},\"creditCard\":{\"name\":\"NITIN DAMODARAN\",\"number\":\"4026450303960354\",\"expiryMonth\":\"10\",\"expiryYear\":\"2027\",\"cvv\":\"539\"},\"routingCode\":\"KESpay0002\",\"redirect\":\"http:\\/\\/127.0.0.1:8000\\/xpz\\/deposit\\/gatewayResponse\"}', '{\"key\":\"DEPXZ7WN7NN59DY\",\"status\":\"Rejected\",\"reference\":\"TR202511271047079050\"}', NULL, '9', '2', 'https://wallet.xprizo.com/api/card/Deposit3DSRenderPage?key=DEPXZ7WN7NN59DY', '127.0.0.1', '2025-11-27 03:47:13', '2025-11-27 03:48:06'),
(62, 'testmerchant005', 'GZTRN1764234129ivG', 'TR202511271605125821', '1', '0.95', '0.05', 'xprizo', 'NITIN DAMODARAN', 'USD', NULL, 'failed', 'http://127.0.0.1:8000/api/xpz/depositResponse', '5', 'card', NULL, NULL, NULL, NULL, '{\"description\":\"Success\",\"reference\":\"TR202511271605125821\",\"amount\":\"1\",\"currencyCode\":\"USD\",\"accountId\":\"9700\",\"customerData\":{\"name\":\"NITIN DAMODARAN\",\"email\":\"TR202511271605125821@gmail.com\",\"mobile\":\"+855 26264655\"},\"creditCard\":{\"name\":\"NITIN DAMODARAN\",\"number\":\"4026450303960354\",\"expiryMonth\":\"10\",\"expiryYear\":\"2027\",\"cvv\":\"539\"},\"routingCode\":\"IPapay0001\",\"redirect\":\"http:\\/\\/127.0.0.1:8000\\/xpz\\/deposit\\/gatewayResponse\"}', '{\"timestamp\":\"2025-11-27T09:05:03.0081695Z\",\"statusCode\":500,\"status\":\"InternalServerError\",\"errorCode\":0,\"message\":\"Internal Error, Please report this error, api 27 Nov 2025 09:05 (#638998311030081695).\"}', NULL, '9', '2', 'Internal Error, Please report this error, api 27 Nov 2025 09:05 (#638998311030081695).', '127.0.0.1', '2025-11-27 09:05:16', '2025-11-27 09:05:16'),
(63, 'testmerchant005', 'GZTRN1764234405T47', 'TR202511271606578339', '1', '0.9', '0.1', 'xprizo', 'NITIN DAMODARAN', 'USD', 'DEPYN2W5Y55VWMK', 'pending', 'http://127.0.0.1:8000/api/xpz/depositResponse', '3', 'card', NULL, NULL, NULL, NULL, '{\"description\":\"Success\",\"reference\":\"TR202511271606578339\",\"amount\":\"1\",\"currencyCode\":\"USD\",\"accountId\":\"7493\",\"customerData\":{\"name\":\"NITIN DAMODARAN\",\"email\":\"TR202511271606578339@gmail.com\",\"mobile\":\"+855 62945800\"},\"creditCard\":{\"name\":\"NITIN DAMODARAN\",\"number\":\"4026450303960354\",\"expiryMonth\":\"10\",\"expiryYear\":\"2027\",\"cvv\":\"539\"},\"routingCode\":\"KESpay0002\",\"redirect\":\"http:\\/\\/127.0.0.1:8000\\/xpz\\/deposit\\/gatewayResponse\"}', '{\"key\":\"DEPYN2W5Y55VWMK\",\"statusCode\":4,\"status\":\"Redirect\",\"description\":\"\",\"value\":\"https:\\/\\/wallet.xprizo.com\\/api\\/card\\/Deposit3DSRenderPage?key=DEPYN2W5Y55VWMK\",\"reference\":\"TR202511271606578339\"}', NULL, '9', '2', 'https://wallet.xprizo.com/api/card/Deposit3DSRenderPage?key=DEPYN2W5Y55VWMK', '127.0.0.1', '2025-11-27 09:07:03', '2025-11-27 09:07:03'),
(64, 'testmerchant005', 'GZTRN1764235002rkw', 'TR202511271616473175', '100', '90', '10', 'xprizo', 'Dilip kumar gupta', 'THB', 'DEPJ6MWMMVJGW7X', 'pending', 'http://127.0.0.1:8000/api/xpz/depositResponse', '6', 'card', NULL, NULL, NULL, NULL, '{\"description\":\"Success\",\"reference\":\"TR202511271616473175\",\"amount\":\"100\",\"currencyCode\":\"THB\",\"accountId\":\"8449\",\"customerData\":{\"name\":\"Dilip kumar gupta\",\"email\":\"TR202511271616473175@gmail.com\",\"mobile\":\"+855 60019215\"},\"creditCard\":{\"name\":\"Dilip kumar gupta\",\"number\":\"4111111111111111\",\"expiryMonth\":\"10\",\"expiryYear\":\"2027\",\"cvv\":\"539\"},\"routingCode\":\"TraLUC0001\",\"redirect\":\"http:\\/\\/127.0.0.1:8000\\/xpz\\/deposit\\/gatewayResponse\"}', '{\"key\":\"DEPJ6MWMMVJGW7X\",\"statusCode\":4,\"status\":\"Redirect\",\"description\":\"\",\"value\":\"https:\\/\\/wallet.xprizo.com\\/api\\/card\\/Deposit3DSRedirect?key=DEPJ6MWMMVJGW7X\",\"reference\":\"TR202511271616473175\"}', NULL, '9', '2', 'https://wallet.xprizo.com/api/card/Deposit3DSRedirect?key=DEPJ6MWMMVJGW7X', '127.0.0.1', '2025-11-27 09:16:59', '2025-11-27 09:16:59'),
(65, 'testmerchant005', 'GZTRN1764311314s6Z', 'TR202511281329105342', '1', '0.9', '0.1', 'xprizo', 'NITIN DAMODARAN', 'USD', 'DEPXZ7WN7YG59DY', 'failed', 'http://127.0.0.1:8000/api/xpz/depositResponse', '3', 'card', NULL, NULL, NULL, NULL, '{\"description\":\"Success\",\"reference\":\"TR202511281329105342\",\"amount\":\"1\",\"currencyCode\":\"USD\",\"accountId\":\"7493\",\"customerData\":{\"name\":\"NITIN DAMODARAN\",\"email\":\"TR202511281329105342@gmail.com\",\"mobile\":\"+855 15174739\"},\"creditCard\":{\"name\":\"NITIN DAMODARAN\",\"number\":\"4026450303960354\",\"expiryMonth\":\"10\",\"expiryYear\":\"2027\",\"cvv\":\"539\"},\"routingCode\":\"KESpay0002\",\"redirect\":\"http:\\/\\/127.0.0.1:8000\\/xpz\\/deposit\\/gatewayResponse\"}', '{\"key\":\"DEPXZ7WN7YG59DY\",\"status\":\"Rejected\",\"reference\":\"TR202511281329105342\"}', NULL, '9', '2', 'https://wallet.xprizo.com/api/card/Deposit3DSRenderPage?key=DEPXZ7WN7YG59DY', '127.0.0.1', '2025-11-28 06:29:17', '2025-11-28 06:30:19'),
(66, 'testmerchant005', 'GZTRN17643115119Wl', 'TR202511281331584401', '100', '90', '10', 'xprizo', 'Dilip kumar gupta', 'THB', NULL, 'failed', 'http://127.0.0.1:8000/api/xpz/depositResponse', '6', 'card', NULL, NULL, NULL, NULL, '{\"description\":\"Success\",\"reference\":\"TR202511281331584401\",\"amount\":\"100\",\"currencyCode\":\"THB\",\"accountId\":\"8449\",\"customerData\":{\"name\":\"Dilip kumar gupta\",\"email\":\"dilipkumargupta631@gmail.com\",\"mobile\":\"+85596861409\"},\"creditCard\":{\"name\":\"Dilip kumar gupta\",\"number\":\"4026450303960354\",\"expiryMonth\":\"10\",\"expiryYear\":\"2027\",\"cvv\":\"539\"},\"routingCode\":\"TraLUC0001\",\"redirect\":\"http:\\/\\/127.0.0.1:8000\\/xpz\\/deposit\\/gatewayResponse\"}', '{\"key\":\"DEPX429PVM26957\",\"statusCode\":3,\"status\":\"Rejected\",\"description\":\"INVALID_ARGUMENTS\",\"value\":\"additionalDetails.postalCode must be at most 10 characters\",\"reference\":\"TR202511281331584401\"}', NULL, '9', '2', '', '127.0.0.1', '2025-11-28 06:32:03', '2025-11-28 06:32:03'),
(67, 'testmerchant005', 'GZTRN1764311646w6m', 'TR202511281334108178', '100', '90', '10', 'xprizo', 'Dilip kumar gupta', 'THB', 'DEP85Q9E8LD5WGL', 'pending', 'http://127.0.0.1:8000/api/xpz/depositResponse', '6', 'card', NULL, NULL, NULL, NULL, '{\"description\":\"Success\",\"reference\":\"TR202511281334108178\",\"amount\":\"100\",\"currencyCode\":\"THB\",\"accountId\":\"8449\",\"customerData\":{\"name\":\"Dilip kumar gupta\",\"email\":\"dilipkumargupta631@gmail.com\",\"mobile\":\"+85596861409\",\"address\":{\"address\":\"poipet\",\"countryCode\":\"KHM\",\"street\":\"poipet\",\"city\":\"poipet\",\"stateProvinceRegion\":\"Battambang Province\",\"zipPostalCode\":\"273154\"}},\"creditCard\":{\"name\":\"Dilip kumar gupta\",\"number\":\"4026450303960354\",\"expiryMonth\":\"10\",\"expiryYear\":\"2027\",\"cvv\":\"539\"},\"routingCode\":\"TraLUC0001\",\"redirect\":\"http:\\/\\/127.0.0.1:8000\\/xpz\\/deposit\\/gatewayResponse\"}', '{\"key\":\"DEP85Q9E8LD5WGL\",\"status\":\"Pending\",\"reference\":\"TR202511281334108178\"}', NULL, '9', '2', 'https://wallet.xprizo.com/api/card/Deposit3DSRedirect?key=DEP85Q9E8LD5WGL', '127.0.0.1', '2025-11-28 06:34:16', '2025-11-28 06:35:00'),
(68, 'testmerchant005', 'GZTRN1764311715enp', 'TR202511281335306884', '100', '90', '10', 'xprizo', 'Dilip kumar gupta', 'THB', 'DEPDVXWKX4GE9QN', 'pending', 'http://127.0.0.1:8000/api/xpz/depositResponse', '6', 'card', NULL, NULL, NULL, NULL, '{\"description\":\"Success\",\"reference\":\"TR202511281335306884\",\"amount\":\"100\",\"currencyCode\":\"THB\",\"accountId\":\"8449\",\"customerData\":{\"name\":\"Dilip kumar gupta\",\"email\":\"dilipkumargupta631@gmail.com\",\"mobile\":\"+85596861409\",\"address\":{\"address\":\"poipet\",\"countryCode\":\"KHM\",\"street\":\"poipet\",\"city\":\"poipet\",\"stateProvinceRegion\":\"Battambang Province\",\"zipPostalCode\":\"273154\"}},\"creditCard\":{\"name\":\"Dilip kumar gupta\",\"number\":\"4111111111111111\",\"expiryMonth\":\"10\",\"expiryYear\":\"2027\",\"cvv\":\"539\"},\"routingCode\":\"TraLUC0001\",\"redirect\":\"http:\\/\\/127.0.0.1:8000\\/xpz\\/deposit\\/gatewayResponse\"}', '{\"key\":\"DEPDVXWKX4GE9QN\",\"status\":\"Pending\",\"reference\":\"TR202511281335306884\"}', NULL, '9', '2', 'https://wallet.xprizo.com/api/card/Deposit3DSRedirect?key=DEPDVXWKX4GE9QN', '127.0.0.1', '2025-11-28 06:35:35', '2025-11-28 06:35:41'),
(69, 'testmerchant005', 'GZTRN1764311810LTt', 'TR202511281337513317', '10', '9', '1', 'xprizo', 'NITIN DAMODARAN', 'USD', 'DEPEMVWDVY3MW8L', 'pending', 'http://127.0.0.1:8000/api/xpz/depositResponse', '3', 'card', NULL, NULL, NULL, NULL, '{\"description\":\"Success\",\"reference\":\"TR202511281337513317\",\"amount\":\"10\",\"currencyCode\":\"USD\",\"accountId\":\"7493\",\"customerData\":{\"name\":\"NITIN DAMODARAN\",\"email\":\"dilipkumargupta631@gmail.com\",\"mobile\":\"+85596861409\",\"address\":{\"address\":\"poipet\",\"countryCode\":\"KHM\",\"street\":\"poipet\",\"city\":\"poipet\",\"stateProvinceRegion\":\"Battambang Province\",\"zipPostalCode\":\"273154\"}},\"creditCard\":{\"name\":\"NITIN DAMODARAN\",\"number\":\"4026450303960354\",\"expiryMonth\":\"10\",\"expiryYear\":\"2027\",\"cvv\":\"539\"},\"routingCode\":\"KESpay0002\",\"redirect\":\"http:\\/\\/127.0.0.1:8000\\/xpz\\/deposit\\/gatewayResponse\"}', '{\"key\":\"DEPEMVWDVY3MW8L\",\"statusCode\":4,\"status\":\"Redirect\",\"description\":\"\",\"value\":\"https:\\/\\/wallet.xprizo.com\\/api\\/card\\/Deposit3DSRenderPage?key=DEPEMVWDVY3MW8L\",\"reference\":\"TR202511281337513317\"}', NULL, '9', '2', 'https://wallet.xprizo.com/api/card/Deposit3DSRenderPage?key=DEPEMVWDVY3MW8L', '127.0.0.1', '2025-11-28 06:37:58', '2025-11-28 06:37:58'),
(70, 'testmerchant005', 'GZTRN1764316618ISE', 'TR202511281457232370', '1', '0.9', '0.1', 'xprizo', 'NITIN DAMODARAN', 'USD', 'DEPP4696QDYZWLZ', 'pending', 'http://127.0.0.1:8000/api/xpz/depositResponse', '3', 'card', NULL, NULL, NULL, NULL, '{\"description\":\"Success\",\"reference\":\"TR202511281457232370\",\"amount\":\"1\",\"currencyCode\":\"USD\",\"accountId\":\"7493\",\"customerData\":{\"name\":\"NITIN DAMODARAN\",\"email\":\"dilipkumargupta631@gmail.com\",\"mobile\":\"+85596861409\",\"address\":{\"address\":\"poipet\",\"countryCode\":\"KHM\",\"street\":\"poipet\",\"city\":\"poipet\",\"stateProvinceRegion\":\"Battambang Province\",\"zipPostalCode\":\"273154\"}},\"creditCard\":{\"name\":\"NITIN DAMODARAN\",\"number\":\"4026450303960354\",\"expiryMonth\":\"10\",\"expiryYear\":\"2027\",\"cvv\":\"539\"},\"routingCode\":\"KESpay0002\",\"redirect\":\"http:\\/\\/127.0.0.1:8000\\/xpz\\/deposit\\/gatewayResponse\"}', '{\"key\":\"DEPP4696QDYZWLZ\",\"statusCode\":4,\"status\":\"Redirect\",\"description\":\"\",\"value\":\"https:\\/\\/wallet.xprizo.com\\/api\\/card\\/Deposit3DSRenderPage?key=DEPP4696QDYZWLZ\",\"reference\":\"TR202511281457232370\"}', NULL, '9', '2', 'https://wallet.xprizo.com/api/card/Deposit3DSRenderPage?key=DEPP4696QDYZWLZ', '127.0.0.1', '2025-11-28 07:57:30', '2025-11-28 07:57:30'),
(71, 'testmerchant005', 'GZTRN1764316716UjS', 'TR202511281458448583', '10', '9', '1', 'xprizo', 'Dilip kumar gupta', 'THB', NULL, 'failed', 'http://127.0.0.1:8000/api/xpz/depositResponse', '6', 'card', NULL, NULL, NULL, NULL, '{\"description\":\"Success\",\"reference\":\"TR202511281458448583\",\"amount\":\"10\",\"currencyCode\":\"THB\",\"accountId\":\"8449\",\"customerData\":{\"name\":\"Dilip kumar gupta\",\"email\":\"dilipkumargupta631@gmail.com\",\"mobile\":\"+85596861409\",\"address\":{\"address\":\"poipet\",\"countryCode\":\"KHM\",\"street\":\"poipet\",\"city\":\"poipet\",\"stateProvinceRegion\":\"Battambang Province\",\"zipPostalCode\":\"273154\"}},\"creditCard\":{\"name\":\"Dilip kumar gupta\",\"number\":\"4111111111111111\",\"expiryMonth\":\"10\",\"expiryYear\":\"2027\",\"cvv\":\"539\"},\"routingCode\":\"TraLUC0001\",\"redirect\":\"http:\\/\\/127.0.0.1:8000\\/xpz\\/deposit\\/gatewayResponse\"}', '{\"key\":\"DEP7Q89Y4LD8W65\",\"statusCode\":3,\"status\":\"Rejected\",\"description\":\"QUOTE_INSUFFICIENT_ORDER_AMOUNT\",\"value\":\"Processing fee exceeds order amount, leading to a negative value\",\"reference\":\"TR202511281458448583\"}', NULL, '9', '2', '', '127.0.0.1', '2025-11-28 07:58:48', '2025-11-28 07:58:48'),
(72, 'testmerchant005', 'GZTRN1764316734TSZ', 'TR202511281459039567', '1000', '900', '100', 'xprizo', 'Dilip kumar gupta', 'THB', 'DEPYN2W5YELVWMK', 'failed', 'http://127.0.0.1:8000/api/xpz/depositResponse', '6', 'card', NULL, NULL, NULL, NULL, '{\"description\":\"Success\",\"reference\":\"TR202511281459039567\",\"amount\":\"1000\",\"currencyCode\":\"THB\",\"accountId\":\"8449\",\"customerData\":{\"name\":\"Dilip kumar gupta\",\"email\":\"dilipkumargupta631@gmail.com\",\"mobile\":\"+85596861409\",\"address\":{\"address\":\"poipet\",\"countryCode\":\"KHM\",\"street\":\"poipet\",\"city\":\"poipet\",\"stateProvinceRegion\":\"Battambang Province\",\"zipPostalCode\":\"273154\"}},\"creditCard\":{\"name\":\"Dilip kumar gupta\",\"number\":\"4111111111111111\",\"expiryMonth\":\"10\",\"expiryYear\":\"2027\",\"cvv\":\"539\"},\"routingCode\":\"TraLUC0001\",\"redirect\":\"http:\\/\\/127.0.0.1:8000\\/xpz\\/deposit\\/gatewayResponse\"}', '{\"key\":\"DEPYN2W5YELVWMK\",\"status\":\"Rejected\",\"reference\":\"TR202511281459039567\"}', NULL, '9', '2', 'https://wallet.xprizo.com/api/card/Deposit3DSRedirect?key=DEPYN2W5YELVWMK', '127.0.0.1', '2025-11-28 07:59:09', '2025-11-28 07:59:16'),
(73, 'testmerchant005', 'GZTRN1764316863z6A', 'TR202511281501228843', '100', '90', '10', 'xprizo', 'Dilip kumar gupta', 'THB', NULL, 'failed', 'http://127.0.0.1:8000/api/xpz/depositResponse', '6', 'card', NULL, NULL, NULL, NULL, '{\"description\":\"Success\",\"reference\":\"TR202511281501228843\",\"amount\":\"100\",\"currencyCode\":\"THB\",\"accountId\":\"8449\",\"customerData\":{\"name\":\"Dilip kumar gupta\",\"email\":\"dilipkumar631@gmail.com\",\"mobile\":\"+85596861409\",\"address\":{\"address\":\"poipet\",\"countryCode\":\"KHM\",\"street\":\"poipet\",\"city\":\"poipet\",\"stateProvinceRegion\":\"Battambang Province\",\"zipPostalCode\":\"273154\"}},\"creditCard\":{\"name\":\"Dilip kumar gupta\",\"number\":\"5123450000000008\",\"expiryMonth\":\"10\",\"expiryYear\":\"2027\",\"cvv\":\"539\"},\"routingCode\":\"TraLUC0001\",\"redirect\":\"http:\\/\\/127.0.0.1:8000\\/xpz\\/deposit\\/gatewayResponse\"}', '{\"timestamp\":\"2025-11-28T08:01:09.4820598Z\",\"statusCode\":400,\"status\":\"BadRequest\",\"errorCode\":457,\"message\":\"This mobile number is already in use\"}', NULL, '9', '2', 'This mobile number is already in use', '127.0.0.1', '2025-11-28 08:01:23', '2025-11-28 08:01:23'),
(74, 'testmerchant005', 'GZTRN1764316906LFl', 'TR202511281501536969', '100', '90', '10', 'xprizo', 'Dilip kumar gupta', 'THB', 'DEP5K8WL83G7WP2', 'pending', 'http://127.0.0.1:8000/api/xpz/depositResponse', '6', 'card', NULL, NULL, NULL, NULL, '{\"description\":\"Success\",\"reference\":\"TR202511281501536969\",\"amount\":\"100\",\"currencyCode\":\"THB\",\"accountId\":\"8449\",\"customerData\":{\"name\":\"Dilip kumar gupta\",\"email\":\"dilipkumargupta631@gmail.com\",\"mobile\":\"+85596861409\",\"address\":{\"address\":\"poipet\",\"countryCode\":\"KHM\",\"street\":\"poipet\",\"city\":\"poipet\",\"stateProvinceRegion\":\"Battambang Province\",\"zipPostalCode\":\"273154\"}},\"creditCard\":{\"name\":\"Dilip kumar gupta\",\"number\":\"5123450000000008\",\"expiryMonth\":\"10\",\"expiryYear\":\"2027\",\"cvv\":\"539\"},\"routingCode\":\"TraLUC0001\",\"redirect\":\"http:\\/\\/127.0.0.1:8000\\/xpz\\/deposit\\/gatewayResponse\"}', '{\"key\":\"DEP5K8WL83G7WP2\",\"status\":\"Pending\",\"reference\":\"TR202511281501536969\"}', NULL, '9', '2', 'https://wallet.xprizo.com/api/card/Deposit3DSRedirect?key=DEP5K8WL83G7WP2', '127.0.0.1', '2025-11-28 08:01:58', '2025-11-28 08:02:04');

-- --------------------------------------------------------

--
-- Table structure for table `failed_jobs`
--

CREATE TABLE `failed_jobs` (
  `id` bigint(20) UNSIGNED NOT NULL,
  `uuid` varchar(255) NOT NULL,
  `connection` text NOT NULL,
  `queue` text NOT NULL,
  `payload` longtext NOT NULL,
  `exception` longtext NOT NULL,
  `failed_at` timestamp NOT NULL DEFAULT current_timestamp()
) ENGINE=InnoDB DEFAULT CHARSET=utf8mb4 COLLATE=utf8mb4_unicode_ci;

-- --------------------------------------------------------

--
-- Table structure for table `gateway_accounts`
--

CREATE TABLE `gateway_accounts` (
  `id` bigint(20) UNSIGNED NOT NULL,
  `gateway_name` varchar(255) DEFAULT NULL,
  `payment_method` varchar(255) DEFAULT NULL,
  `website_url` varchar(255) DEFAULT NULL,
  `status` tinyint(1) NOT NULL DEFAULT 1,
  `created_at` timestamp NULL DEFAULT NULL,
  `updated_at` timestamp NULL DEFAULT NULL
) ENGINE=InnoDB DEFAULT CHARSET=utf8mb4 COLLATE=utf8mb4_unicode_ci;

--
-- Dumping data for table `gateway_accounts`
--

INSERT INTO `gateway_accounts` (`id`, `gateway_name`, `payment_method`, `website_url`, `status`, `created_at`, `updated_at`) VALUES
(1, 'RichPay', 'QR', 'https://merchant.richpay.io/home', 1, '2025-08-16 04:32:46', '2025-08-19 11:27:27'),
(2, 'Help2Pay', 'QR', 'https://merchant.richpay.io/home', 0, '2025-08-16 04:32:46', '2025-09-02 04:03:00'),
(5, 'xprizo', 'card', 'https://wallet.xprizo.com/', 1, '2025-08-21 03:39:23', '2025-10-17 09:36:36'),
(8, 'Ipint Crypto', 'QR', 'http://jenkins.implogix.com:8080/job/lucratif/', 1, '2025-08-22 03:28:59', '2025-09-04 07:38:14');

-- --------------------------------------------------------

--
-- Table structure for table `gateway_channels`
--

CREATE TABLE `gateway_channels` (
  `id` bigint(20) UNSIGNED NOT NULL,
  `gateway_account_id` bigint(20) UNSIGNED NOT NULL,
  `channel_name` varchar(255) DEFAULT NULL,
  `channel_desc` varchar(255) DEFAULT NULL,
  `status` tinyint(1) NOT NULL DEFAULT 1,
  `created_at` timestamp NULL DEFAULT NULL,
  `updated_at` timestamp NULL DEFAULT NULL
) ENGINE=InnoDB DEFAULT CHARSET=utf8mb4 COLLATE=utf8mb4_unicode_ci;

--
-- Dumping data for table `gateway_channels`
--

INSERT INTO `gateway_channels` (`id`, `gateway_account_id`, `channel_name`, `channel_desc`, `status`, `created_at`, `updated_at`) VALUES
(1, 1, 'richpayPayin', 'for deposit money', 1, '2025-08-16 04:38:32', '2025-08-16 04:38:32'),
(2, 1, 'richpayPayout', 'for withdraw moneydfgdg', 0, '2025-08-16 04:38:32', '2025-11-27 03:31:03'),
(3, 5, 'X2pPayin-USD', 'deposit via Xprizo c', 1, '2025-08-22 06:57:18', '2025-11-27 03:32:43'),
(4, 8, 'IpintDeposit', 'Crypto deposit system for QR USDT', 1, '2025-09-04 07:39:00', '2025-09-04 07:39:00'),
(5, 5, 'X2pUPIpayment', 'xprizo UPI payment', 1, '2025-11-11 09:35:37', '2025-11-11 09:35:37'),
(6, 5, 'X2pPayin-THB', 'deposit via Xprizo card THB', 1, '2025-11-27 09:09:49', '2025-11-27 09:09:49');

-- --------------------------------------------------------

--
-- Table structure for table `gateway_channel_parameters`
--

CREATE TABLE `gateway_channel_parameters` (
  `id` bigint(20) UNSIGNED NOT NULL,
  `channel_id` bigint(20) UNSIGNED NOT NULL,
  `parameter_name` varchar(255) DEFAULT NULL,
  `parameter_value` longtext DEFAULT NULL,
  `created_at` timestamp NULL DEFAULT NULL,
  `updated_at` timestamp NULL DEFAULT NULL
) ENGINE=InnoDB DEFAULT CHARSET=utf8mb4 COLLATE=utf8mb4_unicode_ci;

--
-- Dumping data for table `gateway_channel_parameters`
--

INSERT INTO `gateway_channel_parameters` (`id`, `channel_id`, `parameter_name`, `parameter_value`, `created_at`, `updated_at`) VALUES
(14, 1, 'apiKey', 'c48beec83f740331c0ff58', '2025-08-25 03:55:57', '2025-08-25 03:55:57'),
(15, 1, 'secretKey', 'Z0FBQUFBQm55WHJRYllhRGdjNXl5NjFvTDRLRHNhcElGamN3', '2025-08-25 03:55:57', '2025-08-25 03:55:57'),
(16, 1, 'accessToken', 'eyJhbGciOiJIUzI1NiIsInR5cCI6IkpXVCJ9.eyJ0eXBlIjoiT1NNTyIsInNpZ25hdHVyZSI6ImNTMUNYMlZ6ZEU0MkxWUjNiMnRLZDFNeE1qQmhXRUpTZWpSTlFtOUVSVlpzWTFGblRXeHpNR1ZGVmtGRFoyNXdOSGxrTW1adVMyaFlTemxLTkRFeGFIa3phV3hwYjJVdE1VOXRlblYyY1daak16TXhVVkpIYVd0d09XeHJZV2xPVEhKVVRuZzNhV3cxVHpaMVpVNDVTMkZ0T0VoZlZraFhWRk56WW1GWGJEUkZUbEJTYXpWcVdrcHhNRXhuVkZabWN6bEJQUT09IiwiaWRlbnRpZmllciI6IlowRkJRVUZCUW01NVdISlJUa1JyZUdaVFRIcFdhMk41ZURaM2NVSm1SMmhCWkU5TU5scGxkR1E1TlV0bWNuaFZjQzExV213eFRFZGFSRXRTTUhKMFdqVm9iRGhrTTBwd2RFNU1aa1Y0VGtGYU1DMXphVmgzTlRZd1gzTXRhazVRWnpVeFMxTm5kVXBhWTBwSk0xbHdUVGRDU2tGRk5HODkifQ.gvm5-f2jGiJyDXYlaRsgLgscgQv3YS2zV7IHE4ZgWwg', '2025-08-25 03:55:57', '2025-08-25 03:55:57'),
(17, 1, 'apiUrl', 'https://service.richpay.io/api/v1/client/create_deposit', '2025-08-25 03:55:57', '2025-08-25 03:55:57'),
(18, 1, 'percentage_charge', '1.35', '2025-08-25 03:55:57', '2025-08-25 03:55:57'),
(36, 2, 'dilip', 'valueihkh', '2025-08-26 03:17:29', '2025-08-26 03:17:29'),
(37, 2, 'apikey', '34732985bhfgd', '2025-08-26 03:17:29', '2025-08-26 03:17:29'),
(43, 4, 'merchant_id', 'iPintM1732780243249', '2025-09-05 07:04:46', '2025-09-05 07:04:46'),
(44, 4, 'api_url', 'https://api.ipint.io:8003/checkout', '2025-09-05 07:04:46', '2025-09-05 07:04:46'),
(45, 4, 'apiKey', '2F4yX41QTva26mi5p5SsaqeLo4idFrye4HpqDcFNtuL4irD29uxiA39M1gsC3wFwU', '2025-09-05 07:04:46', '2025-09-05 07:04:46'),
(46, 4, 'apiSecret', '2TLcHzh13meEXwX1eruGVCiKoNVF4bRT72QhXc5d1hyq5EdcwPzsbNCgPquyZ6JZo', '2025-09-05 07:04:46', '2025-09-05 07:04:46'),
(47, 4, 'percentage_charge', '1', '2025-09-05 07:04:46', '2025-09-05 07:04:46'),
(63, 3, 'accountId', '7493', '2025-10-24 08:27:39', '2025-10-24 08:27:39'),
(64, 3, 'transferAccountId', '7493', '2025-10-24 08:27:39', '2025-10-24 08:27:39'),
(65, 3, 'apiKey', '12008-483cbb37-f1ee-46a5-a529-4c3d213ceb9c', '2025-10-24 08:27:39', '2025-10-24 08:27:39'),
(66, 3, 'api_url', 'https://wallet.xprizo.com/api/Transaction/CardDeposit?useApprovalProcess=false', '2025-10-24 08:27:39', '2025-10-24 08:27:39'),
(67, 3, 'percentage_charge', '10', '2025-10-24 08:27:39', '2025-10-24 08:27:39'),
(68, 3, 'routingCode', 'KESpay0002', '2025-10-24 08:27:39', '2025-10-24 08:27:39'),
(69, 5, 'accountId', '9700', '2025-11-11 09:39:30', '2025-11-11 09:39:30'),
(70, 5, 'transferAccountId', '9700', '2025-11-11 09:39:30', '2025-11-11 09:39:30'),
(71, 5, 'apiKey', '12008-483cbb37-f1ee-46a5-a529-4c3d213ceb9c', '2025-11-11 09:39:30', '2025-11-11 09:39:30'),
(72, 5, 'api_url', 'https://wallet.xprizo.com/api/Transaction/UpiDeposit', '2025-11-11 09:39:30', '2025-11-11 09:39:30'),
(73, 5, 'percentage_charge', '5', '2025-11-11 09:39:30', '2025-11-11 09:39:30'),
(74, 5, 'routingCode', 'IPapay0001', '2025-11-11 09:39:30', '2025-11-11 09:39:30'),
(75, 6, 'accountId', '8449', '2025-11-27 09:13:13', '2025-11-27 09:13:13'),
(76, 6, 'transferAccountId', '8449', '2025-11-27 09:13:13', '2025-11-27 09:13:13'),
(77, 6, 'apiKey', '11069-02352387-f37b-4b82-a655-1a7421709413', '2025-11-27 09:13:13', '2025-11-27 09:13:13'),
(78, 6, 'api_url', 'https://wallet.xprizo.com/api/Transaction/CardDeposit', '2025-11-27 09:13:13', '2025-11-27 09:13:13'),
(79, 6, 'percentage_charge', '10', '2025-11-27 09:13:13', '2025-11-27 09:13:13'),
(80, 6, 'routingCode', 'TraLUC0001', '2025-11-27 09:13:13', '2025-11-27 09:13:13');

-- --------------------------------------------------------

--
-- Table structure for table `gateway_configuration_merchants`
--

CREATE TABLE `gateway_configuration_merchants` (
  `id` bigint(20) UNSIGNED NOT NULL,
  `gateway_account_id` bigint(20) UNSIGNED NOT NULL,
  `merchant_id` bigint(20) UNSIGNED NOT NULL,
  `status` tinyint(1) NOT NULL DEFAULT 1,
  `created_at` timestamp NULL DEFAULT NULL,
  `updated_at` timestamp NULL DEFAULT NULL
) ENGINE=InnoDB DEFAULT CHARSET=utf8mb4 COLLATE=utf8mb4_unicode_ci;

--
-- Dumping data for table `gateway_configuration_merchants`
--

INSERT INTO `gateway_configuration_merchants` (`id`, `gateway_account_id`, `merchant_id`, `status`, `created_at`, `updated_at`) VALUES
(1, 1, 1, 1, '2025-08-16 04:50:03', '2025-08-16 04:50:03'),
(2, 1, 2, 1, '2025-08-16 04:50:03', '2025-08-28 06:42:59'),
(4, 5, 2, 1, '2025-08-28 06:55:03', '2025-10-18 06:30:48'),
(9, 8, 2, 1, '2025-09-05 06:51:11', '2025-09-05 06:51:42');

-- --------------------------------------------------------

--
-- Table structure for table `jobs`
--

CREATE TABLE `jobs` (
  `id` bigint(20) UNSIGNED NOT NULL,
  `queue` varchar(255) NOT NULL,
  `payload` longtext NOT NULL,
  `attempts` tinyint(3) UNSIGNED NOT NULL,
  `reserved_at` int(10) UNSIGNED DEFAULT NULL,
  `available_at` int(10) UNSIGNED NOT NULL,
  `created_at` int(10) UNSIGNED NOT NULL
) ENGINE=InnoDB DEFAULT CHARSET=utf8mb4 COLLATE=utf8mb4_unicode_ci;

--
-- Dumping data for table `jobs`
--

INSERT INTO `jobs` (`id`, `queue`, `payload`, `attempts`, `reserved_at`, `available_at`, `created_at`) VALUES
(36, 'default', '{\"uuid\":\"d4f5cf7c-0555-4351-8740-9ed530883a29\",\"displayName\":\"App\\\\Events\\\\DepositCreated\",\"job\":\"Illuminate\\\\Queue\\\\CallQueuedHandler@call\",\"maxTries\":null,\"maxExceptions\":null,\"failOnTimeout\":false,\"backoff\":null,\"timeout\":null,\"retryUntil\":null,\"data\":{\"commandName\":\"Illuminate\\\\Broadcasting\\\\BroadcastEvent\",\"command\":\"O:38:\\\"Illuminate\\\\Broadcasting\\\\BroadcastEvent\\\":14:{s:5:\\\"event\\\";O:25:\\\"App\\\\Events\\\\DepositCreated\\\":1:{s:4:\\\"post\\\";a:6:{s:4:\\\"type\\\";s:7:\\\"Deposit\\\";s:14:\\\"transaction_id\\\";s:4:\\\"tttt\\\";s:6:\\\"amount\\\";s:7:\\\"1000000\\\";s:8:\\\"Currency\\\";s:6:\\\"gfgfgf\\\";s:6:\\\"status\\\";s:7:\\\"pending\\\";s:3:\\\"msg\\\";s:32:\\\"New Deposit Transaction Created!\\\";}}s:5:\\\"tries\\\";N;s:7:\\\"timeout\\\";N;s:7:\\\"backoff\\\";N;s:13:\\\"maxExceptions\\\";N;s:10:\\\"connection\\\";N;s:5:\\\"queue\\\";N;s:5:\\\"delay\\\";N;s:11:\\\"afterCommit\\\";N;s:10:\\\"middleware\\\";a:0:{}s:7:\\\"chained\\\";a:0:{}s:15:\\\"chainConnection\\\";N;s:10:\\\"chainQueue\\\";N;s:19:\\\"chainCatchCallbacks\\\";N;}\"}}', 0, NULL, 1757924148, 1757924148),
(37, 'default', '{\"uuid\":\"2b878186-bcfd-4600-9d64-4205e07d6aab\",\"displayName\":\"App\\\\Events\\\\DepositCreated\",\"job\":\"Illuminate\\\\Queue\\\\CallQueuedHandler@call\",\"maxTries\":null,\"maxExceptions\":null,\"failOnTimeout\":false,\"backoff\":null,\"timeout\":null,\"retryUntil\":null,\"data\":{\"commandName\":\"Illuminate\\\\Broadcasting\\\\BroadcastEvent\",\"command\":\"O:38:\\\"Illuminate\\\\Broadcasting\\\\BroadcastEvent\\\":14:{s:5:\\\"event\\\";O:25:\\\"App\\\\Events\\\\DepositCreated\\\":1:{s:4:\\\"post\\\";a:6:{s:4:\\\"type\\\";s:7:\\\"Deposit\\\";s:14:\\\"transaction_id\\\";s:4:\\\"fhgh\\\";s:6:\\\"amount\\\";s:7:\\\"1000000\\\";s:8:\\\"Currency\\\";s:5:\\\"fhfth\\\";s:6:\\\"status\\\";s:7:\\\"pending\\\";s:3:\\\"msg\\\";s:32:\\\"New Deposit Transaction Created!\\\";}}s:5:\\\"tries\\\";N;s:7:\\\"timeout\\\";N;s:7:\\\"backoff\\\";N;s:13:\\\"maxExceptions\\\";N;s:10:\\\"connection\\\";N;s:5:\\\"queue\\\";N;s:5:\\\"delay\\\";N;s:11:\\\"afterCommit\\\";N;s:10:\\\"middleware\\\";a:0:{}s:7:\\\"chained\\\";a:0:{}s:15:\\\"chainConnection\\\";N;s:10:\\\"chainQueue\\\";N;s:19:\\\"chainCatchCallbacks\\\";N;}\"}}', 0, NULL, 1757924155, 1757924155),
(38, 'default', '{\"uuid\":\"20ba01a1-68c2-478a-83ea-c29b941cdacf\",\"displayName\":\"App\\\\Events\\\\DepositCreated\",\"job\":\"Illuminate\\\\Queue\\\\CallQueuedHandler@call\",\"maxTries\":null,\"maxExceptions\":null,\"failOnTimeout\":false,\"backoff\":null,\"timeout\":null,\"retryUntil\":null,\"data\":{\"commandName\":\"Illuminate\\\\Broadcasting\\\\BroadcastEvent\",\"command\":\"O:38:\\\"Illuminate\\\\Broadcasting\\\\BroadcastEvent\\\":14:{s:5:\\\"event\\\";O:25:\\\"App\\\\Events\\\\DepositCreated\\\":1:{s:4:\\\"post\\\";a:6:{s:4:\\\"type\\\";s:7:\\\"Deposit\\\";s:14:\\\"transaction_id\\\";s:4:\\\"fhgh\\\";s:6:\\\"amount\\\";s:7:\\\"1000000\\\";s:8:\\\"Currency\\\";s:5:\\\"fhfth\\\";s:6:\\\"status\\\";s:7:\\\"pending\\\";s:3:\\\"msg\\\";s:32:\\\"New Deposit Transaction Created!\\\";}}s:5:\\\"tries\\\";N;s:7:\\\"timeout\\\";N;s:7:\\\"backoff\\\";N;s:13:\\\"maxExceptions\\\";N;s:10:\\\"connection\\\";N;s:5:\\\"queue\\\";N;s:5:\\\"delay\\\";N;s:11:\\\"afterCommit\\\";N;s:10:\\\"middleware\\\";a:0:{}s:7:\\\"chained\\\";a:0:{}s:15:\\\"chainConnection\\\";N;s:10:\\\"chainQueue\\\";N;s:19:\\\"chainCatchCallbacks\\\";N;}\"}}', 0, NULL, 1757924187, 1757924187),
(39, 'default', '{\"uuid\":\"a4db974d-3033-4182-b556-9ff16db9cc8f\",\"displayName\":\"App\\\\Events\\\\DepositCreated\",\"job\":\"Illuminate\\\\Queue\\\\CallQueuedHandler@call\",\"maxTries\":null,\"maxExceptions\":null,\"failOnTimeout\":false,\"backoff\":null,\"timeout\":null,\"retryUntil\":null,\"data\":{\"commandName\":\"Illuminate\\\\Broadcasting\\\\BroadcastEvent\",\"command\":\"O:38:\\\"Illuminate\\\\Broadcasting\\\\BroadcastEvent\\\":14:{s:5:\\\"event\\\";O:25:\\\"App\\\\Events\\\\DepositCreated\\\":1:{s:4:\\\"post\\\";a:6:{s:4:\\\"type\\\";s:7:\\\"Deposit\\\";s:14:\\\"transaction_id\\\";s:5:\\\"fghfh\\\";s:6:\\\"amount\\\";s:7:\\\"1000000\\\";s:8:\\\"Currency\\\";s:6:\\\"fghfgh\\\";s:6:\\\"status\\\";s:7:\\\"pending\\\";s:3:\\\"msg\\\";s:32:\\\"New Deposit Transaction Created!\\\";}}s:5:\\\"tries\\\";N;s:7:\\\"timeout\\\";N;s:7:\\\"backoff\\\";N;s:13:\\\"maxExceptions\\\";N;s:10:\\\"connection\\\";N;s:5:\\\"queue\\\";N;s:5:\\\"delay\\\";N;s:11:\\\"afterCommit\\\";N;s:10:\\\"middleware\\\";a:0:{}s:7:\\\"chained\\\";a:0:{}s:15:\\\"chainConnection\\\";N;s:10:\\\"chainQueue\\\";N;s:19:\\\"chainCatchCallbacks\\\";N;}\"}}', 0, NULL, 1757924194, 1757924194),
(40, 'default', '{\"uuid\":\"997ac830-46fd-4031-aa00-68c3116ae0b2\",\"displayName\":\"App\\\\Events\\\\DepositCreated\",\"job\":\"Illuminate\\\\Queue\\\\CallQueuedHandler@call\",\"maxTries\":null,\"maxExceptions\":null,\"failOnTimeout\":false,\"backoff\":null,\"timeout\":null,\"retryUntil\":null,\"data\":{\"commandName\":\"Illuminate\\\\Broadcasting\\\\BroadcastEvent\",\"command\":\"O:38:\\\"Illuminate\\\\Broadcasting\\\\BroadcastEvent\\\":14:{s:5:\\\"event\\\";O:25:\\\"App\\\\Events\\\\DepositCreated\\\":1:{s:4:\\\"post\\\";a:6:{s:4:\\\"type\\\";s:7:\\\"Deposit\\\";s:14:\\\"transaction_id\\\";s:5:\\\"fghfh\\\";s:6:\\\"amount\\\";s:7:\\\"1000000\\\";s:8:\\\"Currency\\\";s:6:\\\"fghfgh\\\";s:6:\\\"status\\\";s:7:\\\"pending\\\";s:3:\\\"msg\\\";s:32:\\\"New Deposit Transaction Created!\\\";}}s:5:\\\"tries\\\";N;s:7:\\\"timeout\\\";N;s:7:\\\"backoff\\\";N;s:13:\\\"maxExceptions\\\";N;s:10:\\\"connection\\\";N;s:5:\\\"queue\\\";N;s:5:\\\"delay\\\";N;s:11:\\\"afterCommit\\\";N;s:10:\\\"middleware\\\";a:0:{}s:7:\\\"chained\\\";a:0:{}s:15:\\\"chainConnection\\\";N;s:10:\\\"chainQueue\\\";N;s:19:\\\"chainCatchCallbacks\\\";N;}\"}}', 0, NULL, 1757924211, 1757924211),
(41, 'default', '{\"uuid\":\"53d1e1cd-1cc7-4599-8f61-a6d27b624c18\",\"displayName\":\"App\\\\Events\\\\DepositCreated\",\"job\":\"Illuminate\\\\Queue\\\\CallQueuedHandler@call\",\"maxTries\":null,\"maxExceptions\":null,\"failOnTimeout\":false,\"backoff\":null,\"timeout\":null,\"retryUntil\":null,\"data\":{\"commandName\":\"Illuminate\\\\Broadcasting\\\\BroadcastEvent\",\"command\":\"O:38:\\\"Illuminate\\\\Broadcasting\\\\BroadcastEvent\\\":14:{s:5:\\\"event\\\";O:25:\\\"App\\\\Events\\\\DepositCreated\\\":1:{s:4:\\\"post\\\";a:6:{s:4:\\\"type\\\";s:7:\\\"Deposit\\\";s:14:\\\"transaction_id\\\";s:6:\\\"gfhfdh\\\";s:6:\\\"amount\\\";s:7:\\\"1000000\\\";s:8:\\\"Currency\\\";s:6:\\\"hdfdfh\\\";s:6:\\\"status\\\";s:7:\\\"pending\\\";s:3:\\\"msg\\\";s:32:\\\"New Deposit Transaction Created!\\\";}}s:5:\\\"tries\\\";N;s:7:\\\"timeout\\\";N;s:7:\\\"backoff\\\";N;s:13:\\\"maxExceptions\\\";N;s:10:\\\"connection\\\";N;s:5:\\\"queue\\\";N;s:5:\\\"delay\\\";N;s:11:\\\"afterCommit\\\";N;s:10:\\\"middleware\\\";a:0:{}s:7:\\\"chained\\\";a:0:{}s:15:\\\"chainConnection\\\";N;s:10:\\\"chainQueue\\\";N;s:19:\\\"chainCatchCallbacks\\\";N;}\"}}', 0, NULL, 1757924225, 1757924225),
(42, 'default', '{\"uuid\":\"650b3249-2811-4bd7-8cb6-e053182ea335\",\"displayName\":\"App\\\\Events\\\\DepositCreated\",\"job\":\"Illuminate\\\\Queue\\\\CallQueuedHandler@call\",\"maxTries\":null,\"maxExceptions\":null,\"failOnTimeout\":false,\"backoff\":null,\"timeout\":null,\"retryUntil\":null,\"data\":{\"commandName\":\"Illuminate\\\\Broadcasting\\\\BroadcastEvent\",\"command\":\"O:38:\\\"Illuminate\\\\Broadcasting\\\\BroadcastEvent\\\":14:{s:5:\\\"event\\\";O:25:\\\"App\\\\Events\\\\DepositCreated\\\":1:{s:4:\\\"post\\\";a:6:{s:4:\\\"type\\\";s:7:\\\"Deposit\\\";s:14:\\\"transaction_id\\\";s:8:\\\"bhjmgbhj\\\";s:6:\\\"amount\\\";s:7:\\\"1000000\\\";s:8:\\\"Currency\\\";s:6:\\\"gfjgfj\\\";s:6:\\\"status\\\";s:7:\\\"pending\\\";s:3:\\\"msg\\\";s:32:\\\"New Deposit Transaction Created!\\\";}}s:5:\\\"tries\\\";N;s:7:\\\"timeout\\\";N;s:7:\\\"backoff\\\";N;s:13:\\\"maxExceptions\\\";N;s:10:\\\"connection\\\";N;s:5:\\\"queue\\\";N;s:5:\\\"delay\\\";N;s:11:\\\"afterCommit\\\";N;s:10:\\\"middleware\\\";a:0:{}s:7:\\\"chained\\\";a:0:{}s:15:\\\"chainConnection\\\";N;s:10:\\\"chainQueue\\\";N;s:19:\\\"chainCatchCallbacks\\\";N;}\"}}', 0, NULL, 1757924755, 1757924755),
(43, 'default', '{\"uuid\":\"354591bc-c276-41c8-adbd-deee82ca3065\",\"displayName\":\"App\\\\Events\\\\DepositCreated\",\"job\":\"Illuminate\\\\Queue\\\\CallQueuedHandler@call\",\"maxTries\":null,\"maxExceptions\":null,\"failOnTimeout\":false,\"backoff\":null,\"timeout\":null,\"retryUntil\":null,\"data\":{\"commandName\":\"Illuminate\\\\Broadcasting\\\\BroadcastEvent\",\"command\":\"O:38:\\\"Illuminate\\\\Broadcasting\\\\BroadcastEvent\\\":14:{s:5:\\\"event\\\";O:25:\\\"App\\\\Events\\\\DepositCreated\\\":1:{s:4:\\\"post\\\";a:6:{s:4:\\\"type\\\";s:7:\\\"Deposit\\\";s:14:\\\"transaction_id\\\";s:20:\\\"TR202509191342009746\\\";s:6:\\\"amount\\\";s:4:\\\"1008\\\";s:8:\\\"Currency\\\";s:3:\\\"THB\\\";s:6:\\\"status\\\";s:7:\\\"pending\\\";s:3:\\\"msg\\\";s:32:\\\"New Deposit Transaction Created!\\\";}}s:5:\\\"tries\\\";N;s:7:\\\"timeout\\\";N;s:7:\\\"backoff\\\";N;s:13:\\\"maxExceptions\\\";N;s:10:\\\"connection\\\";N;s:5:\\\"queue\\\";N;s:5:\\\"delay\\\";N;s:11:\\\"afterCommit\\\";N;s:10:\\\"middleware\\\";a:0:{}s:7:\\\"chained\\\";a:0:{}s:15:\\\"chainConnection\\\";N;s:10:\\\"chainQueue\\\";N;s:19:\\\"chainCatchCallbacks\\\";N;}\"}}', 0, NULL, 1758264121, 1758264121),
(44, 'default', '{\"uuid\":\"be1fd0e2-47be-41d7-9f6e-6faa26b9efb5\",\"displayName\":\"App\\\\Events\\\\DepositCreated\",\"job\":\"Illuminate\\\\Queue\\\\CallQueuedHandler@call\",\"maxTries\":null,\"maxExceptions\":null,\"failOnTimeout\":false,\"backoff\":null,\"timeout\":null,\"retryUntil\":null,\"data\":{\"commandName\":\"Illuminate\\\\Broadcasting\\\\BroadcastEvent\",\"command\":\"O:38:\\\"Illuminate\\\\Broadcasting\\\\BroadcastEvent\\\":14:{s:5:\\\"event\\\";O:25:\\\"App\\\\Events\\\\DepositCreated\\\":1:{s:4:\\\"post\\\";a:6:{s:4:\\\"type\\\";s:7:\\\"Deposit\\\";s:14:\\\"transaction_id\\\";s:20:\\\"TR202509191611118305\\\";s:6:\\\"amount\\\";s:4:\\\"1000\\\";s:8:\\\"Currency\\\";s:3:\\\"THB\\\";s:6:\\\"status\\\";s:7:\\\"pending\\\";s:3:\\\"msg\\\";s:32:\\\"New Deposit Transaction Created!\\\";}}s:5:\\\"tries\\\";N;s:7:\\\"timeout\\\";N;s:7:\\\"backoff\\\";N;s:13:\\\"maxExceptions\\\";N;s:10:\\\"connection\\\";N;s:5:\\\"queue\\\";N;s:5:\\\"delay\\\";N;s:11:\\\"afterCommit\\\";N;s:10:\\\"middleware\\\";a:0:{}s:7:\\\"chained\\\";a:0:{}s:15:\\\"chainConnection\\\";N;s:10:\\\"chainQueue\\\";N;s:19:\\\"chainCatchCallbacks\\\";N;}\"}}', 0, NULL, 1758273072, 1758273072),
(45, 'default', '{\"uuid\":\"b12e2887-ad20-4cb5-bb07-c4d53a691c71\",\"displayName\":\"App\\\\Events\\\\DepositCreated\",\"job\":\"Illuminate\\\\Queue\\\\CallQueuedHandler@call\",\"maxTries\":null,\"maxExceptions\":null,\"failOnTimeout\":false,\"backoff\":null,\"timeout\":null,\"retryUntil\":null,\"data\":{\"commandName\":\"Illuminate\\\\Broadcasting\\\\BroadcastEvent\",\"command\":\"O:38:\\\"Illuminate\\\\Broadcasting\\\\BroadcastEvent\\\":14:{s:5:\\\"event\\\";O:25:\\\"App\\\\Events\\\\DepositCreated\\\":1:{s:4:\\\"post\\\";a:6:{s:4:\\\"type\\\";s:19:\\\"Transaction Updated\\\";s:14:\\\"transaction_id\\\";s:20:\\\"TR202509191611118305\\\";s:6:\\\"amount\\\";s:4:\\\"1000\\\";s:8:\\\"Currency\\\";s:3:\\\"THB\\\";s:6:\\\"status\\\";s:10:\\\"processing\\\";s:3:\\\"msg\\\";s:27:\\\"Transaction Status Updated!\\\";}}s:5:\\\"tries\\\";N;s:7:\\\"timeout\\\";N;s:7:\\\"backoff\\\";N;s:13:\\\"maxExceptions\\\";N;s:10:\\\"connection\\\";N;s:5:\\\"queue\\\";N;s:5:\\\"delay\\\";N;s:11:\\\"afterCommit\\\";N;s:10:\\\"middleware\\\";a:0:{}s:7:\\\"chained\\\";a:0:{}s:15:\\\"chainConnection\\\";N;s:10:\\\"chainQueue\\\";N;s:19:\\\"chainCatchCallbacks\\\";N;}\"}}', 0, NULL, 1758273223, 1758273223),
(46, 'default', '{\"uuid\":\"0b3e8ab8-3eb6-4882-9422-ea38cca9b848\",\"displayName\":\"App\\\\Events\\\\DepositCreated\",\"job\":\"Illuminate\\\\Queue\\\\CallQueuedHandler@call\",\"maxTries\":null,\"maxExceptions\":null,\"failOnTimeout\":false,\"backoff\":null,\"timeout\":null,\"retryUntil\":null,\"data\":{\"commandName\":\"Illuminate\\\\Broadcasting\\\\BroadcastEvent\",\"command\":\"O:38:\\\"Illuminate\\\\Broadcasting\\\\BroadcastEvent\\\":14:{s:5:\\\"event\\\";O:25:\\\"App\\\\Events\\\\DepositCreated\\\":1:{s:4:\\\"post\\\";a:6:{s:4:\\\"type\\\";s:31:\\\"Notification send Successfully!\\\";s:14:\\\"transaction_id\\\";s:20:\\\"TR202509191611118305\\\";s:6:\\\"amount\\\";s:4:\\\"1000\\\";s:8:\\\"Currency\\\";s:3:\\\"THB\\\";s:6:\\\"status\\\";s:10:\\\"processing\\\";s:3:\\\"msg\\\";s:25:\\\"One Transaction notified!\\\";}}s:5:\\\"tries\\\";N;s:7:\\\"timeout\\\";N;s:7:\\\"backoff\\\";N;s:13:\\\"maxExceptions\\\";N;s:10:\\\"connection\\\";N;s:5:\\\"queue\\\";N;s:5:\\\"delay\\\";N;s:11:\\\"afterCommit\\\";N;s:10:\\\"middleware\\\";a:0:{}s:7:\\\"chained\\\";a:0:{}s:15:\\\"chainConnection\\\";N;s:10:\\\"chainQueue\\\";N;s:19:\\\"chainCatchCallbacks\\\";N;}\"}}', 0, NULL, 1758273848, 1758273848),
(47, 'default', '{\"uuid\":\"cabbcd2f-40de-4d91-8d52-75b553a8d96e\",\"displayName\":\"App\\\\Events\\\\DepositCreated\",\"job\":\"Illuminate\\\\Queue\\\\CallQueuedHandler@call\",\"maxTries\":null,\"maxExceptions\":null,\"failOnTimeout\":false,\"backoff\":null,\"timeout\":null,\"retryUntil\":null,\"data\":{\"commandName\":\"Illuminate\\\\Broadcasting\\\\BroadcastEvent\",\"command\":\"O:38:\\\"Illuminate\\\\Broadcasting\\\\BroadcastEvent\\\":14:{s:5:\\\"event\\\";O:25:\\\"App\\\\Events\\\\DepositCreated\\\":1:{s:4:\\\"post\\\";a:6:{s:4:\\\"type\\\";s:31:\\\"Notification send Successfully!\\\";s:14:\\\"transaction_id\\\";s:20:\\\"TR202509131440391106\\\";s:6:\\\"amount\\\";s:5:\\\"100.0\\\";s:8:\\\"Currency\\\";s:4:\\\"USDT\\\";s:6:\\\"status\\\";s:7:\\\"pending\\\";s:3:\\\"msg\\\";s:25:\\\"One Transaction notified!\\\";}}s:5:\\\"tries\\\";N;s:7:\\\"timeout\\\";N;s:7:\\\"backoff\\\";N;s:13:\\\"maxExceptions\\\";N;s:10:\\\"connection\\\";N;s:5:\\\"queue\\\";N;s:5:\\\"delay\\\";N;s:11:\\\"afterCommit\\\";N;s:10:\\\"middleware\\\";a:0:{}s:7:\\\"chained\\\";a:0:{}s:15:\\\"chainConnection\\\";N;s:10:\\\"chainQueue\\\";N;s:19:\\\"chainCatchCallbacks\\\";N;}\"}}', 0, NULL, 1758274309, 1758274309),
(48, 'default', '{\"uuid\":\"36932037-7cb6-43e2-afeb-4e152590c7ff\",\"displayName\":\"App\\\\Events\\\\DepositCreated\",\"job\":\"Illuminate\\\\Queue\\\\CallQueuedHandler@call\",\"maxTries\":null,\"maxExceptions\":null,\"failOnTimeout\":false,\"backoff\":null,\"timeout\":null,\"retryUntil\":null,\"data\":{\"commandName\":\"Illuminate\\\\Broadcasting\\\\BroadcastEvent\",\"command\":\"O:38:\\\"Illuminate\\\\Broadcasting\\\\BroadcastEvent\\\":14:{s:5:\\\"event\\\";O:25:\\\"App\\\\Events\\\\DepositCreated\\\":1:{s:4:\\\"post\\\";a:6:{s:4:\\\"type\\\";s:31:\\\"Notification send Successfully!\\\";s:14:\\\"transaction_id\\\";s:20:\\\"TR202508191343322930\\\";s:6:\\\"amount\\\";s:9:\\\"120154.00\\\";s:8:\\\"Currency\\\";s:3:\\\"THB\\\";s:6:\\\"status\\\";s:7:\\\"success\\\";s:3:\\\"msg\\\";s:25:\\\"One Transaction notified!\\\";}}s:5:\\\"tries\\\";N;s:7:\\\"timeout\\\";N;s:7:\\\"backoff\\\";N;s:13:\\\"maxExceptions\\\";N;s:10:\\\"connection\\\";N;s:5:\\\"queue\\\";N;s:5:\\\"delay\\\";N;s:11:\\\"afterCommit\\\";N;s:10:\\\"middleware\\\";a:0:{}s:7:\\\"chained\\\";a:0:{}s:15:\\\"chainConnection\\\";N;s:10:\\\"chainQueue\\\";N;s:19:\\\"chainCatchCallbacks\\\";N;}\"}}', 0, NULL, 1758274332, 1758274332),
(49, 'default', '{\"uuid\":\"508a986c-c8f9-4c2b-9a29-9fd5cd731d81\",\"displayName\":\"App\\\\Events\\\\DepositCreated\",\"job\":\"Illuminate\\\\Queue\\\\CallQueuedHandler@call\",\"maxTries\":null,\"maxExceptions\":null,\"failOnTimeout\":false,\"backoff\":null,\"timeout\":null,\"retryUntil\":null,\"data\":{\"commandName\":\"Illuminate\\\\Broadcasting\\\\BroadcastEvent\",\"command\":\"O:38:\\\"Illuminate\\\\Broadcasting\\\\BroadcastEvent\\\":14:{s:5:\\\"event\\\";O:25:\\\"App\\\\Events\\\\DepositCreated\\\":1:{s:4:\\\"post\\\";a:6:{s:4:\\\"type\\\";s:31:\\\"Notification send Successfully!\\\";s:14:\\\"transaction_id\\\";s:20:\\\"TR202509051430214269\\\";s:6:\\\"amount\\\";s:10:\\\"0.00887636\\\";s:8:\\\"Currency\\\";s:3:\\\"BTC\\\";s:6:\\\"status\\\";s:6:\\\"failed\\\";s:3:\\\"msg\\\";s:25:\\\"One Transaction notified!\\\";}}s:5:\\\"tries\\\";N;s:7:\\\"timeout\\\";N;s:7:\\\"backoff\\\";N;s:13:\\\"maxExceptions\\\";N;s:10:\\\"connection\\\";N;s:5:\\\"queue\\\";N;s:5:\\\"delay\\\";N;s:11:\\\"afterCommit\\\";N;s:10:\\\"middleware\\\";a:0:{}s:7:\\\"chained\\\";a:0:{}s:15:\\\"chainConnection\\\";N;s:10:\\\"chainQueue\\\";N;s:19:\\\"chainCatchCallbacks\\\";N;}\"}}', 0, NULL, 1758274368, 1758274368),
(50, 'default', '{\"uuid\":\"484073fa-dee8-4bed-83a4-31298456e1fe\",\"displayName\":\"App\\\\Events\\\\DepositCreated\",\"job\":\"Illuminate\\\\Queue\\\\CallQueuedHandler@call\",\"maxTries\":null,\"maxExceptions\":null,\"failOnTimeout\":false,\"backoff\":null,\"timeout\":null,\"retryUntil\":null,\"data\":{\"commandName\":\"Illuminate\\\\Broadcasting\\\\BroadcastEvent\",\"command\":\"O:38:\\\"Illuminate\\\\Broadcasting\\\\BroadcastEvent\\\":14:{s:5:\\\"event\\\";O:25:\\\"App\\\\Events\\\\DepositCreated\\\":1:{s:4:\\\"post\\\";a:6:{s:4:\\\"type\\\";s:7:\\\"Deposit\\\";s:14:\\\"transaction_id\\\";s:20:\\\"TR202509291117273829\\\";s:6:\\\"amount\\\";s:4:\\\"5000\\\";s:8:\\\"Currency\\\";s:3:\\\"THB\\\";s:6:\\\"status\\\";s:7:\\\"pending\\\";s:3:\\\"msg\\\";s:32:\\\"New Deposit Transaction Created!\\\";}}s:5:\\\"tries\\\";N;s:7:\\\"timeout\\\";N;s:7:\\\"backoff\\\";N;s:13:\\\"maxExceptions\\\";N;s:10:\\\"connection\\\";N;s:5:\\\"queue\\\";N;s:5:\\\"delay\\\";N;s:11:\\\"afterCommit\\\";N;s:10:\\\"middleware\\\";a:0:{}s:7:\\\"chained\\\";a:0:{}s:15:\\\"chainConnection\\\";N;s:10:\\\"chainQueue\\\";N;s:19:\\\"chainCatchCallbacks\\\";N;}\"}}', 0, NULL, 1759119449, 1759119449),
(51, 'default', '{\"uuid\":\"c77c3db0-25bf-4082-8d01-c906c3537909\",\"displayName\":\"App\\\\Events\\\\DepositCreated\",\"job\":\"Illuminate\\\\Queue\\\\CallQueuedHandler@call\",\"maxTries\":null,\"maxExceptions\":null,\"failOnTimeout\":false,\"backoff\":null,\"timeout\":null,\"retryUntil\":null,\"data\":{\"commandName\":\"Illuminate\\\\Broadcasting\\\\BroadcastEvent\",\"command\":\"O:38:\\\"Illuminate\\\\Broadcasting\\\\BroadcastEvent\\\":14:{s:5:\\\"event\\\";O:25:\\\"App\\\\Events\\\\DepositCreated\\\":1:{s:4:\\\"post\\\";a:6:{s:4:\\\"type\\\";s:19:\\\"Transaction Updated\\\";s:14:\\\"transaction_id\\\";s:20:\\\"TR202509291117273829\\\";s:6:\\\"amount\\\";s:6:\\\"155.13\\\";s:8:\\\"Currency\\\";s:4:\\\"USDT\\\";s:6:\\\"status\\\";s:7:\\\"pending\\\";s:3:\\\"msg\\\";s:27:\\\"Transaction Status Updated!\\\";}}s:5:\\\"tries\\\";N;s:7:\\\"timeout\\\";N;s:7:\\\"backoff\\\";N;s:13:\\\"maxExceptions\\\";N;s:10:\\\"connection\\\";N;s:5:\\\"queue\\\";N;s:5:\\\"delay\\\";N;s:11:\\\"afterCommit\\\";N;s:10:\\\"middleware\\\";a:0:{}s:7:\\\"chained\\\";a:0:{}s:15:\\\"chainConnection\\\";N;s:10:\\\"chainQueue\\\";N;s:19:\\\"chainCatchCallbacks\\\";N;}\"}}', 0, NULL, 1759119463, 1759119463),
(52, 'default', '{\"uuid\":\"621c3221-a47b-4708-9244-bed1d986397e\",\"displayName\":\"App\\\\Events\\\\DepositCreated\",\"job\":\"Illuminate\\\\Queue\\\\CallQueuedHandler@call\",\"maxTries\":null,\"maxExceptions\":null,\"failOnTimeout\":false,\"backoff\":null,\"timeout\":null,\"retryUntil\":null,\"data\":{\"commandName\":\"Illuminate\\\\Broadcasting\\\\BroadcastEvent\",\"command\":\"O:38:\\\"Illuminate\\\\Broadcasting\\\\BroadcastEvent\\\":14:{s:5:\\\"event\\\";O:25:\\\"App\\\\Events\\\\DepositCreated\\\":1:{s:4:\\\"post\\\";a:6:{s:4:\\\"type\\\";s:7:\\\"Deposit\\\";s:14:\\\"transaction_id\\\";s:20:\\\"TR202510141032557665\\\";s:6:\\\"amount\\\";s:4:\\\"1000\\\";s:8:\\\"Currency\\\";s:3:\\\"THB\\\";s:6:\\\"status\\\";s:7:\\\"pending\\\";s:3:\\\"msg\\\";s:32:\\\"New Deposit Transaction Created!\\\";}}s:5:\\\"tries\\\";N;s:7:\\\"timeout\\\";N;s:7:\\\"backoff\\\";N;s:13:\\\"maxExceptions\\\";N;s:10:\\\"connection\\\";N;s:5:\\\"queue\\\";N;s:5:\\\"delay\\\";N;s:11:\\\"afterCommit\\\";N;s:10:\\\"middleware\\\";a:0:{}s:7:\\\"chained\\\";a:0:{}s:15:\\\"chainConnection\\\";N;s:10:\\\"chainQueue\\\";N;s:19:\\\"chainCatchCallbacks\\\";N;}\"}}', 0, NULL, 1760412777, 1760412777),
(53, 'default', '{\"uuid\":\"5983cdda-f892-4f0d-894b-2d70f17112ec\",\"displayName\":\"App\\\\Events\\\\DepositCreated\",\"job\":\"Illuminate\\\\Queue\\\\CallQueuedHandler@call\",\"maxTries\":null,\"maxExceptions\":null,\"failOnTimeout\":false,\"backoff\":null,\"timeout\":null,\"retryUntil\":null,\"data\":{\"commandName\":\"Illuminate\\\\Broadcasting\\\\BroadcastEvent\",\"command\":\"O:38:\\\"Illuminate\\\\Broadcasting\\\\BroadcastEvent\\\":14:{s:5:\\\"event\\\";O:25:\\\"App\\\\Events\\\\DepositCreated\\\":1:{s:4:\\\"post\\\";a:6:{s:4:\\\"type\\\";s:19:\\\"Transaction Updated\\\";s:14:\\\"transaction_id\\\";s:20:\\\"TR202510141032557665\\\";s:6:\\\"amount\\\";s:4:\\\"1000\\\";s:8:\\\"Currency\\\";s:3:\\\"THB\\\";s:6:\\\"status\\\";s:7:\\\"pending\\\";s:3:\\\"msg\\\";s:27:\\\"Transaction Status Updated!\\\";}}s:5:\\\"tries\\\";N;s:7:\\\"timeout\\\";N;s:7:\\\"backoff\\\";N;s:13:\\\"maxExceptions\\\";N;s:10:\\\"connection\\\";N;s:5:\\\"queue\\\";N;s:5:\\\"delay\\\";N;s:11:\\\"afterCommit\\\";N;s:10:\\\"middleware\\\";a:0:{}s:7:\\\"chained\\\";a:0:{}s:15:\\\"chainConnection\\\";N;s:10:\\\"chainQueue\\\";N;s:19:\\\"chainCatchCallbacks\\\";N;}\"}}', 0, NULL, 1760412927, 1760412927),
(54, 'default', '{\"uuid\":\"1dab26b1-0629-4cdd-8c8c-5cd3defbc025\",\"displayName\":\"App\\\\Events\\\\DepositCreated\",\"job\":\"Illuminate\\\\Queue\\\\CallQueuedHandler@call\",\"maxTries\":null,\"maxExceptions\":null,\"failOnTimeout\":false,\"backoff\":null,\"timeout\":null,\"retryUntil\":null,\"data\":{\"commandName\":\"Illuminate\\\\Broadcasting\\\\BroadcastEvent\",\"command\":\"O:38:\\\"Illuminate\\\\Broadcasting\\\\BroadcastEvent\\\":14:{s:5:\\\"event\\\";O:25:\\\"App\\\\Events\\\\DepositCreated\\\":1:{s:4:\\\"post\\\";a:6:{s:4:\\\"type\\\";s:7:\\\"Deposit\\\";s:14:\\\"transaction_id\\\";s:20:\\\"TR202510141039547064\\\";s:6:\\\"amount\\\";s:5:\\\"10000\\\";s:8:\\\"Currency\\\";s:3:\\\"THB\\\";s:6:\\\"status\\\";s:7:\\\"pending\\\";s:3:\\\"msg\\\";s:32:\\\"New Deposit Transaction Created!\\\";}}s:5:\\\"tries\\\";N;s:7:\\\"timeout\\\";N;s:7:\\\"backoff\\\";N;s:13:\\\"maxExceptions\\\";N;s:10:\\\"connection\\\";N;s:5:\\\"queue\\\";N;s:5:\\\"delay\\\";N;s:11:\\\"afterCommit\\\";N;s:10:\\\"middleware\\\";a:0:{}s:7:\\\"chained\\\";a:0:{}s:15:\\\"chainConnection\\\";N;s:10:\\\"chainQueue\\\";N;s:19:\\\"chainCatchCallbacks\\\";N;}\"}}', 0, NULL, 1760413195, 1760413195),
(55, 'default', '{\"uuid\":\"edb497a3-c303-450b-83e1-0464f6715ea9\",\"displayName\":\"App\\\\Events\\\\DepositCreated\",\"job\":\"Illuminate\\\\Queue\\\\CallQueuedHandler@call\",\"maxTries\":null,\"maxExceptions\":null,\"failOnTimeout\":false,\"backoff\":null,\"timeout\":null,\"retryUntil\":null,\"data\":{\"commandName\":\"Illuminate\\\\Broadcasting\\\\BroadcastEvent\",\"command\":\"O:38:\\\"Illuminate\\\\Broadcasting\\\\BroadcastEvent\\\":14:{s:5:\\\"event\\\";O:25:\\\"App\\\\Events\\\\DepositCreated\\\":1:{s:4:\\\"post\\\";a:6:{s:4:\\\"type\\\";s:19:\\\"Transaction Updated\\\";s:14:\\\"transaction_id\\\";s:20:\\\"TR202510141039547064\\\";s:6:\\\"amount\\\";s:5:\\\"10000\\\";s:8:\\\"Currency\\\";s:3:\\\"THB\\\";s:6:\\\"status\\\";s:10:\\\"processing\\\";s:3:\\\"msg\\\";s:27:\\\"Transaction Status Updated!\\\";}}s:5:\\\"tries\\\";N;s:7:\\\"timeout\\\";N;s:7:\\\"backoff\\\";N;s:13:\\\"maxExceptions\\\";N;s:10:\\\"connection\\\";N;s:5:\\\"queue\\\";N;s:5:\\\"delay\\\";N;s:11:\\\"afterCommit\\\";N;s:10:\\\"middleware\\\";a:0:{}s:7:\\\"chained\\\";a:0:{}s:15:\\\"chainConnection\\\";N;s:10:\\\"chainQueue\\\";N;s:19:\\\"chainCatchCallbacks\\\";N;}\"}}', 0, NULL, 1760413346, 1760413346),
(56, 'default', '{\"uuid\":\"356faeba-1618-4509-8788-0281996fca15\",\"displayName\":\"App\\\\Events\\\\DepositCreated\",\"job\":\"Illuminate\\\\Queue\\\\CallQueuedHandler@call\",\"maxTries\":null,\"maxExceptions\":null,\"failOnTimeout\":false,\"backoff\":null,\"timeout\":null,\"retryUntil\":null,\"data\":{\"commandName\":\"Illuminate\\\\Broadcasting\\\\BroadcastEvent\",\"command\":\"O:38:\\\"Illuminate\\\\Broadcasting\\\\BroadcastEvent\\\":14:{s:5:\\\"event\\\";O:25:\\\"App\\\\Events\\\\DepositCreated\\\":1:{s:4:\\\"post\\\";a:6:{s:4:\\\"type\\\";s:31:\\\"Notification send Successfully!\\\";s:14:\\\"transaction_id\\\";s:20:\\\"TR202510141039547064\\\";s:6:\\\"amount\\\";s:5:\\\"10000\\\";s:8:\\\"Currency\\\";s:3:\\\"THB\\\";s:6:\\\"status\\\";s:10:\\\"processing\\\";s:3:\\\"msg\\\";s:25:\\\"One Transaction notified!\\\";}}s:5:\\\"tries\\\";N;s:7:\\\"timeout\\\";N;s:7:\\\"backoff\\\";N;s:13:\\\"maxExceptions\\\";N;s:10:\\\"connection\\\";N;s:5:\\\"queue\\\";N;s:5:\\\"delay\\\";N;s:11:\\\"afterCommit\\\";N;s:10:\\\"middleware\\\";a:0:{}s:7:\\\"chained\\\";a:0:{}s:15:\\\"chainConnection\\\";N;s:10:\\\"chainQueue\\\";N;s:19:\\\"chainCatchCallbacks\\\";N;}\"}}', 0, NULL, 1760428086, 1760428086),
(57, 'default', '{\"uuid\":\"1556ee12-e11d-4c0c-b35b-25407a7c46d9\",\"displayName\":\"App\\\\Events\\\\DepositCreated\",\"job\":\"Illuminate\\\\Queue\\\\CallQueuedHandler@call\",\"maxTries\":null,\"maxExceptions\":null,\"failOnTimeout\":false,\"backoff\":null,\"timeout\":null,\"retryUntil\":null,\"data\":{\"commandName\":\"Illuminate\\\\Broadcasting\\\\BroadcastEvent\",\"command\":\"O:38:\\\"Illuminate\\\\Broadcasting\\\\BroadcastEvent\\\":14:{s:5:\\\"event\\\";O:25:\\\"App\\\\Events\\\\DepositCreated\\\":1:{s:4:\\\"post\\\";a:6:{s:4:\\\"type\\\";s:31:\\\"Notification send Successfully!\\\";s:14:\\\"transaction_id\\\";s:20:\\\"TR202510181555518508\\\";s:6:\\\"amount\\\";s:3:\\\"100\\\";s:8:\\\"Currency\\\";s:3:\\\"USD\\\";s:6:\\\"status\\\";s:6:\\\"failed\\\";s:3:\\\"msg\\\";s:25:\\\"One Transaction notified!\\\";}}s:5:\\\"tries\\\";N;s:7:\\\"timeout\\\";N;s:7:\\\"backoff\\\";N;s:13:\\\"maxExceptions\\\";N;s:10:\\\"connection\\\";N;s:5:\\\"queue\\\";N;s:5:\\\"delay\\\";N;s:11:\\\"afterCommit\\\";N;s:10:\\\"middleware\\\";a:0:{}s:7:\\\"chained\\\";a:0:{}s:15:\\\"chainConnection\\\";N;s:10:\\\"chainQueue\\\";N;s:19:\\\"chainCatchCallbacks\\\";N;}\"}}', 0, NULL, 1760777971, 1760777971),
(58, 'default', '{\"uuid\":\"877d1758-06de-4568-abe5-a40c6ea6f442\",\"displayName\":\"App\\\\Events\\\\DepositCreated\",\"job\":\"Illuminate\\\\Queue\\\\CallQueuedHandler@call\",\"maxTries\":null,\"maxExceptions\":null,\"failOnTimeout\":false,\"backoff\":null,\"timeout\":null,\"retryUntil\":null,\"data\":{\"commandName\":\"Illuminate\\\\Broadcasting\\\\BroadcastEvent\",\"command\":\"O:38:\\\"Illuminate\\\\Broadcasting\\\\BroadcastEvent\\\":14:{s:5:\\\"event\\\";O:25:\\\"App\\\\Events\\\\DepositCreated\\\":1:{s:4:\\\"post\\\";a:6:{s:4:\\\"type\\\";s:31:\\\"Notification send Successfully!\\\";s:14:\\\"transaction_id\\\";s:20:\\\"TR202510181555518508\\\";s:6:\\\"amount\\\";s:3:\\\"100\\\";s:8:\\\"Currency\\\";s:3:\\\"USD\\\";s:6:\\\"status\\\";s:6:\\\"failed\\\";s:3:\\\"msg\\\";s:25:\\\"One Transaction notified!\\\";}}s:5:\\\"tries\\\";N;s:7:\\\"timeout\\\";N;s:7:\\\"backoff\\\";N;s:13:\\\"maxExceptions\\\";N;s:10:\\\"connection\\\";N;s:5:\\\"queue\\\";N;s:5:\\\"delay\\\";N;s:11:\\\"afterCommit\\\";N;s:10:\\\"middleware\\\";a:0:{}s:7:\\\"chained\\\";a:0:{}s:15:\\\"chainConnection\\\";N;s:10:\\\"chainQueue\\\";N;s:19:\\\"chainCatchCallbacks\\\";N;}\"}}', 0, NULL, 1760778106, 1760778106),
(59, 'default', '{\"uuid\":\"3884dde9-592d-4881-b264-8aedb3a3e66e\",\"displayName\":\"App\\\\Events\\\\DepositCreated\",\"job\":\"Illuminate\\\\Queue\\\\CallQueuedHandler@call\",\"maxTries\":null,\"maxExceptions\":null,\"failOnTimeout\":false,\"backoff\":null,\"timeout\":null,\"retryUntil\":null,\"data\":{\"commandName\":\"Illuminate\\\\Broadcasting\\\\BroadcastEvent\",\"command\":\"O:38:\\\"Illuminate\\\\Broadcasting\\\\BroadcastEvent\\\":14:{s:5:\\\"event\\\";O:25:\\\"App\\\\Events\\\\DepositCreated\\\":1:{s:4:\\\"post\\\";a:6:{s:4:\\\"type\\\";s:31:\\\"Notification send Successfully!\\\";s:14:\\\"transaction_id\\\";s:20:\\\"TR202510181539336993\\\";s:6:\\\"amount\\\";s:3:\\\"100\\\";s:8:\\\"Currency\\\";s:3:\\\"USD\\\";s:6:\\\"status\\\";s:6:\\\"failed\\\";s:3:\\\"msg\\\";s:25:\\\"One Transaction notified!\\\";}}s:5:\\\"tries\\\";N;s:7:\\\"timeout\\\";N;s:7:\\\"backoff\\\";N;s:13:\\\"maxExceptions\\\";N;s:10:\\\"connection\\\";N;s:5:\\\"queue\\\";N;s:5:\\\"delay\\\";N;s:11:\\\"afterCommit\\\";N;s:10:\\\"middleware\\\";a:0:{}s:7:\\\"chained\\\";a:0:{}s:15:\\\"chainConnection\\\";N;s:10:\\\"chainQueue\\\";N;s:19:\\\"chainCatchCallbacks\\\";N;}\"}}', 0, NULL, 1760778149, 1760778149),
(60, 'default', '{\"uuid\":\"f849fc01-2145-47f5-85fd-33a33848e45e\",\"displayName\":\"App\\\\Events\\\\DepositCreated\",\"job\":\"Illuminate\\\\Queue\\\\CallQueuedHandler@call\",\"maxTries\":null,\"maxExceptions\":null,\"failOnTimeout\":false,\"backoff\":null,\"timeout\":null,\"retryUntil\":null,\"data\":{\"commandName\":\"Illuminate\\\\Broadcasting\\\\BroadcastEvent\",\"command\":\"O:38:\\\"Illuminate\\\\Broadcasting\\\\BroadcastEvent\\\":14:{s:5:\\\"event\\\";O:25:\\\"App\\\\Events\\\\DepositCreated\\\":1:{s:4:\\\"post\\\";a:6:{s:4:\\\"type\\\";s:31:\\\"Notification send Successfully!\\\";s:14:\\\"transaction_id\\\";s:20:\\\"TR202510181555518508\\\";s:6:\\\"amount\\\";s:3:\\\"100\\\";s:8:\\\"Currency\\\";s:3:\\\"USD\\\";s:6:\\\"status\\\";s:6:\\\"failed\\\";s:3:\\\"msg\\\";s:25:\\\"One Transaction notified!\\\";}}s:5:\\\"tries\\\";N;s:7:\\\"timeout\\\";N;s:7:\\\"backoff\\\";N;s:13:\\\"maxExceptions\\\";N;s:10:\\\"connection\\\";N;s:5:\\\"queue\\\";N;s:5:\\\"delay\\\";N;s:11:\\\"afterCommit\\\";N;s:10:\\\"middleware\\\";a:0:{}s:7:\\\"chained\\\";a:0:{}s:15:\\\"chainConnection\\\";N;s:10:\\\"chainQueue\\\";N;s:19:\\\"chainCatchCallbacks\\\";N;}\"}}', 0, NULL, 1760778162, 1760778162),
(61, 'default', '{\"uuid\":\"4bdda14f-e197-4833-85e6-783b9b4833bf\",\"displayName\":\"App\\\\Events\\\\DepositCreated\",\"job\":\"Illuminate\\\\Queue\\\\CallQueuedHandler@call\",\"maxTries\":null,\"maxExceptions\":null,\"failOnTimeout\":false,\"backoff\":null,\"timeout\":null,\"retryUntil\":null,\"data\":{\"commandName\":\"Illuminate\\\\Broadcasting\\\\BroadcastEvent\",\"command\":\"O:38:\\\"Illuminate\\\\Broadcasting\\\\BroadcastEvent\\\":14:{s:5:\\\"event\\\";O:25:\\\"App\\\\Events\\\\DepositCreated\\\":1:{s:4:\\\"post\\\";a:6:{s:4:\\\"type\\\";s:7:\\\"Deposit\\\";s:14:\\\"transaction_id\\\";s:20:\\\"TR202510231756197285\\\";s:6:\\\"amount\\\";s:1:\\\"1\\\";s:8:\\\"Currency\\\";s:3:\\\"USD\\\";s:6:\\\"status\\\";s:7:\\\"pending\\\";s:3:\\\"msg\\\";s:32:\\\"New Deposit Transaction Created!\\\";}}s:5:\\\"tries\\\";N;s:7:\\\"timeout\\\";N;s:7:\\\"backoff\\\";N;s:13:\\\"maxExceptions\\\";N;s:10:\\\"connection\\\";N;s:5:\\\"queue\\\";N;s:5:\\\"delay\\\";N;s:11:\\\"afterCommit\\\";N;s:10:\\\"middleware\\\";a:0:{}s:7:\\\"chained\\\";a:0:{}s:15:\\\"chainConnection\\\";N;s:10:\\\"chainQueue\\\";N;s:19:\\\"chainCatchCallbacks\\\";N;}\"}}', 0, NULL, 1761216986, 1761216986),
(62, 'default', '{\"uuid\":\"f8ee71d1-793e-4993-96ac-5d53dc6d6de5\",\"displayName\":\"App\\\\Events\\\\DepositCreated\",\"job\":\"Illuminate\\\\Queue\\\\CallQueuedHandler@call\",\"maxTries\":null,\"maxExceptions\":null,\"failOnTimeout\":false,\"backoff\":null,\"timeout\":null,\"retryUntil\":null,\"data\":{\"commandName\":\"Illuminate\\\\Broadcasting\\\\BroadcastEvent\",\"command\":\"O:38:\\\"Illuminate\\\\Broadcasting\\\\BroadcastEvent\\\":14:{s:5:\\\"event\\\";O:25:\\\"App\\\\Events\\\\DepositCreated\\\":1:{s:4:\\\"post\\\";a:6:{s:4:\\\"type\\\";s:19:\\\"Transaction Updated\\\";s:14:\\\"transaction_id\\\";s:20:\\\"TR202510231756197285\\\";s:6:\\\"amount\\\";s:1:\\\"1\\\";s:8:\\\"Currency\\\";s:3:\\\"USD\\\";s:6:\\\"status\\\";s:6:\\\"failed\\\";s:3:\\\"msg\\\";s:27:\\\"Transaction Status Updated!\\\";}}s:5:\\\"tries\\\";N;s:7:\\\"timeout\\\";N;s:7:\\\"backoff\\\";N;s:13:\\\"maxExceptions\\\";N;s:10:\\\"connection\\\";N;s:5:\\\"queue\\\";N;s:5:\\\"delay\\\";N;s:11:\\\"afterCommit\\\";N;s:10:\\\"middleware\\\";a:0:{}s:7:\\\"chained\\\";a:0:{}s:15:\\\"chainConnection\\\";N;s:10:\\\"chainQueue\\\";N;s:19:\\\"chainCatchCallbacks\\\";N;}\"}}', 0, NULL, 1761217033, 1761217033),
(63, 'default', '{\"uuid\":\"bf4f8766-0c03-47e1-a672-a6e02dd16af2\",\"displayName\":\"App\\\\Events\\\\DepositCreated\",\"job\":\"Illuminate\\\\Queue\\\\CallQueuedHandler@call\",\"maxTries\":null,\"maxExceptions\":null,\"failOnTimeout\":false,\"backoff\":null,\"timeout\":null,\"retryUntil\":null,\"data\":{\"commandName\":\"Illuminate\\\\Broadcasting\\\\BroadcastEvent\",\"command\":\"O:38:\\\"Illuminate\\\\Broadcasting\\\\BroadcastEvent\\\":14:{s:5:\\\"event\\\";O:25:\\\"App\\\\Events\\\\DepositCreated\\\":1:{s:4:\\\"post\\\";a:6:{s:4:\\\"type\\\";s:7:\\\"Deposit\\\";s:14:\\\"transaction_id\\\";s:20:\\\"TR202510231824017802\\\";s:6:\\\"amount\\\";s:3:\\\"100\\\";s:8:\\\"Currency\\\";s:3:\\\"THB\\\";s:6:\\\"status\\\";s:7:\\\"pending\\\";s:3:\\\"msg\\\";s:32:\\\"New Deposit Transaction Created!\\\";}}s:5:\\\"tries\\\";N;s:7:\\\"timeout\\\";N;s:7:\\\"backoff\\\";N;s:13:\\\"maxExceptions\\\";N;s:10:\\\"connection\\\";N;s:5:\\\"queue\\\";N;s:5:\\\"delay\\\";N;s:11:\\\"afterCommit\\\";N;s:10:\\\"middleware\\\";a:0:{}s:7:\\\"chained\\\";a:0:{}s:15:\\\"chainConnection\\\";N;s:10:\\\"chainQueue\\\";N;s:19:\\\"chainCatchCallbacks\\\";N;}\"}}', 0, NULL, 1761218643, 1761218643),
(64, 'default', '{\"uuid\":\"2454a0b0-3ba3-47f5-bc70-332f99bc9fd9\",\"displayName\":\"App\\\\Events\\\\DepositCreated\",\"job\":\"Illuminate\\\\Queue\\\\CallQueuedHandler@call\",\"maxTries\":null,\"maxExceptions\":null,\"failOnTimeout\":false,\"backoff\":null,\"timeout\":null,\"retryUntil\":null,\"data\":{\"commandName\":\"Illuminate\\\\Broadcasting\\\\BroadcastEvent\",\"command\":\"O:38:\\\"Illuminate\\\\Broadcasting\\\\BroadcastEvent\\\":14:{s:5:\\\"event\\\";O:25:\\\"App\\\\Events\\\\DepositCreated\\\":1:{s:4:\\\"post\\\";a:6:{s:4:\\\"type\\\";s:19:\\\"Transaction Updated\\\";s:14:\\\"transaction_id\\\";s:20:\\\"TR202510231824017802\\\";s:6:\\\"amount\\\";s:3:\\\"100\\\";s:8:\\\"Currency\\\";s:3:\\\"THB\\\";s:6:\\\"status\\\";s:10:\\\"processing\\\";s:3:\\\"msg\\\";s:27:\\\"Transaction Status Updated!\\\";}}s:5:\\\"tries\\\";N;s:7:\\\"timeout\\\";N;s:7:\\\"backoff\\\";N;s:13:\\\"maxExceptions\\\";N;s:10:\\\"connection\\\";N;s:5:\\\"queue\\\";N;s:5:\\\"delay\\\";N;s:11:\\\"afterCommit\\\";N;s:10:\\\"middleware\\\";a:0:{}s:7:\\\"chained\\\";a:0:{}s:15:\\\"chainConnection\\\";N;s:10:\\\"chainQueue\\\";N;s:19:\\\"chainCatchCallbacks\\\";N;}\"}}', 0, NULL, 1761218853, 1761218853),
(65, 'default', '{\"uuid\":\"1dcc8d02-20af-4516-b6b3-b4fb4c02b097\",\"displayName\":\"App\\\\Events\\\\DepositCreated\",\"job\":\"Illuminate\\\\Queue\\\\CallQueuedHandler@call\",\"maxTries\":null,\"maxExceptions\":null,\"failOnTimeout\":false,\"backoff\":null,\"timeout\":null,\"retryUntil\":null,\"data\":{\"commandName\":\"Illuminate\\\\Broadcasting\\\\BroadcastEvent\",\"command\":\"O:38:\\\"Illuminate\\\\Broadcasting\\\\BroadcastEvent\\\":14:{s:5:\\\"event\\\";O:25:\\\"App\\\\Events\\\\DepositCreated\\\":1:{s:4:\\\"post\\\";a:6:{s:4:\\\"type\\\";s:27:\\\"Callback Transaction Status\\\";s:14:\\\"transaction_id\\\";s:20:\\\"TR202510231756197285\\\";s:6:\\\"amount\\\";s:1:\\\"1\\\";s:8:\\\"Currency\\\";s:3:\\\"USD\\\";s:6:\\\"status\\\";s:6:\\\"failed\\\";s:3:\\\"msg\\\";s:36:\\\"Callback Transaction Status Updated!\\\";}}s:5:\\\"tries\\\";N;s:7:\\\"timeout\\\";N;s:7:\\\"backoff\\\";N;s:13:\\\"maxExceptions\\\";N;s:10:\\\"connection\\\";N;s:5:\\\"queue\\\";N;s:5:\\\"delay\\\";N;s:11:\\\"afterCommit\\\";N;s:10:\\\"middleware\\\";a:0:{}s:7:\\\"chained\\\";a:0:{}s:15:\\\"chainConnection\\\";N;s:10:\\\"chainQueue\\\";N;s:19:\\\"chainCatchCallbacks\\\";N;}\"}}', 0, NULL, 1761279894, 1761279894),
(66, 'default', '{\"uuid\":\"731c43e3-ca88-44b0-b381-e06768475e51\",\"displayName\":\"App\\\\Events\\\\DepositCreated\",\"job\":\"Illuminate\\\\Queue\\\\CallQueuedHandler@call\",\"maxTries\":null,\"maxExceptions\":null,\"failOnTimeout\":false,\"backoff\":null,\"timeout\":null,\"retryUntil\":null,\"data\":{\"commandName\":\"Illuminate\\\\Broadcasting\\\\BroadcastEvent\",\"command\":\"O:38:\\\"Illuminate\\\\Broadcasting\\\\BroadcastEvent\\\":14:{s:5:\\\"event\\\";O:25:\\\"App\\\\Events\\\\DepositCreated\\\":1:{s:4:\\\"post\\\";a:6:{s:4:\\\"type\\\";s:7:\\\"Deposit\\\";s:14:\\\"transaction_id\\\";s:20:\\\"TR202511121059478879\\\";s:6:\\\"amount\\\";s:3:\\\"100\\\";s:8:\\\"Currency\\\";s:3:\\\"INR\\\";s:6:\\\"status\\\";s:7:\\\"pending\\\";s:3:\\\"msg\\\";s:32:\\\"New Deposit Transaction Created!\\\";}}s:5:\\\"tries\\\";N;s:7:\\\"timeout\\\";N;s:7:\\\"backoff\\\";N;s:13:\\\"maxExceptions\\\";N;s:10:\\\"connection\\\";N;s:5:\\\"queue\\\";N;s:5:\\\"delay\\\";N;s:11:\\\"afterCommit\\\";N;s:10:\\\"middleware\\\";a:0:{}s:7:\\\"chained\\\";a:0:{}s:15:\\\"chainConnection\\\";N;s:10:\\\"chainQueue\\\";N;s:19:\\\"chainCatchCallbacks\\\";N;}\"}}', 0, NULL, 1762919990, 1762919990),
(67, 'default', '{\"uuid\":\"4201d299-333f-44c9-9375-295e9c00680d\",\"displayName\":\"App\\\\Events\\\\DepositCreated\",\"job\":\"Illuminate\\\\Queue\\\\CallQueuedHandler@call\",\"maxTries\":null,\"maxExceptions\":null,\"failOnTimeout\":false,\"backoff\":null,\"timeout\":null,\"retryUntil\":null,\"data\":{\"commandName\":\"Illuminate\\\\Broadcasting\\\\BroadcastEvent\",\"command\":\"O:38:\\\"Illuminate\\\\Broadcasting\\\\BroadcastEvent\\\":14:{s:5:\\\"event\\\";O:25:\\\"App\\\\Events\\\\DepositCreated\\\":1:{s:4:\\\"post\\\";a:6:{s:4:\\\"type\\\";s:19:\\\"Transaction Updated\\\";s:14:\\\"transaction_id\\\";N;s:6:\\\"amount\\\";s:4:\\\"2222\\\";s:8:\\\"Currency\\\";s:3:\\\"THB\\\";s:6:\\\"status\\\";s:6:\\\"failed\\\";s:3:\\\"msg\\\";s:27:\\\"Transaction Status Updated!\\\";}}s:5:\\\"tries\\\";N;s:7:\\\"timeout\\\";N;s:7:\\\"backoff\\\";N;s:13:\\\"maxExceptions\\\";N;s:10:\\\"connection\\\";N;s:5:\\\"queue\\\";N;s:5:\\\"delay\\\";N;s:11:\\\"afterCommit\\\";N;s:10:\\\"middleware\\\";a:0:{}s:7:\\\"chained\\\";a:0:{}s:15:\\\"chainConnection\\\";N;s:10:\\\"chainQueue\\\";N;s:19:\\\"chainCatchCallbacks\\\";N;}\"}}', 0, NULL, 1762920071, 1762920071),
(68, 'default', '{\"uuid\":\"5b1308ca-b910-4d9a-9666-76db93ecccf1\",\"displayName\":\"App\\\\Events\\\\DepositCreated\",\"job\":\"Illuminate\\\\Queue\\\\CallQueuedHandler@call\",\"maxTries\":null,\"maxExceptions\":null,\"failOnTimeout\":false,\"backoff\":null,\"timeout\":null,\"retryUntil\":null,\"data\":{\"commandName\":\"Illuminate\\\\Broadcasting\\\\BroadcastEvent\",\"command\":\"O:38:\\\"Illuminate\\\\Broadcasting\\\\BroadcastEvent\\\":14:{s:5:\\\"event\\\";O:25:\\\"App\\\\Events\\\\DepositCreated\\\":1:{s:4:\\\"post\\\";a:6:{s:4:\\\"type\\\";s:7:\\\"Deposit\\\";s:14:\\\"transaction_id\\\";s:20:\\\"TR202511121106234026\\\";s:6:\\\"amount\\\";s:3:\\\"100\\\";s:8:\\\"Currency\\\";s:3:\\\"INR\\\";s:6:\\\"status\\\";s:7:\\\"pending\\\";s:3:\\\"msg\\\";s:32:\\\"New Deposit Transaction Created!\\\";}}s:5:\\\"tries\\\";N;s:7:\\\"timeout\\\";N;s:7:\\\"backoff\\\";N;s:13:\\\"maxExceptions\\\";N;s:10:\\\"connection\\\";N;s:5:\\\"queue\\\";N;s:5:\\\"delay\\\";N;s:11:\\\"afterCommit\\\";N;s:10:\\\"middleware\\\";a:0:{}s:7:\\\"chained\\\";a:0:{}s:15:\\\"chainConnection\\\";N;s:10:\\\"chainQueue\\\";N;s:19:\\\"chainCatchCallbacks\\\";N;}\"}}', 0, NULL, 1762920386, 1762920386),
(69, 'default', '{\"uuid\":\"eaa8c4c8-5564-44d0-9dd4-b004421ea7fa\",\"displayName\":\"App\\\\Events\\\\DepositCreated\",\"job\":\"Illuminate\\\\Queue\\\\CallQueuedHandler@call\",\"maxTries\":null,\"maxExceptions\":null,\"failOnTimeout\":false,\"backoff\":null,\"timeout\":null,\"retryUntil\":null,\"data\":{\"commandName\":\"Illuminate\\\\Broadcasting\\\\BroadcastEvent\",\"command\":\"O:38:\\\"Illuminate\\\\Broadcasting\\\\BroadcastEvent\\\":14:{s:5:\\\"event\\\";O:25:\\\"App\\\\Events\\\\DepositCreated\\\":1:{s:4:\\\"post\\\";a:6:{s:4:\\\"type\\\";s:19:\\\"Transaction Updated\\\";s:14:\\\"transaction_id\\\";N;s:6:\\\"amount\\\";s:4:\\\"2222\\\";s:8:\\\"Currency\\\";s:3:\\\"THB\\\";s:6:\\\"status\\\";s:6:\\\"failed\\\";s:3:\\\"msg\\\";s:27:\\\"Transaction Status Updated!\\\";}}s:5:\\\"tries\\\";N;s:7:\\\"timeout\\\";N;s:7:\\\"backoff\\\";N;s:13:\\\"maxExceptions\\\";N;s:10:\\\"connection\\\";N;s:5:\\\"queue\\\";N;s:5:\\\"delay\\\";N;s:11:\\\"afterCommit\\\";N;s:10:\\\"middleware\\\";a:0:{}s:7:\\\"chained\\\";a:0:{}s:15:\\\"chainConnection\\\";N;s:10:\\\"chainQueue\\\";N;s:19:\\\"chainCatchCallbacks\\\";N;}\"}}', 0, NULL, 1762920451, 1762920451),
(70, 'default', '{\"uuid\":\"9bb5a6a1-00a1-4e2b-b6f9-3ad82612cb73\",\"displayName\":\"App\\\\Events\\\\DepositCreated\",\"job\":\"Illuminate\\\\Queue\\\\CallQueuedHandler@call\",\"maxTries\":null,\"maxExceptions\":null,\"failOnTimeout\":false,\"backoff\":null,\"timeout\":null,\"retryUntil\":null,\"data\":{\"commandName\":\"Illuminate\\\\Broadcasting\\\\BroadcastEvent\",\"command\":\"O:38:\\\"Illuminate\\\\Broadcasting\\\\BroadcastEvent\\\":14:{s:5:\\\"event\\\";O:25:\\\"App\\\\Events\\\\DepositCreated\\\":1:{s:4:\\\"post\\\";a:6:{s:4:\\\"type\\\";s:19:\\\"Transaction Updated\\\";s:14:\\\"transaction_id\\\";N;s:6:\\\"amount\\\";s:4:\\\"2222\\\";s:8:\\\"Currency\\\";s:3:\\\"THB\\\";s:6:\\\"status\\\";s:6:\\\"failed\\\";s:3:\\\"msg\\\";s:27:\\\"Transaction Status Updated!\\\";}}s:5:\\\"tries\\\";N;s:7:\\\"timeout\\\";N;s:7:\\\"backoff\\\";N;s:13:\\\"maxExceptions\\\";N;s:10:\\\"connection\\\";N;s:5:\\\"queue\\\";N;s:5:\\\"delay\\\";N;s:11:\\\"afterCommit\\\";N;s:10:\\\"middleware\\\";a:0:{}s:7:\\\"chained\\\";a:0:{}s:15:\\\"chainConnection\\\";N;s:10:\\\"chainQueue\\\";N;s:19:\\\"chainCatchCallbacks\\\";N;}\"}}', 0, NULL, 1762921047, 1762921047),
(71, 'default', '{\"uuid\":\"676031ec-9d93-463b-9e94-1f92a1d13ab2\",\"displayName\":\"App\\\\Events\\\\DepositCreated\",\"job\":\"Illuminate\\\\Queue\\\\CallQueuedHandler@call\",\"maxTries\":null,\"maxExceptions\":null,\"failOnTimeout\":false,\"backoff\":null,\"timeout\":null,\"retryUntil\":null,\"data\":{\"commandName\":\"Illuminate\\\\Broadcasting\\\\BroadcastEvent\",\"command\":\"O:38:\\\"Illuminate\\\\Broadcasting\\\\BroadcastEvent\\\":14:{s:5:\\\"event\\\";O:25:\\\"App\\\\Events\\\\DepositCreated\\\":1:{s:4:\\\"post\\\";a:6:{s:4:\\\"type\\\";s:19:\\\"Transaction Updated\\\";s:14:\\\"transaction_id\\\";N;s:6:\\\"amount\\\";s:4:\\\"2222\\\";s:8:\\\"Currency\\\";s:3:\\\"THB\\\";s:6:\\\"status\\\";s:6:\\\"failed\\\";s:3:\\\"msg\\\";s:27:\\\"Transaction Status Updated!\\\";}}s:5:\\\"tries\\\";N;s:7:\\\"timeout\\\";N;s:7:\\\"backoff\\\";N;s:13:\\\"maxExceptions\\\";N;s:10:\\\"connection\\\";N;s:5:\\\"queue\\\";N;s:5:\\\"delay\\\";N;s:11:\\\"afterCommit\\\";N;s:10:\\\"middleware\\\";a:0:{}s:7:\\\"chained\\\";a:0:{}s:15:\\\"chainConnection\\\";N;s:10:\\\"chainQueue\\\";N;s:19:\\\"chainCatchCallbacks\\\";N;}\"}}', 0, NULL, 1762928676, 1762928676),
(72, 'default', '{\"uuid\":\"2526ef7d-2488-4c1f-97c6-145bc80cacc4\",\"displayName\":\"App\\\\Events\\\\DepositCreated\",\"job\":\"Illuminate\\\\Queue\\\\CallQueuedHandler@call\",\"maxTries\":null,\"maxExceptions\":null,\"failOnTimeout\":false,\"backoff\":null,\"timeout\":null,\"retryUntil\":null,\"data\":{\"commandName\":\"Illuminate\\\\Broadcasting\\\\BroadcastEvent\",\"command\":\"O:38:\\\"Illuminate\\\\Broadcasting\\\\BroadcastEvent\\\":14:{s:5:\\\"event\\\";O:25:\\\"App\\\\Events\\\\DepositCreated\\\":1:{s:4:\\\"post\\\";a:6:{s:4:\\\"type\\\";s:19:\\\"Transaction Updated\\\";s:14:\\\"transaction_id\\\";N;s:6:\\\"amount\\\";s:4:\\\"2222\\\";s:8:\\\"Currency\\\";s:3:\\\"THB\\\";s:6:\\\"status\\\";s:6:\\\"failed\\\";s:3:\\\"msg\\\";s:27:\\\"Transaction Status Updated!\\\";}}s:5:\\\"tries\\\";N;s:7:\\\"timeout\\\";N;s:7:\\\"backoff\\\";N;s:13:\\\"maxExceptions\\\";N;s:10:\\\"connection\\\";N;s:5:\\\"queue\\\";N;s:5:\\\"delay\\\";N;s:11:\\\"afterCommit\\\";N;s:10:\\\"middleware\\\";a:0:{}s:7:\\\"chained\\\";a:0:{}s:15:\\\"chainConnection\\\";N;s:10:\\\"chainQueue\\\";N;s:19:\\\"chainCatchCallbacks\\\";N;}\"}}', 0, NULL, 1762928757, 1762928757),
(73, 'default', '{\"uuid\":\"7f905dfb-4e32-4c95-be7e-01066578f79b\",\"displayName\":\"App\\\\Events\\\\DepositCreated\",\"job\":\"Illuminate\\\\Queue\\\\CallQueuedHandler@call\",\"maxTries\":null,\"maxExceptions\":null,\"failOnTimeout\":false,\"backoff\":null,\"timeout\":null,\"retryUntil\":null,\"data\":{\"commandName\":\"Illuminate\\\\Broadcasting\\\\BroadcastEvent\",\"command\":\"O:38:\\\"Illuminate\\\\Broadcasting\\\\BroadcastEvent\\\":14:{s:5:\\\"event\\\";O:25:\\\"App\\\\Events\\\\DepositCreated\\\":1:{s:4:\\\"post\\\";a:6:{s:4:\\\"type\\\";s:19:\\\"Transaction Updated\\\";s:14:\\\"transaction_id\\\";N;s:6:\\\"amount\\\";s:4:\\\"2222\\\";s:8:\\\"Currency\\\";s:3:\\\"THB\\\";s:6:\\\"status\\\";s:6:\\\"failed\\\";s:3:\\\"msg\\\";s:27:\\\"Transaction Status Updated!\\\";}}s:5:\\\"tries\\\";N;s:7:\\\"timeout\\\";N;s:7:\\\"backoff\\\";N;s:13:\\\"maxExceptions\\\";N;s:10:\\\"connection\\\";N;s:5:\\\"queue\\\";N;s:5:\\\"delay\\\";N;s:11:\\\"afterCommit\\\";N;s:10:\\\"middleware\\\";a:0:{}s:7:\\\"chained\\\";a:0:{}s:15:\\\"chainConnection\\\";N;s:10:\\\"chainQueue\\\";N;s:19:\\\"chainCatchCallbacks\\\";N;}\"}}', 0, NULL, 1762930699, 1762930699),
(74, 'default', '{\"uuid\":\"8cebd6bd-5893-4918-8546-3eaf3ba263e6\",\"displayName\":\"App\\\\Events\\\\DepositCreated\",\"job\":\"Illuminate\\\\Queue\\\\CallQueuedHandler@call\",\"maxTries\":null,\"maxExceptions\":null,\"failOnTimeout\":false,\"backoff\":null,\"timeout\":null,\"retryUntil\":null,\"data\":{\"commandName\":\"Illuminate\\\\Broadcasting\\\\BroadcastEvent\",\"command\":\"O:38:\\\"Illuminate\\\\Broadcasting\\\\BroadcastEvent\\\":14:{s:5:\\\"event\\\";O:25:\\\"App\\\\Events\\\\DepositCreated\\\":1:{s:4:\\\"post\\\";a:6:{s:4:\\\"type\\\";s:19:\\\"Transaction Updated\\\";s:14:\\\"transaction_id\\\";N;s:6:\\\"amount\\\";s:4:\\\"2222\\\";s:8:\\\"Currency\\\";s:3:\\\"THB\\\";s:6:\\\"status\\\";s:6:\\\"failed\\\";s:3:\\\"msg\\\";s:27:\\\"Transaction Status Updated!\\\";}}s:5:\\\"tries\\\";N;s:7:\\\"timeout\\\";N;s:7:\\\"backoff\\\";N;s:13:\\\"maxExceptions\\\";N;s:10:\\\"connection\\\";N;s:5:\\\"queue\\\";N;s:5:\\\"delay\\\";N;s:11:\\\"afterCommit\\\";N;s:10:\\\"middleware\\\";a:0:{}s:7:\\\"chained\\\";a:0:{}s:15:\\\"chainConnection\\\";N;s:10:\\\"chainQueue\\\";N;s:19:\\\"chainCatchCallbacks\\\";N;}\"}}', 0, NULL, 1762930819, 1762930819),
(75, 'default', '{\"uuid\":\"ad5a5366-288b-4249-8697-2b11c8d4cf3d\",\"displayName\":\"App\\\\Events\\\\DepositCreated\",\"job\":\"Illuminate\\\\Queue\\\\CallQueuedHandler@call\",\"maxTries\":null,\"maxExceptions\":null,\"failOnTimeout\":false,\"backoff\":null,\"timeout\":null,\"retryUntil\":null,\"data\":{\"commandName\":\"Illuminate\\\\Broadcasting\\\\BroadcastEvent\",\"command\":\"O:38:\\\"Illuminate\\\\Broadcasting\\\\BroadcastEvent\\\":14:{s:5:\\\"event\\\";O:25:\\\"App\\\\Events\\\\DepositCreated\\\":1:{s:4:\\\"post\\\";a:6:{s:4:\\\"type\\\";s:19:\\\"Transaction Updated\\\";s:14:\\\"transaction_id\\\";N;s:6:\\\"amount\\\";s:4:\\\"2222\\\";s:8:\\\"Currency\\\";s:3:\\\"THB\\\";s:6:\\\"status\\\";s:6:\\\"failed\\\";s:3:\\\"msg\\\";s:27:\\\"Transaction Status Updated!\\\";}}s:5:\\\"tries\\\";N;s:7:\\\"timeout\\\";N;s:7:\\\"backoff\\\";N;s:13:\\\"maxExceptions\\\";N;s:10:\\\"connection\\\";N;s:5:\\\"queue\\\";N;s:5:\\\"delay\\\";N;s:11:\\\"afterCommit\\\";N;s:10:\\\"middleware\\\";a:0:{}s:7:\\\"chained\\\";a:0:{}s:15:\\\"chainConnection\\\";N;s:10:\\\"chainQueue\\\";N;s:19:\\\"chainCatchCallbacks\\\";N;}\"}}', 0, NULL, 1762930975, 1762930975),
(76, 'default', '{\"uuid\":\"b3174d68-643d-4722-8fab-9f605f99eb06\",\"displayName\":\"App\\\\Events\\\\DepositCreated\",\"job\":\"Illuminate\\\\Queue\\\\CallQueuedHandler@call\",\"maxTries\":null,\"maxExceptions\":null,\"failOnTimeout\":false,\"backoff\":null,\"timeout\":null,\"retryUntil\":null,\"data\":{\"commandName\":\"Illuminate\\\\Broadcasting\\\\BroadcastEvent\",\"command\":\"O:38:\\\"Illuminate\\\\Broadcasting\\\\BroadcastEvent\\\":14:{s:5:\\\"event\\\";O:25:\\\"App\\\\Events\\\\DepositCreated\\\":1:{s:4:\\\"post\\\";a:6:{s:4:\\\"type\\\";s:7:\\\"Deposit\\\";s:14:\\\"transaction_id\\\";s:20:\\\"TR202511121618458830\\\";s:6:\\\"amount\\\";s:2:\\\"10\\\";s:8:\\\"Currency\\\";s:3:\\\"USD\\\";s:6:\\\"status\\\";s:7:\\\"pending\\\";s:3:\\\"msg\\\";s:32:\\\"New Deposit Transaction Created!\\\";}}s:5:\\\"tries\\\";N;s:7:\\\"timeout\\\";N;s:7:\\\"backoff\\\";N;s:13:\\\"maxExceptions\\\";N;s:10:\\\"connection\\\";N;s:5:\\\"queue\\\";N;s:5:\\\"delay\\\";N;s:11:\\\"afterCommit\\\";N;s:10:\\\"middleware\\\";a:0:{}s:7:\\\"chained\\\";a:0:{}s:15:\\\"chainConnection\\\";N;s:10:\\\"chainQueue\\\";N;s:19:\\\"chainCatchCallbacks\\\";N;}\"}}', 0, NULL, 1762939128, 1762939128),
(77, 'default', '{\"uuid\":\"ecd0297e-2ca9-4368-9e4c-0797eff787de\",\"displayName\":\"App\\\\Events\\\\DepositCreated\",\"job\":\"Illuminate\\\\Queue\\\\CallQueuedHandler@call\",\"maxTries\":null,\"maxExceptions\":null,\"failOnTimeout\":false,\"backoff\":null,\"timeout\":null,\"retryUntil\":null,\"data\":{\"commandName\":\"Illuminate\\\\Broadcasting\\\\BroadcastEvent\",\"command\":\"O:38:\\\"Illuminate\\\\Broadcasting\\\\BroadcastEvent\\\":14:{s:5:\\\"event\\\";O:25:\\\"App\\\\Events\\\\DepositCreated\\\":1:{s:4:\\\"post\\\";a:6:{s:4:\\\"type\\\";s:7:\\\"Deposit\\\";s:14:\\\"transaction_id\\\";s:20:\\\"TR202511121620049302\\\";s:6:\\\"amount\\\";s:1:\\\"1\\\";s:8:\\\"Currency\\\";s:3:\\\"USD\\\";s:6:\\\"status\\\";s:7:\\\"pending\\\";s:3:\\\"msg\\\";s:32:\\\"New Deposit Transaction Created!\\\";}}s:5:\\\"tries\\\";N;s:7:\\\"timeout\\\";N;s:7:\\\"backoff\\\";N;s:13:\\\"maxExceptions\\\";N;s:10:\\\"connection\\\";N;s:5:\\\"queue\\\";N;s:5:\\\"delay\\\";N;s:11:\\\"afterCommit\\\";N;s:10:\\\"middleware\\\";a:0:{}s:7:\\\"chained\\\";a:0:{}s:15:\\\"chainConnection\\\";N;s:10:\\\"chainQueue\\\";N;s:19:\\\"chainCatchCallbacks\\\";N;}\"}}', 0, NULL, 1762939213, 1762939213);
INSERT INTO `jobs` (`id`, `queue`, `payload`, `attempts`, `reserved_at`, `available_at`, `created_at`) VALUES
(78, 'default', '{\"uuid\":\"9a9d10c7-5ada-442b-b0ff-5d5c999b4484\",\"displayName\":\"App\\\\Events\\\\DepositCreated\",\"job\":\"Illuminate\\\\Queue\\\\CallQueuedHandler@call\",\"maxTries\":null,\"maxExceptions\":null,\"failOnTimeout\":false,\"backoff\":null,\"timeout\":null,\"retryUntil\":null,\"data\":{\"commandName\":\"Illuminate\\\\Broadcasting\\\\BroadcastEvent\",\"command\":\"O:38:\\\"Illuminate\\\\Broadcasting\\\\BroadcastEvent\\\":14:{s:5:\\\"event\\\";O:25:\\\"App\\\\Events\\\\DepositCreated\\\":1:{s:4:\\\"post\\\";a:6:{s:4:\\\"type\\\";s:7:\\\"Deposit\\\";s:14:\\\"transaction_id\\\";s:20:\\\"TR202511121626057457\\\";s:6:\\\"amount\\\";s:2:\\\"10\\\";s:8:\\\"Currency\\\";s:3:\\\"USD\\\";s:6:\\\"status\\\";s:7:\\\"pending\\\";s:3:\\\"msg\\\";s:32:\\\"New Deposit Transaction Created!\\\";}}s:5:\\\"tries\\\";N;s:7:\\\"timeout\\\";N;s:7:\\\"backoff\\\";N;s:13:\\\"maxExceptions\\\";N;s:10:\\\"connection\\\";N;s:5:\\\"queue\\\";N;s:5:\\\"delay\\\";N;s:11:\\\"afterCommit\\\";N;s:10:\\\"middleware\\\";a:0:{}s:7:\\\"chained\\\";a:0:{}s:15:\\\"chainConnection\\\";N;s:10:\\\"chainQueue\\\";N;s:19:\\\"chainCatchCallbacks\\\";N;}\"}}', 0, NULL, 1762939572, 1762939572),
(79, 'default', '{\"uuid\":\"cc6af5e2-0d96-43a6-9a18-d4dfb15b28c1\",\"displayName\":\"App\\\\Events\\\\DepositCreated\",\"job\":\"Illuminate\\\\Queue\\\\CallQueuedHandler@call\",\"maxTries\":null,\"maxExceptions\":null,\"failOnTimeout\":false,\"backoff\":null,\"timeout\":null,\"retryUntil\":null,\"data\":{\"commandName\":\"Illuminate\\\\Broadcasting\\\\BroadcastEvent\",\"command\":\"O:38:\\\"Illuminate\\\\Broadcasting\\\\BroadcastEvent\\\":14:{s:5:\\\"event\\\";O:25:\\\"App\\\\Events\\\\DepositCreated\\\":1:{s:4:\\\"post\\\";a:6:{s:4:\\\"type\\\";s:7:\\\"Deposit\\\";s:14:\\\"transaction_id\\\";s:20:\\\"TR202511121628023375\\\";s:6:\\\"amount\\\";s:3:\\\"100\\\";s:8:\\\"Currency\\\";s:3:\\\"USD\\\";s:6:\\\"status\\\";s:7:\\\"pending\\\";s:3:\\\"msg\\\";s:32:\\\"New Deposit Transaction Created!\\\";}}s:5:\\\"tries\\\";N;s:7:\\\"timeout\\\";N;s:7:\\\"backoff\\\";N;s:13:\\\"maxExceptions\\\";N;s:10:\\\"connection\\\";N;s:5:\\\"queue\\\";N;s:5:\\\"delay\\\";N;s:11:\\\"afterCommit\\\";N;s:10:\\\"middleware\\\";a:0:{}s:7:\\\"chained\\\";a:0:{}s:15:\\\"chainConnection\\\";N;s:10:\\\"chainQueue\\\";N;s:19:\\\"chainCatchCallbacks\\\";N;}\"}}', 0, NULL, 1762939688, 1762939688),
(80, 'default', '{\"uuid\":\"0d716878-48f3-479f-98ee-38bf51e32a87\",\"displayName\":\"App\\\\Events\\\\DepositCreated\",\"job\":\"Illuminate\\\\Queue\\\\CallQueuedHandler@call\",\"maxTries\":null,\"maxExceptions\":null,\"failOnTimeout\":false,\"backoff\":null,\"timeout\":null,\"retryUntil\":null,\"data\":{\"commandName\":\"Illuminate\\\\Broadcasting\\\\BroadcastEvent\",\"command\":\"O:38:\\\"Illuminate\\\\Broadcasting\\\\BroadcastEvent\\\":14:{s:5:\\\"event\\\";O:25:\\\"App\\\\Events\\\\DepositCreated\\\":1:{s:4:\\\"post\\\";a:6:{s:4:\\\"type\\\";s:7:\\\"Deposit\\\";s:14:\\\"transaction_id\\\";s:20:\\\"TR202511121630257373\\\";s:6:\\\"amount\\\";s:3:\\\"100\\\";s:8:\\\"Currency\\\";s:3:\\\"INR\\\";s:6:\\\"status\\\";s:7:\\\"pending\\\";s:3:\\\"msg\\\";s:32:\\\"New Deposit Transaction Created!\\\";}}s:5:\\\"tries\\\";N;s:7:\\\"timeout\\\";N;s:7:\\\"backoff\\\";N;s:13:\\\"maxExceptions\\\";N;s:10:\\\"connection\\\";N;s:5:\\\"queue\\\";N;s:5:\\\"delay\\\";N;s:11:\\\"afterCommit\\\";N;s:10:\\\"middleware\\\";a:0:{}s:7:\\\"chained\\\";a:0:{}s:15:\\\"chainConnection\\\";N;s:10:\\\"chainQueue\\\";N;s:19:\\\"chainCatchCallbacks\\\";N;}\"}}', 0, NULL, 1762939829, 1762939829),
(81, 'default', '{\"uuid\":\"067fa75e-f24d-4794-88e2-84e619b40f49\",\"displayName\":\"App\\\\Events\\\\DepositCreated\",\"job\":\"Illuminate\\\\Queue\\\\CallQueuedHandler@call\",\"maxTries\":null,\"maxExceptions\":null,\"failOnTimeout\":false,\"backoff\":null,\"timeout\":null,\"retryUntil\":null,\"data\":{\"commandName\":\"Illuminate\\\\Broadcasting\\\\BroadcastEvent\",\"command\":\"O:38:\\\"Illuminate\\\\Broadcasting\\\\BroadcastEvent\\\":14:{s:5:\\\"event\\\";O:25:\\\"App\\\\Events\\\\DepositCreated\\\":1:{s:4:\\\"post\\\";a:6:{s:4:\\\"type\\\";s:19:\\\"Transaction Updated\\\";s:14:\\\"transaction_id\\\";N;s:6:\\\"amount\\\";s:4:\\\"2222\\\";s:8:\\\"Currency\\\";s:3:\\\"THB\\\";s:6:\\\"status\\\";s:6:\\\"failed\\\";s:3:\\\"msg\\\";s:27:\\\"Transaction Status Updated!\\\";}}s:5:\\\"tries\\\";N;s:7:\\\"timeout\\\";N;s:7:\\\"backoff\\\";N;s:13:\\\"maxExceptions\\\";N;s:10:\\\"connection\\\";N;s:5:\\\"queue\\\";N;s:5:\\\"delay\\\";N;s:11:\\\"afterCommit\\\";N;s:10:\\\"middleware\\\";a:0:{}s:7:\\\"chained\\\";a:0:{}s:15:\\\"chainConnection\\\";N;s:10:\\\"chainQueue\\\";N;s:19:\\\"chainCatchCallbacks\\\";N;}\"}}', 0, NULL, 1762939969, 1762939969),
(82, 'default', '{\"uuid\":\"22c3eabb-d005-44e3-b94d-448890212973\",\"displayName\":\"App\\\\Events\\\\DepositCreated\",\"job\":\"Illuminate\\\\Queue\\\\CallQueuedHandler@call\",\"maxTries\":null,\"maxExceptions\":null,\"failOnTimeout\":false,\"backoff\":null,\"timeout\":null,\"retryUntil\":null,\"data\":{\"commandName\":\"Illuminate\\\\Broadcasting\\\\BroadcastEvent\",\"command\":\"O:38:\\\"Illuminate\\\\Broadcasting\\\\BroadcastEvent\\\":14:{s:5:\\\"event\\\";O:25:\\\"App\\\\Events\\\\DepositCreated\\\":1:{s:4:\\\"post\\\";a:6:{s:4:\\\"type\\\";s:7:\\\"Deposit\\\";s:14:\\\"transaction_id\\\";s:20:\\\"TR202511121640107271\\\";s:6:\\\"amount\\\";s:3:\\\"100\\\";s:8:\\\"Currency\\\";s:3:\\\"INR\\\";s:6:\\\"status\\\";s:7:\\\"pending\\\";s:3:\\\"msg\\\";s:32:\\\"New Deposit Transaction Created!\\\";}}s:5:\\\"tries\\\";N;s:7:\\\"timeout\\\";N;s:7:\\\"backoff\\\";N;s:13:\\\"maxExceptions\\\";N;s:10:\\\"connection\\\";N;s:5:\\\"queue\\\";N;s:5:\\\"delay\\\";N;s:11:\\\"afterCommit\\\";N;s:10:\\\"middleware\\\";a:0:{}s:7:\\\"chained\\\";a:0:{}s:15:\\\"chainConnection\\\";N;s:10:\\\"chainQueue\\\";N;s:19:\\\"chainCatchCallbacks\\\";N;}\"}}', 0, NULL, 1762940412, 1762940412),
(83, 'default', '{\"uuid\":\"424bcfbe-f0fe-4ce4-9d77-33bc188402a4\",\"displayName\":\"App\\\\Events\\\\DepositCreated\",\"job\":\"Illuminate\\\\Queue\\\\CallQueuedHandler@call\",\"maxTries\":null,\"maxExceptions\":null,\"failOnTimeout\":false,\"backoff\":null,\"timeout\":null,\"retryUntil\":null,\"data\":{\"commandName\":\"Illuminate\\\\Broadcasting\\\\BroadcastEvent\",\"command\":\"O:38:\\\"Illuminate\\\\Broadcasting\\\\BroadcastEvent\\\":14:{s:5:\\\"event\\\";O:25:\\\"App\\\\Events\\\\DepositCreated\\\":1:{s:4:\\\"post\\\";a:6:{s:4:\\\"type\\\";s:19:\\\"Transaction Updated\\\";s:14:\\\"transaction_id\\\";N;s:6:\\\"amount\\\";s:4:\\\"2222\\\";s:8:\\\"Currency\\\";s:3:\\\"THB\\\";s:6:\\\"status\\\";s:6:\\\"failed\\\";s:3:\\\"msg\\\";s:27:\\\"Transaction Status Updated!\\\";}}s:5:\\\"tries\\\";N;s:7:\\\"timeout\\\";N;s:7:\\\"backoff\\\";N;s:13:\\\"maxExceptions\\\";N;s:10:\\\"connection\\\";N;s:5:\\\"queue\\\";N;s:5:\\\"delay\\\";N;s:11:\\\"afterCommit\\\";N;s:10:\\\"middleware\\\";a:0:{}s:7:\\\"chained\\\";a:0:{}s:15:\\\"chainConnection\\\";N;s:10:\\\"chainQueue\\\";N;s:19:\\\"chainCatchCallbacks\\\";N;}\"}}', 0, NULL, 1762940492, 1762940492),
(84, 'default', '{\"uuid\":\"96e6ef9e-b04e-451d-8ee4-b6a29122e37a\",\"displayName\":\"App\\\\Events\\\\DepositCreated\",\"job\":\"Illuminate\\\\Queue\\\\CallQueuedHandler@call\",\"maxTries\":null,\"maxExceptions\":null,\"failOnTimeout\":false,\"backoff\":null,\"timeout\":null,\"retryUntil\":null,\"data\":{\"commandName\":\"Illuminate\\\\Broadcasting\\\\BroadcastEvent\",\"command\":\"O:38:\\\"Illuminate\\\\Broadcasting\\\\BroadcastEvent\\\":14:{s:5:\\\"event\\\";O:25:\\\"App\\\\Events\\\\DepositCreated\\\":1:{s:4:\\\"post\\\";a:6:{s:4:\\\"type\\\";s:7:\\\"Deposit\\\";s:14:\\\"transaction_id\\\";s:20:\\\"TR202511131021393284\\\";s:6:\\\"amount\\\";s:3:\\\"100\\\";s:8:\\\"Currency\\\";s:3:\\\"INR\\\";s:6:\\\"status\\\";s:7:\\\"pending\\\";s:3:\\\"msg\\\";s:32:\\\"New Deposit Transaction Created!\\\";}}s:5:\\\"tries\\\";N;s:7:\\\"timeout\\\";N;s:7:\\\"backoff\\\";N;s:13:\\\"maxExceptions\\\";N;s:10:\\\"connection\\\";N;s:5:\\\"queue\\\";N;s:5:\\\"delay\\\";N;s:11:\\\"afterCommit\\\";N;s:10:\\\"middleware\\\";a:0:{}s:7:\\\"chained\\\";a:0:{}s:15:\\\"chainConnection\\\";N;s:10:\\\"chainQueue\\\";N;s:19:\\\"chainCatchCallbacks\\\";N;}\"}}', 0, NULL, 1763004104, 1763004104),
(85, 'default', '{\"uuid\":\"20340c49-445f-4358-bade-c71528ed31fb\",\"displayName\":\"App\\\\Events\\\\DepositCreated\",\"job\":\"Illuminate\\\\Queue\\\\CallQueuedHandler@call\",\"maxTries\":null,\"maxExceptions\":null,\"failOnTimeout\":false,\"backoff\":null,\"timeout\":null,\"retryUntil\":null,\"data\":{\"commandName\":\"Illuminate\\\\Broadcasting\\\\BroadcastEvent\",\"command\":\"O:38:\\\"Illuminate\\\\Broadcasting\\\\BroadcastEvent\\\":14:{s:5:\\\"event\\\";O:25:\\\"App\\\\Events\\\\DepositCreated\\\":1:{s:4:\\\"post\\\";a:6:{s:4:\\\"type\\\";s:7:\\\"Deposit\\\";s:14:\\\"transaction_id\\\";s:20:\\\"TR202511131028286440\\\";s:6:\\\"amount\\\";s:3:\\\"100\\\";s:8:\\\"Currency\\\";s:3:\\\"INR\\\";s:6:\\\"status\\\";s:7:\\\"pending\\\";s:3:\\\"msg\\\";s:32:\\\"New Deposit Transaction Created!\\\";}}s:5:\\\"tries\\\";N;s:7:\\\"timeout\\\";N;s:7:\\\"backoff\\\";N;s:13:\\\"maxExceptions\\\";N;s:10:\\\"connection\\\";N;s:5:\\\"queue\\\";N;s:5:\\\"delay\\\";N;s:11:\\\"afterCommit\\\";N;s:10:\\\"middleware\\\";a:0:{}s:7:\\\"chained\\\";a:0:{}s:15:\\\"chainConnection\\\";N;s:10:\\\"chainQueue\\\";N;s:19:\\\"chainCatchCallbacks\\\";N;}\"}}', 0, NULL, 1763004512, 1763004512),
(86, 'default', '{\"uuid\":\"f1782e3f-e3a1-4df2-9096-5fc2a227bfd1\",\"displayName\":\"App\\\\Events\\\\DepositCreated\",\"job\":\"Illuminate\\\\Queue\\\\CallQueuedHandler@call\",\"maxTries\":null,\"maxExceptions\":null,\"failOnTimeout\":false,\"backoff\":null,\"timeout\":null,\"retryUntil\":null,\"data\":{\"commandName\":\"Illuminate\\\\Broadcasting\\\\BroadcastEvent\",\"command\":\"O:38:\\\"Illuminate\\\\Broadcasting\\\\BroadcastEvent\\\":14:{s:5:\\\"event\\\";O:25:\\\"App\\\\Events\\\\DepositCreated\\\":1:{s:4:\\\"post\\\";a:6:{s:4:\\\"type\\\";s:19:\\\"Transaction Updated\\\";s:14:\\\"transaction_id\\\";s:20:\\\"TR202511131028286440\\\";s:6:\\\"amount\\\";s:3:\\\"100\\\";s:8:\\\"Currency\\\";s:3:\\\"INR\\\";s:6:\\\"status\\\";s:7:\\\"pending\\\";s:3:\\\"msg\\\";s:27:\\\"Transaction Status Updated!\\\";}}s:5:\\\"tries\\\";N;s:7:\\\"timeout\\\";N;s:7:\\\"backoff\\\";N;s:13:\\\"maxExceptions\\\";N;s:10:\\\"connection\\\";N;s:5:\\\"queue\\\";N;s:5:\\\"delay\\\";N;s:11:\\\"afterCommit\\\";N;s:10:\\\"middleware\\\";a:0:{}s:7:\\\"chained\\\";a:0:{}s:15:\\\"chainConnection\\\";N;s:10:\\\"chainQueue\\\";N;s:19:\\\"chainCatchCallbacks\\\";N;}\"}}', 0, NULL, 1763007106, 1763007106),
(87, 'default', '{\"uuid\":\"e5d4544d-d867-41d0-ae71-c60753ffb3fd\",\"displayName\":\"App\\\\Events\\\\DepositCreated\",\"job\":\"Illuminate\\\\Queue\\\\CallQueuedHandler@call\",\"maxTries\":null,\"maxExceptions\":null,\"failOnTimeout\":false,\"backoff\":null,\"timeout\":null,\"retryUntil\":null,\"data\":{\"commandName\":\"Illuminate\\\\Broadcasting\\\\BroadcastEvent\",\"command\":\"O:38:\\\"Illuminate\\\\Broadcasting\\\\BroadcastEvent\\\":14:{s:5:\\\"event\\\";O:25:\\\"App\\\\Events\\\\DepositCreated\\\":1:{s:4:\\\"post\\\";a:6:{s:4:\\\"type\\\";s:19:\\\"Transaction Updated\\\";s:14:\\\"transaction_id\\\";s:20:\\\"TR202511131028286440\\\";s:6:\\\"amount\\\";s:3:\\\"100\\\";s:8:\\\"Currency\\\";s:3:\\\"INR\\\";s:6:\\\"status\\\";s:7:\\\"pending\\\";s:3:\\\"msg\\\";s:27:\\\"Transaction Status Updated!\\\";}}s:5:\\\"tries\\\";N;s:7:\\\"timeout\\\";N;s:7:\\\"backoff\\\";N;s:13:\\\"maxExceptions\\\";N;s:10:\\\"connection\\\";N;s:5:\\\"queue\\\";N;s:5:\\\"delay\\\";N;s:11:\\\"afterCommit\\\";N;s:10:\\\"middleware\\\";a:0:{}s:7:\\\"chained\\\";a:0:{}s:15:\\\"chainConnection\\\";N;s:10:\\\"chainQueue\\\";N;s:19:\\\"chainCatchCallbacks\\\";N;}\"}}', 0, NULL, 1763007143, 1763007143),
(88, 'default', '{\"uuid\":\"f38c7daf-2c19-48e4-bec8-616a8a29710b\",\"displayName\":\"App\\\\Events\\\\DepositCreated\",\"job\":\"Illuminate\\\\Queue\\\\CallQueuedHandler@call\",\"maxTries\":null,\"maxExceptions\":null,\"failOnTimeout\":false,\"backoff\":null,\"timeout\":null,\"retryUntil\":null,\"data\":{\"commandName\":\"Illuminate\\\\Broadcasting\\\\BroadcastEvent\",\"command\":\"O:38:\\\"Illuminate\\\\Broadcasting\\\\BroadcastEvent\\\":14:{s:5:\\\"event\\\";O:25:\\\"App\\\\Events\\\\DepositCreated\\\":1:{s:4:\\\"post\\\";a:6:{s:4:\\\"type\\\";s:7:\\\"Deposit\\\";s:14:\\\"transaction_id\\\";s:20:\\\"TR202511131113324777\\\";s:6:\\\"amount\\\";s:4:\\\"1000\\\";s:8:\\\"Currency\\\";s:3:\\\"INR\\\";s:6:\\\"status\\\";s:7:\\\"pending\\\";s:3:\\\"msg\\\";s:32:\\\"New Deposit Transaction Created!\\\";}}s:5:\\\"tries\\\";N;s:7:\\\"timeout\\\";N;s:7:\\\"backoff\\\";N;s:13:\\\"maxExceptions\\\";N;s:10:\\\"connection\\\";N;s:5:\\\"queue\\\";N;s:5:\\\"delay\\\";N;s:11:\\\"afterCommit\\\";N;s:10:\\\"middleware\\\";a:0:{}s:7:\\\"chained\\\";a:0:{}s:15:\\\"chainConnection\\\";N;s:10:\\\"chainQueue\\\";N;s:19:\\\"chainCatchCallbacks\\\";N;}\"}}', 0, NULL, 1763007214, 1763007214),
(89, 'default', '{\"uuid\":\"5e790a57-8bd7-4456-8ca0-886cddf7422b\",\"displayName\":\"App\\\\Events\\\\DepositCreated\",\"job\":\"Illuminate\\\\Queue\\\\CallQueuedHandler@call\",\"maxTries\":null,\"maxExceptions\":null,\"failOnTimeout\":false,\"backoff\":null,\"timeout\":null,\"retryUntil\":null,\"data\":{\"commandName\":\"Illuminate\\\\Broadcasting\\\\BroadcastEvent\",\"command\":\"O:38:\\\"Illuminate\\\\Broadcasting\\\\BroadcastEvent\\\":14:{s:5:\\\"event\\\";O:25:\\\"App\\\\Events\\\\DepositCreated\\\":1:{s:4:\\\"post\\\";a:6:{s:4:\\\"type\\\";s:19:\\\"Transaction Updated\\\";s:14:\\\"transaction_id\\\";s:20:\\\"TR202511131113324777\\\";s:6:\\\"amount\\\";s:4:\\\"1000\\\";s:8:\\\"Currency\\\";s:3:\\\"INR\\\";s:6:\\\"status\\\";s:7:\\\"pending\\\";s:3:\\\"msg\\\";s:27:\\\"Transaction Status Updated!\\\";}}s:5:\\\"tries\\\";N;s:7:\\\"timeout\\\";N;s:7:\\\"backoff\\\";N;s:13:\\\"maxExceptions\\\";N;s:10:\\\"connection\\\";N;s:5:\\\"queue\\\";N;s:5:\\\"delay\\\";N;s:11:\\\"afterCommit\\\";N;s:10:\\\"middleware\\\";a:0:{}s:7:\\\"chained\\\";a:0:{}s:15:\\\"chainConnection\\\";N;s:10:\\\"chainQueue\\\";N;s:19:\\\"chainCatchCallbacks\\\";N;}\"}}', 0, NULL, 1763007297, 1763007297),
(90, 'default', '{\"uuid\":\"63411523-fa6e-4e37-9083-3f8d26d8ef99\",\"displayName\":\"App\\\\Events\\\\DepositCreated\",\"job\":\"Illuminate\\\\Queue\\\\CallQueuedHandler@call\",\"maxTries\":null,\"maxExceptions\":null,\"failOnTimeout\":false,\"backoff\":null,\"timeout\":null,\"retryUntil\":null,\"data\":{\"commandName\":\"Illuminate\\\\Broadcasting\\\\BroadcastEvent\",\"command\":\"O:38:\\\"Illuminate\\\\Broadcasting\\\\BroadcastEvent\\\":14:{s:5:\\\"event\\\";O:25:\\\"App\\\\Events\\\\DepositCreated\\\":1:{s:4:\\\"post\\\";a:6:{s:4:\\\"type\\\";s:7:\\\"Deposit\\\";s:14:\\\"transaction_id\\\";s:20:\\\"TR202511271047079050\\\";s:6:\\\"amount\\\";s:2:\\\"10\\\";s:8:\\\"Currency\\\";s:3:\\\"USD\\\";s:6:\\\"status\\\";s:7:\\\"pending\\\";s:3:\\\"msg\\\";s:32:\\\"New Deposit Transaction Created!\\\";}}s:5:\\\"tries\\\";N;s:7:\\\"timeout\\\";N;s:7:\\\"backoff\\\";N;s:13:\\\"maxExceptions\\\";N;s:10:\\\"connection\\\";N;s:5:\\\"queue\\\";N;s:5:\\\"delay\\\";N;s:11:\\\"afterCommit\\\";N;s:10:\\\"middleware\\\";a:0:{}s:7:\\\"chained\\\";a:0:{}s:15:\\\"chainConnection\\\";N;s:10:\\\"chainQueue\\\";N;s:19:\\\"chainCatchCallbacks\\\";N;}\"}}', 0, NULL, 1764215233, 1764215233),
(91, 'default', '{\"uuid\":\"44f70278-63ab-4364-a5f0-2ca69ef36811\",\"displayName\":\"App\\\\Events\\\\DepositCreated\",\"job\":\"Illuminate\\\\Queue\\\\CallQueuedHandler@call\",\"maxTries\":null,\"maxExceptions\":null,\"failOnTimeout\":false,\"backoff\":null,\"timeout\":null,\"retryUntil\":null,\"data\":{\"commandName\":\"Illuminate\\\\Broadcasting\\\\BroadcastEvent\",\"command\":\"O:38:\\\"Illuminate\\\\Broadcasting\\\\BroadcastEvent\\\":14:{s:5:\\\"event\\\";O:25:\\\"App\\\\Events\\\\DepositCreated\\\":1:{s:4:\\\"post\\\";a:6:{s:4:\\\"type\\\";s:19:\\\"Transaction Updated\\\";s:14:\\\"transaction_id\\\";s:20:\\\"TR202511271047079050\\\";s:6:\\\"amount\\\";s:2:\\\"10\\\";s:8:\\\"Currency\\\";s:3:\\\"USD\\\";s:6:\\\"status\\\";s:6:\\\"failed\\\";s:3:\\\"msg\\\";s:27:\\\"Transaction Status Updated!\\\";}}s:5:\\\"tries\\\";N;s:7:\\\"timeout\\\";N;s:7:\\\"backoff\\\";N;s:13:\\\"maxExceptions\\\";N;s:10:\\\"connection\\\";N;s:5:\\\"queue\\\";N;s:5:\\\"delay\\\";N;s:11:\\\"afterCommit\\\";N;s:10:\\\"middleware\\\";a:0:{}s:7:\\\"chained\\\";a:0:{}s:15:\\\"chainConnection\\\";N;s:10:\\\"chainQueue\\\";N;s:19:\\\"chainCatchCallbacks\\\";N;}\"}}', 0, NULL, 1764215286, 1764215286),
(92, 'default', '{\"uuid\":\"328ec3ab-0504-4357-b01f-a3f27eac65b3\",\"displayName\":\"App\\\\Events\\\\DepositCreated\",\"job\":\"Illuminate\\\\Queue\\\\CallQueuedHandler@call\",\"maxTries\":null,\"maxExceptions\":null,\"failOnTimeout\":false,\"backoff\":null,\"timeout\":null,\"retryUntil\":null,\"data\":{\"commandName\":\"Illuminate\\\\Broadcasting\\\\BroadcastEvent\",\"command\":\"O:38:\\\"Illuminate\\\\Broadcasting\\\\BroadcastEvent\\\":14:{s:5:\\\"event\\\";O:25:\\\"App\\\\Events\\\\DepositCreated\\\":1:{s:4:\\\"post\\\";a:6:{s:4:\\\"type\\\";s:7:\\\"Deposit\\\";s:14:\\\"transaction_id\\\";s:20:\\\"TR202511271606578339\\\";s:6:\\\"amount\\\";s:1:\\\"1\\\";s:8:\\\"Currency\\\";s:3:\\\"USD\\\";s:6:\\\"status\\\";s:7:\\\"pending\\\";s:3:\\\"msg\\\";s:32:\\\"New Deposit Transaction Created!\\\";}}s:5:\\\"tries\\\";N;s:7:\\\"timeout\\\";N;s:7:\\\"backoff\\\";N;s:13:\\\"maxExceptions\\\";N;s:10:\\\"connection\\\";N;s:5:\\\"queue\\\";N;s:5:\\\"delay\\\";N;s:11:\\\"afterCommit\\\";N;s:10:\\\"middleware\\\";a:0:{}s:7:\\\"chained\\\";a:0:{}s:15:\\\"chainConnection\\\";N;s:10:\\\"chainQueue\\\";N;s:19:\\\"chainCatchCallbacks\\\";N;}\"}}', 0, NULL, 1764234423, 1764234423),
(93, 'default', '{\"uuid\":\"4368f676-fa0a-480f-bb26-6c5f593e47d4\",\"displayName\":\"App\\\\Events\\\\DepositCreated\",\"job\":\"Illuminate\\\\Queue\\\\CallQueuedHandler@call\",\"maxTries\":null,\"maxExceptions\":null,\"failOnTimeout\":false,\"backoff\":null,\"timeout\":null,\"retryUntil\":null,\"data\":{\"commandName\":\"Illuminate\\\\Broadcasting\\\\BroadcastEvent\",\"command\":\"O:38:\\\"Illuminate\\\\Broadcasting\\\\BroadcastEvent\\\":14:{s:5:\\\"event\\\";O:25:\\\"App\\\\Events\\\\DepositCreated\\\":1:{s:4:\\\"post\\\";a:6:{s:4:\\\"type\\\";s:7:\\\"Deposit\\\";s:14:\\\"transaction_id\\\";s:20:\\\"TR202511271616473175\\\";s:6:\\\"amount\\\";s:3:\\\"100\\\";s:8:\\\"Currency\\\";s:3:\\\"THB\\\";s:6:\\\"status\\\";s:7:\\\"pending\\\";s:3:\\\"msg\\\";s:32:\\\"New Deposit Transaction Created!\\\";}}s:5:\\\"tries\\\";N;s:7:\\\"timeout\\\";N;s:7:\\\"backoff\\\";N;s:13:\\\"maxExceptions\\\";N;s:10:\\\"connection\\\";N;s:5:\\\"queue\\\";N;s:5:\\\"delay\\\";N;s:11:\\\"afterCommit\\\";N;s:10:\\\"middleware\\\";a:0:{}s:7:\\\"chained\\\";a:0:{}s:15:\\\"chainConnection\\\";N;s:10:\\\"chainQueue\\\";N;s:19:\\\"chainCatchCallbacks\\\";N;}\"}}', 0, NULL, 1764235019, 1764235019),
(94, 'default', '{\"uuid\":\"e9fe642a-71ff-490f-843e-d27f7bb1a693\",\"displayName\":\"App\\\\Events\\\\DepositCreated\",\"job\":\"Illuminate\\\\Queue\\\\CallQueuedHandler@call\",\"maxTries\":null,\"maxExceptions\":null,\"failOnTimeout\":false,\"backoff\":null,\"timeout\":null,\"retryUntil\":null,\"data\":{\"commandName\":\"Illuminate\\\\Broadcasting\\\\BroadcastEvent\",\"command\":\"O:38:\\\"Illuminate\\\\Broadcasting\\\\BroadcastEvent\\\":14:{s:5:\\\"event\\\";O:25:\\\"App\\\\Events\\\\DepositCreated\\\":1:{s:4:\\\"post\\\";a:6:{s:4:\\\"type\\\";s:7:\\\"Deposit\\\";s:14:\\\"transaction_id\\\";s:20:\\\"TR202511281329105342\\\";s:6:\\\"amount\\\";s:1:\\\"1\\\";s:8:\\\"Currency\\\";s:3:\\\"USD\\\";s:6:\\\"status\\\";s:7:\\\"pending\\\";s:3:\\\"msg\\\";s:32:\\\"New Deposit Transaction Created!\\\";}}s:5:\\\"tries\\\";N;s:7:\\\"timeout\\\";N;s:7:\\\"backoff\\\";N;s:13:\\\"maxExceptions\\\";N;s:10:\\\"connection\\\";N;s:5:\\\"queue\\\";N;s:5:\\\"delay\\\";N;s:11:\\\"afterCommit\\\";N;s:10:\\\"middleware\\\";a:0:{}s:7:\\\"chained\\\";a:0:{}s:15:\\\"chainConnection\\\";N;s:10:\\\"chainQueue\\\";N;s:19:\\\"chainCatchCallbacks\\\";N;}\"}}', 0, NULL, 1764311357, 1764311357),
(95, 'default', '{\"uuid\":\"e59fe215-d309-4c7a-a3a7-b86a416bdc5b\",\"displayName\":\"App\\\\Events\\\\DepositCreated\",\"job\":\"Illuminate\\\\Queue\\\\CallQueuedHandler@call\",\"maxTries\":null,\"maxExceptions\":null,\"failOnTimeout\":false,\"backoff\":null,\"timeout\":null,\"retryUntil\":null,\"data\":{\"commandName\":\"Illuminate\\\\Broadcasting\\\\BroadcastEvent\",\"command\":\"O:38:\\\"Illuminate\\\\Broadcasting\\\\BroadcastEvent\\\":14:{s:5:\\\"event\\\";O:25:\\\"App\\\\Events\\\\DepositCreated\\\":1:{s:4:\\\"post\\\";a:6:{s:4:\\\"type\\\";s:19:\\\"Transaction Updated\\\";s:14:\\\"transaction_id\\\";s:20:\\\"TR202511281329105342\\\";s:6:\\\"amount\\\";s:1:\\\"1\\\";s:8:\\\"Currency\\\";s:3:\\\"USD\\\";s:6:\\\"status\\\";s:6:\\\"failed\\\";s:3:\\\"msg\\\";s:27:\\\"Transaction Status Updated!\\\";}}s:5:\\\"tries\\\";N;s:7:\\\"timeout\\\";N;s:7:\\\"backoff\\\";N;s:13:\\\"maxExceptions\\\";N;s:10:\\\"connection\\\";N;s:5:\\\"queue\\\";N;s:5:\\\"delay\\\";N;s:11:\\\"afterCommit\\\";N;s:10:\\\"middleware\\\";a:0:{}s:7:\\\"chained\\\";a:0:{}s:15:\\\"chainConnection\\\";N;s:10:\\\"chainQueue\\\";N;s:19:\\\"chainCatchCallbacks\\\";N;}\"}}', 0, NULL, 1764311419, 1764311419),
(96, 'default', '{\"uuid\":\"724e437b-78cd-4c58-91cf-e71927b67141\",\"displayName\":\"App\\\\Events\\\\DepositCreated\",\"job\":\"Illuminate\\\\Queue\\\\CallQueuedHandler@call\",\"maxTries\":null,\"maxExceptions\":null,\"failOnTimeout\":false,\"backoff\":null,\"timeout\":null,\"retryUntil\":null,\"data\":{\"commandName\":\"Illuminate\\\\Broadcasting\\\\BroadcastEvent\",\"command\":\"O:38:\\\"Illuminate\\\\Broadcasting\\\\BroadcastEvent\\\":14:{s:5:\\\"event\\\";O:25:\\\"App\\\\Events\\\\DepositCreated\\\":1:{s:4:\\\"post\\\";a:6:{s:4:\\\"type\\\";s:7:\\\"Deposit\\\";s:14:\\\"transaction_id\\\";s:20:\\\"TR202511281334108178\\\";s:6:\\\"amount\\\";s:3:\\\"100\\\";s:8:\\\"Currency\\\";s:3:\\\"THB\\\";s:6:\\\"status\\\";s:7:\\\"pending\\\";s:3:\\\"msg\\\";s:32:\\\"New Deposit Transaction Created!\\\";}}s:5:\\\"tries\\\";N;s:7:\\\"timeout\\\";N;s:7:\\\"backoff\\\";N;s:13:\\\"maxExceptions\\\";N;s:10:\\\"connection\\\";N;s:5:\\\"queue\\\";N;s:5:\\\"delay\\\";N;s:11:\\\"afterCommit\\\";N;s:10:\\\"middleware\\\";a:0:{}s:7:\\\"chained\\\";a:0:{}s:15:\\\"chainConnection\\\";N;s:10:\\\"chainQueue\\\";N;s:19:\\\"chainCatchCallbacks\\\";N;}\"}}', 0, NULL, 1764311656, 1764311656),
(97, 'default', '{\"uuid\":\"4b9b9a39-1895-484a-8ccf-2a5b74b14081\",\"displayName\":\"App\\\\Events\\\\DepositCreated\",\"job\":\"Illuminate\\\\Queue\\\\CallQueuedHandler@call\",\"maxTries\":null,\"maxExceptions\":null,\"failOnTimeout\":false,\"backoff\":null,\"timeout\":null,\"retryUntil\":null,\"data\":{\"commandName\":\"Illuminate\\\\Broadcasting\\\\BroadcastEvent\",\"command\":\"O:38:\\\"Illuminate\\\\Broadcasting\\\\BroadcastEvent\\\":14:{s:5:\\\"event\\\";O:25:\\\"App\\\\Events\\\\DepositCreated\\\":1:{s:4:\\\"post\\\";a:6:{s:4:\\\"type\\\";s:19:\\\"Transaction Updated\\\";s:14:\\\"transaction_id\\\";s:20:\\\"TR202511281334108178\\\";s:6:\\\"amount\\\";s:3:\\\"100\\\";s:8:\\\"Currency\\\";s:3:\\\"THB\\\";s:6:\\\"status\\\";s:7:\\\"pending\\\";s:3:\\\"msg\\\";s:27:\\\"Transaction Status Updated!\\\";}}s:5:\\\"tries\\\";N;s:7:\\\"timeout\\\";N;s:7:\\\"backoff\\\";N;s:13:\\\"maxExceptions\\\";N;s:10:\\\"connection\\\";N;s:5:\\\"queue\\\";N;s:5:\\\"delay\\\";N;s:11:\\\"afterCommit\\\";N;s:10:\\\"middleware\\\";a:0:{}s:7:\\\"chained\\\";a:0:{}s:15:\\\"chainConnection\\\";N;s:10:\\\"chainQueue\\\";N;s:19:\\\"chainCatchCallbacks\\\";N;}\"}}', 0, NULL, 1764311700, 1764311700),
(98, 'default', '{\"uuid\":\"f66ddee5-ac04-4844-b4ed-e584423a501c\",\"displayName\":\"App\\\\Events\\\\DepositCreated\",\"job\":\"Illuminate\\\\Queue\\\\CallQueuedHandler@call\",\"maxTries\":null,\"maxExceptions\":null,\"failOnTimeout\":false,\"backoff\":null,\"timeout\":null,\"retryUntil\":null,\"data\":{\"commandName\":\"Illuminate\\\\Broadcasting\\\\BroadcastEvent\",\"command\":\"O:38:\\\"Illuminate\\\\Broadcasting\\\\BroadcastEvent\\\":14:{s:5:\\\"event\\\";O:25:\\\"App\\\\Events\\\\DepositCreated\\\":1:{s:4:\\\"post\\\";a:6:{s:4:\\\"type\\\";s:7:\\\"Deposit\\\";s:14:\\\"transaction_id\\\";s:20:\\\"TR202511281335306884\\\";s:6:\\\"amount\\\";s:3:\\\"100\\\";s:8:\\\"Currency\\\";s:3:\\\"THB\\\";s:6:\\\"status\\\";s:7:\\\"pending\\\";s:3:\\\"msg\\\";s:32:\\\"New Deposit Transaction Created!\\\";}}s:5:\\\"tries\\\";N;s:7:\\\"timeout\\\";N;s:7:\\\"backoff\\\";N;s:13:\\\"maxExceptions\\\";N;s:10:\\\"connection\\\";N;s:5:\\\"queue\\\";N;s:5:\\\"delay\\\";N;s:11:\\\"afterCommit\\\";N;s:10:\\\"middleware\\\";a:0:{}s:7:\\\"chained\\\";a:0:{}s:15:\\\"chainConnection\\\";N;s:10:\\\"chainQueue\\\";N;s:19:\\\"chainCatchCallbacks\\\";N;}\"}}', 0, NULL, 1764311735, 1764311735),
(99, 'default', '{\"uuid\":\"6c7c0b44-727c-4c8f-a65b-28bdf109d8b7\",\"displayName\":\"App\\\\Events\\\\DepositCreated\",\"job\":\"Illuminate\\\\Queue\\\\CallQueuedHandler@call\",\"maxTries\":null,\"maxExceptions\":null,\"failOnTimeout\":false,\"backoff\":null,\"timeout\":null,\"retryUntil\":null,\"data\":{\"commandName\":\"Illuminate\\\\Broadcasting\\\\BroadcastEvent\",\"command\":\"O:38:\\\"Illuminate\\\\Broadcasting\\\\BroadcastEvent\\\":14:{s:5:\\\"event\\\";O:25:\\\"App\\\\Events\\\\DepositCreated\\\":1:{s:4:\\\"post\\\";a:6:{s:4:\\\"type\\\";s:19:\\\"Transaction Updated\\\";s:14:\\\"transaction_id\\\";s:20:\\\"TR202511281335306884\\\";s:6:\\\"amount\\\";s:3:\\\"100\\\";s:8:\\\"Currency\\\";s:3:\\\"THB\\\";s:6:\\\"status\\\";s:7:\\\"pending\\\";s:3:\\\"msg\\\";s:27:\\\"Transaction Status Updated!\\\";}}s:5:\\\"tries\\\";N;s:7:\\\"timeout\\\";N;s:7:\\\"backoff\\\";N;s:13:\\\"maxExceptions\\\";N;s:10:\\\"connection\\\";N;s:5:\\\"queue\\\";N;s:5:\\\"delay\\\";N;s:11:\\\"afterCommit\\\";N;s:10:\\\"middleware\\\";a:0:{}s:7:\\\"chained\\\";a:0:{}s:15:\\\"chainConnection\\\";N;s:10:\\\"chainQueue\\\";N;s:19:\\\"chainCatchCallbacks\\\";N;}\"}}', 0, NULL, 1764311741, 1764311741),
(100, 'default', '{\"uuid\":\"353432d5-7421-4e42-844b-d96a7a222e5a\",\"displayName\":\"App\\\\Events\\\\DepositCreated\",\"job\":\"Illuminate\\\\Queue\\\\CallQueuedHandler@call\",\"maxTries\":null,\"maxExceptions\":null,\"failOnTimeout\":false,\"backoff\":null,\"timeout\":null,\"retryUntil\":null,\"data\":{\"commandName\":\"Illuminate\\\\Broadcasting\\\\BroadcastEvent\",\"command\":\"O:38:\\\"Illuminate\\\\Broadcasting\\\\BroadcastEvent\\\":14:{s:5:\\\"event\\\";O:25:\\\"App\\\\Events\\\\DepositCreated\\\":1:{s:4:\\\"post\\\";a:6:{s:4:\\\"type\\\";s:7:\\\"Deposit\\\";s:14:\\\"transaction_id\\\";s:20:\\\"TR202511281337513317\\\";s:6:\\\"amount\\\";s:2:\\\"10\\\";s:8:\\\"Currency\\\";s:3:\\\"USD\\\";s:6:\\\"status\\\";s:7:\\\"pending\\\";s:3:\\\"msg\\\";s:32:\\\"New Deposit Transaction Created!\\\";}}s:5:\\\"tries\\\";N;s:7:\\\"timeout\\\";N;s:7:\\\"backoff\\\";N;s:13:\\\"maxExceptions\\\";N;s:10:\\\"connection\\\";N;s:5:\\\"queue\\\";N;s:5:\\\"delay\\\";N;s:11:\\\"afterCommit\\\";N;s:10:\\\"middleware\\\";a:0:{}s:7:\\\"chained\\\";a:0:{}s:15:\\\"chainConnection\\\";N;s:10:\\\"chainQueue\\\";N;s:19:\\\"chainCatchCallbacks\\\";N;}\"}}', 0, NULL, 1764311878, 1764311878),
(101, 'default', '{\"uuid\":\"10c67a4c-5e8d-4919-99c7-32cd70479126\",\"displayName\":\"App\\\\Events\\\\DepositCreated\",\"job\":\"Illuminate\\\\Queue\\\\CallQueuedHandler@call\",\"maxTries\":null,\"maxExceptions\":null,\"failOnTimeout\":false,\"backoff\":null,\"timeout\":null,\"retryUntil\":null,\"data\":{\"commandName\":\"Illuminate\\\\Broadcasting\\\\BroadcastEvent\",\"command\":\"O:38:\\\"Illuminate\\\\Broadcasting\\\\BroadcastEvent\\\":14:{s:5:\\\"event\\\";O:25:\\\"App\\\\Events\\\\DepositCreated\\\":1:{s:4:\\\"post\\\";a:6:{s:4:\\\"type\\\";s:7:\\\"Deposit\\\";s:14:\\\"transaction_id\\\";s:20:\\\"TR202511281457232370\\\";s:6:\\\"amount\\\";s:1:\\\"1\\\";s:8:\\\"Currency\\\";s:3:\\\"USD\\\";s:6:\\\"status\\\";s:7:\\\"pending\\\";s:3:\\\"msg\\\";s:32:\\\"New Deposit Transaction Created!\\\";}}s:5:\\\"tries\\\";N;s:7:\\\"timeout\\\";N;s:7:\\\"backoff\\\";N;s:13:\\\"maxExceptions\\\";N;s:10:\\\"connection\\\";N;s:5:\\\"queue\\\";N;s:5:\\\"delay\\\";N;s:11:\\\"afterCommit\\\";N;s:10:\\\"middleware\\\";a:0:{}s:7:\\\"chained\\\";a:0:{}s:15:\\\"chainConnection\\\";N;s:10:\\\"chainQueue\\\";N;s:19:\\\"chainCatchCallbacks\\\";N;}\"}}', 0, NULL, 1764316650, 1764316650),
(102, 'default', '{\"uuid\":\"14333060-9888-451b-9fb3-e5e5db18f1f8\",\"displayName\":\"App\\\\Events\\\\DepositCreated\",\"job\":\"Illuminate\\\\Queue\\\\CallQueuedHandler@call\",\"maxTries\":null,\"maxExceptions\":null,\"failOnTimeout\":false,\"backoff\":null,\"timeout\":null,\"retryUntil\":null,\"data\":{\"commandName\":\"Illuminate\\\\Broadcasting\\\\BroadcastEvent\",\"command\":\"O:38:\\\"Illuminate\\\\Broadcasting\\\\BroadcastEvent\\\":14:{s:5:\\\"event\\\";O:25:\\\"App\\\\Events\\\\DepositCreated\\\":1:{s:4:\\\"post\\\";a:6:{s:4:\\\"type\\\";s:7:\\\"Deposit\\\";s:14:\\\"transaction_id\\\";s:20:\\\"TR202511281459039567\\\";s:6:\\\"amount\\\";s:4:\\\"1000\\\";s:8:\\\"Currency\\\";s:3:\\\"THB\\\";s:6:\\\"status\\\";s:7:\\\"pending\\\";s:3:\\\"msg\\\";s:32:\\\"New Deposit Transaction Created!\\\";}}s:5:\\\"tries\\\";N;s:7:\\\"timeout\\\";N;s:7:\\\"backoff\\\";N;s:13:\\\"maxExceptions\\\";N;s:10:\\\"connection\\\";N;s:5:\\\"queue\\\";N;s:5:\\\"delay\\\";N;s:11:\\\"afterCommit\\\";N;s:10:\\\"middleware\\\";a:0:{}s:7:\\\"chained\\\";a:0:{}s:15:\\\"chainConnection\\\";N;s:10:\\\"chainQueue\\\";N;s:19:\\\"chainCatchCallbacks\\\";N;}\"}}', 0, NULL, 1764316749, 1764316749),
(103, 'default', '{\"uuid\":\"87b70643-52c9-4e22-b06d-7632bfeb561f\",\"displayName\":\"App\\\\Events\\\\DepositCreated\",\"job\":\"Illuminate\\\\Queue\\\\CallQueuedHandler@call\",\"maxTries\":null,\"maxExceptions\":null,\"failOnTimeout\":false,\"backoff\":null,\"timeout\":null,\"retryUntil\":null,\"data\":{\"commandName\":\"Illuminate\\\\Broadcasting\\\\BroadcastEvent\",\"command\":\"O:38:\\\"Illuminate\\\\Broadcasting\\\\BroadcastEvent\\\":14:{s:5:\\\"event\\\";O:25:\\\"App\\\\Events\\\\DepositCreated\\\":1:{s:4:\\\"post\\\";a:6:{s:4:\\\"type\\\";s:19:\\\"Transaction Updated\\\";s:14:\\\"transaction_id\\\";s:20:\\\"TR202511281459039567\\\";s:6:\\\"amount\\\";s:4:\\\"1000\\\";s:8:\\\"Currency\\\";s:3:\\\"THB\\\";s:6:\\\"status\\\";s:6:\\\"failed\\\";s:3:\\\"msg\\\";s:27:\\\"Transaction Status Updated!\\\";}}s:5:\\\"tries\\\";N;s:7:\\\"timeout\\\";N;s:7:\\\"backoff\\\";N;s:13:\\\"maxExceptions\\\";N;s:10:\\\"connection\\\";N;s:5:\\\"queue\\\";N;s:5:\\\"delay\\\";N;s:11:\\\"afterCommit\\\";N;s:10:\\\"middleware\\\";a:0:{}s:7:\\\"chained\\\";a:0:{}s:15:\\\"chainConnection\\\";N;s:10:\\\"chainQueue\\\";N;s:19:\\\"chainCatchCallbacks\\\";N;}\"}}', 0, NULL, 1764316756, 1764316756),
(104, 'default', '{\"uuid\":\"d2c89591-29d9-4f3d-9a1b-cf40c28b4462\",\"displayName\":\"App\\\\Events\\\\DepositCreated\",\"job\":\"Illuminate\\\\Queue\\\\CallQueuedHandler@call\",\"maxTries\":null,\"maxExceptions\":null,\"failOnTimeout\":false,\"backoff\":null,\"timeout\":null,\"retryUntil\":null,\"data\":{\"commandName\":\"Illuminate\\\\Broadcasting\\\\BroadcastEvent\",\"command\":\"O:38:\\\"Illuminate\\\\Broadcasting\\\\BroadcastEvent\\\":14:{s:5:\\\"event\\\";O:25:\\\"App\\\\Events\\\\DepositCreated\\\":1:{s:4:\\\"post\\\";a:6:{s:4:\\\"type\\\";s:7:\\\"Deposit\\\";s:14:\\\"transaction_id\\\";s:20:\\\"TR202511281501536969\\\";s:6:\\\"amount\\\";s:3:\\\"100\\\";s:8:\\\"Currency\\\";s:3:\\\"THB\\\";s:6:\\\"status\\\";s:7:\\\"pending\\\";s:3:\\\"msg\\\";s:32:\\\"New Deposit Transaction Created!\\\";}}s:5:\\\"tries\\\";N;s:7:\\\"timeout\\\";N;s:7:\\\"backoff\\\";N;s:13:\\\"maxExceptions\\\";N;s:10:\\\"connection\\\";N;s:5:\\\"queue\\\";N;s:5:\\\"delay\\\";N;s:11:\\\"afterCommit\\\";N;s:10:\\\"middleware\\\";a:0:{}s:7:\\\"chained\\\";a:0:{}s:15:\\\"chainConnection\\\";N;s:10:\\\"chainQueue\\\";N;s:19:\\\"chainCatchCallbacks\\\";N;}\"}}', 0, NULL, 1764316918, 1764316918),
(105, 'default', '{\"uuid\":\"b457f9fc-181d-49b7-b24d-ced513461bba\",\"displayName\":\"App\\\\Events\\\\DepositCreated\",\"job\":\"Illuminate\\\\Queue\\\\CallQueuedHandler@call\",\"maxTries\":null,\"maxExceptions\":null,\"failOnTimeout\":false,\"backoff\":null,\"timeout\":null,\"retryUntil\":null,\"data\":{\"commandName\":\"Illuminate\\\\Broadcasting\\\\BroadcastEvent\",\"command\":\"O:38:\\\"Illuminate\\\\Broadcasting\\\\BroadcastEvent\\\":14:{s:5:\\\"event\\\";O:25:\\\"App\\\\Events\\\\DepositCreated\\\":1:{s:4:\\\"post\\\";a:6:{s:4:\\\"type\\\";s:19:\\\"Transaction Updated\\\";s:14:\\\"transaction_id\\\";s:20:\\\"TR202511281501536969\\\";s:6:\\\"amount\\\";s:3:\\\"100\\\";s:8:\\\"Currency\\\";s:3:\\\"THB\\\";s:6:\\\"status\\\";s:7:\\\"pending\\\";s:3:\\\"msg\\\";s:27:\\\"Transaction Status Updated!\\\";}}s:5:\\\"tries\\\";N;s:7:\\\"timeout\\\";N;s:7:\\\"backoff\\\";N;s:13:\\\"maxExceptions\\\";N;s:10:\\\"connection\\\";N;s:5:\\\"queue\\\";N;s:5:\\\"delay\\\";N;s:11:\\\"afterCommit\\\";N;s:10:\\\"middleware\\\";a:0:{}s:7:\\\"chained\\\";a:0:{}s:15:\\\"chainConnection\\\";N;s:10:\\\"chainQueue\\\";N;s:19:\\\"chainCatchCallbacks\\\";N;}\"}}', 0, NULL, 1764316924, 1764316924);

-- --------------------------------------------------------

--
-- Table structure for table `job_batches`
--

CREATE TABLE `job_batches` (
  `id` varchar(255) NOT NULL,
  `name` varchar(255) NOT NULL,
  `total_jobs` int(11) NOT NULL,
  `pending_jobs` int(11) NOT NULL,
  `failed_jobs` int(11) NOT NULL,
  `failed_job_ids` longtext NOT NULL,
  `options` mediumtext DEFAULT NULL,
  `cancelled_at` int(11) DEFAULT NULL,
  `created_at` int(11) NOT NULL,
  `finished_at` int(11) DEFAULT NULL
) ENGINE=InnoDB DEFAULT CHARSET=utf8mb4 COLLATE=utf8mb4_unicode_ci;

-- --------------------------------------------------------

--
-- Table structure for table `merchants`
--

CREATE TABLE `merchants` (
  `id` bigint(20) UNSIGNED NOT NULL,
  `merchant_name` varchar(255) DEFAULT NULL,
  `merchant_code` varchar(255) DEFAULT NULL,
  `agent_id` bigint(20) UNSIGNED NOT NULL,
  `payment_urls` varchar(255) DEFAULT NULL,
  `status` tinyint(1) NOT NULL DEFAULT 1,
  `created_at` timestamp NULL DEFAULT NULL,
  `updated_at` timestamp NULL DEFAULT NULL
) ENGINE=InnoDB DEFAULT CHARSET=utf8mb4 COLLATE=utf8mb4_unicode_ci;

--
-- Dumping data for table `merchants`
--

INSERT INTO `merchants` (`id`, `merchant_name`, `merchant_code`, `agent_id`, `payment_urls`, `status`, `created_at`, `updated_at`) VALUES
(1, 'FC department', 'FCmerchant001', 1, NULL, 1, '2025-08-26 06:23:36', '2025-08-27 10:41:31'),
(2, 'testmerchant', 'testmerchant005', 9, NULL, 1, '2025-08-26 06:23:36', '2025-08-27 08:25:23'),
(3, 'dkmerchantdd', 'dk001', 9, NULL, 1, '2025-08-27 08:03:41', '2025-08-28 06:53:05'),
(4, 'gyhfty00888', 'FCagent001tryrty', 14, NULL, 1, '2025-09-10 03:22:36', '2025-09-10 03:22:36');

-- --------------------------------------------------------

--
-- Table structure for table `migrations`
--

CREATE TABLE `migrations` (
  `id` int(10) UNSIGNED NOT NULL,
  `migration` varchar(255) NOT NULL,
  `batch` int(11) NOT NULL
) ENGINE=InnoDB DEFAULT CHARSET=utf8mb4 COLLATE=utf8mb4_unicode_ci;

--
-- Dumping data for table `migrations`
--

INSERT INTO `migrations` (`id`, `migration`, `batch`) VALUES
(1, '0001_01_01_000000_create_users_table', 1),
(2, '0001_01_01_000001_create_cache_table', 1),
(3, '0001_01_01_000002_create_jobs_table', 1),
(4, '2025_06_30_105820_create_role_type_users_table', 2),
(5, '2025_07_02_082513_create_merchants_table', 3),
(6, '2025_07_02_082859_create_merchants_table', 4),
(7, '2025_07_02_082949_create_agents_table', 5),
(8, '2025_07_02_083730_create_deposit_transactions_table', 6),
(9, '2025_07_03_040431_create_withdraw_transactions_table', 7),
(10, '2025_07_03_081055_create_qrgeneraters_table', 8),
(11, '2025_07_29_092041_create_personal_access_tokens_table', 9),
(12, '2025_07_29_103553_create_personal_access_tokens_table', 10),
(13, '2025_08_16_104456_create_gateway_accounts_table', 11),
(14, '2025_08_16_110230_create_gateway_accounts_table', 12),
(15, '2025_08_16_110537_create_gateway_channels_table', 13),
(16, '2025_08_16_110957_create_channel_parameters__table', 14),
(17, '2025_08_16_112121_create_gateway_channel_parameters_table', 15),
(18, '2025_08_16_112846_create_gateway_accounts_table', 16),
(19, '2025_08_16_113107_create_gateway_channels_table', 17),
(20, '2025_08_16_114152_create_gateway_channel_parameters_table', 18),
(21, '2025_08_16_114804_create_gateway_configuration_merchants_table', 19),
(22, '2025_08_26_103157_create_agents_table', 20),
(23, '2025_08_26_103417_create_agents_table', 21),
(24, '2025_08_26_103940_create_merchants_table', 22),
(25, '2025_09_11_170714_create_transaction_notifications_table', 23);

-- --------------------------------------------------------

--
-- Table structure for table `password_reset_tokens`
--

CREATE TABLE `password_reset_tokens` (
  `email` varchar(255) NOT NULL,
  `token` varchar(255) NOT NULL,
  `created_at` timestamp NULL DEFAULT NULL
) ENGINE=InnoDB DEFAULT CHARSET=utf8mb4 COLLATE=utf8mb4_unicode_ci;

-- --------------------------------------------------------

--
-- Table structure for table `personal_access_tokens`
--

CREATE TABLE `personal_access_tokens` (
  `id` bigint(20) UNSIGNED NOT NULL,
  `tokenable_type` varchar(255) NOT NULL,
  `tokenable_id` bigint(20) UNSIGNED NOT NULL,
  `name` text NOT NULL,
  `token` varchar(64) NOT NULL,
  `abilities` text DEFAULT NULL,
  `last_used_at` timestamp NULL DEFAULT NULL,
  `expires_at` timestamp NULL DEFAULT NULL,
  `created_at` timestamp NULL DEFAULT NULL,
  `updated_at` timestamp NULL DEFAULT NULL
) ENGINE=InnoDB DEFAULT CHARSET=utf8mb4 COLLATE=utf8mb4_unicode_ci;

-- --------------------------------------------------------

--
-- Table structure for table `qrgeneraters`
--

CREATE TABLE `qrgeneraters` (
  `id` bigint(20) UNSIGNED NOT NULL,
  `customer_name` varchar(255) DEFAULT NULL,
  `amount` varchar(255) DEFAULT NULL,
  `invoice_number` varchar(255) DEFAULT NULL,
  `qr_img_url` varchar(255) DEFAULT NULL,
  `status` tinyint(1) NOT NULL DEFAULT 1,
  `created_at` timestamp NULL DEFAULT NULL,
  `updated_at` timestamp NULL DEFAULT NULL
) ENGINE=InnoDB DEFAULT CHARSET=utf8mb4 COLLATE=utf8mb4_unicode_ci;

--
-- Dumping data for table `qrgeneraters`
--

INSERT INTO `qrgeneraters` (`id`, `customer_name`, `amount`, `invoice_number`, `qr_img_url`, `status`, `created_at`, `updated_at`) VALUES
(1, 'fdghf', '444', 'cfgfc54', 'http://127.0.0.1:8000/fc/r2pdeposit/NDQ0/Y2ZnZmM1NA==/ZmRnaGY=', 1, '2025-07-03 02:47:25', '2025-07-03 02:47:25'),
(2, 'dfgf', '4543', 'fcgdr34', 'http://127.0.0.1:8000/fc/r2pdeposit/NDU0Mw==/ZmNnZHIzNA==/ZGZnZg==', 1, '2025-07-03 02:48:18', '2025-07-03 02:48:18'),
(3, 'dfgfdg', '54646', 'bfcg', 'http://127.0.0.1:8000/fc/r2pdeposit/NTQ2NDY=/YmZjZw==/ZGZnZmRn', 1, '2025-07-03 02:49:10', '2025-07-03 02:49:10'),
(4, 'dfgfdg', '54646', 'bfcg', 'http://127.0.0.1:8000/fc/r2pdeposit/NTQ2NDY=/YmZjZw==/ZGZnZmRn', 1, '2025-07-03 02:49:35', '2025-07-03 02:49:35'),
(5, 'dfgfdg', '54646', 'bfcg', 'http://127.0.0.1:8000/fc/r2pdeposit/NTQ2NDY=/YmZjZw==/ZGZnZmRn', 1, '2025-07-03 02:49:38', '2025-07-03 02:49:38'),
(6, 'dfgfdg', '54646', 'bfcg', 'http://127.0.0.1:8000/fc/r2pdeposit/NTQ2NDY=/YmZjZw==/ZGZnZmRn', 1, '2025-07-03 02:57:07', '2025-07-03 02:57:07'),
(7, 'dgopal', '34234', 'fhfh', 'http://127.0.0.1:8000/fc/r2pdeposit/MzQyMzQ=/ZmhmaA==/ZGdvcGFs', 1, '2025-07-03 02:57:33', '2025-07-03 02:57:33'),
(8, 'gdfgh', '43', '453453', 'http://127.0.0.1:8000/fc/r2pdeposit/NDM=/NDUzNDUz/Z2RmZ2g=', 1, '2025-07-03 02:59:47', '2025-07-03 02:59:47'),
(9, 'gffdgh', '43534', 'thfh', 'http://127.0.0.1:8000/fc/r2pdeposit/NDM1MzQ=/dGhmaA==/Z2ZmZGdo', 1, '2025-07-03 03:01:40', '2025-07-03 03:01:40'),
(10, 'fgdfd', '5454', 'fdgdfgb65', 'http://127.0.0.1:8000/fc/r2pdeposit/NTQ1NA==/ZmRnZGZnYjY1/ZmdkZmQ=', 1, '2025-07-03 04:47:59', '2025-07-03 04:47:59'),
(11, 'gggg', '333', 'gchfghf', 'http://127.0.0.1:8000/fc/r2pdeposit/MzMz/Z2NoZmdoZg==/Z2dnZw==', 1, '2025-07-03 21:14:36', '2025-07-03 21:14:36'),
(12, 'Gopal', '2000', 'cgdfg45fg', 'http://127.0.0.1:8000/fc/r2pdeposit/MjAwMA==/Y2dkZmc0NWZn/R29wYWw=', 1, '2025-07-04 00:11:08', '2025-07-04 00:11:08'),
(13, 'Khun  mon', '9999', 'jnhfgd7jd-jhfs', 'http://127.0.0.1:8000/fc/r2pdeposit/OTk5OQ==/am5oZmdkN2pkLWpoZnM=/S2h1biAgbW9u', 1, '2025-07-04 00:37:31', '2025-07-04 00:37:31'),
(14, 'PK travel', '2222', 'dshfjsgdh3424hj', 'http://127.0.0.1:8000/fc/r2pdeposit/MjIyMg==/ZHNoZmpzZ2RoMzQyNGhq/UEsgdHJhdmVs', 1, '2025-07-29 11:54:36', '2025-07-29 01:54:36'),
(15, 'fghfg', '546546', 'hgfghfgh', 'http://127.0.0.1:8000/fc/r2pdeposit/NTQ2NTQ2/aGdmZ2hmZ2g=/ZmdoZmc=', 1, '2025-08-15 04:11:52', '2025-08-15 04:11:52'),
(16, 'fffffffff', '5555', 'gfhfghfh', 'http://127.0.0.1:8000/fc/r2pdeposit/NTU1NQ==/Z2ZoZmdoZmg=/ZmZmZmZmZmZm', 1, '2025-08-15 04:13:16', '2025-08-15 04:13:16'),
(17, 'hgfhfh', '4564', 'gfhf465', 'http://127.0.0.1:8000/fc/r2pdeposit/NDU2NA==/Z2ZoZjQ2NQ==/aGdmaGZo', 1, '2025-08-19 10:36:55', '2025-08-19 10:36:55'),
(18, 'fghf', '666', 'ghdfh', 'http://127.0.0.1:9000/fc/r2pdeposit/NjY2/Z2hkZmg=/ZmdoZg==', 1, '2026-02-11 06:38:45', '2026-02-11 06:38:45'),
(19, 'dgfdgfdg', '43534', 'cggfdg43dgr', 'http://127.0.0.1:9000/fc/r2pdeposit/NDM1MzQ=/Y2dnZmRnNDNkZ3I=/ZGdmZGdmZGc=', 1, '2026-03-14 09:07:28', '2026-03-14 09:07:28');

-- --------------------------------------------------------

--
-- Table structure for table `role_type_users`
--

CREATE TABLE `role_type_users` (
  `id` bigint(20) UNSIGNED NOT NULL,
  `role_type` varchar(255) DEFAULT NULL,
  `created_at` timestamp NULL DEFAULT NULL,
  `updated_at` timestamp NULL DEFAULT NULL
) ENGINE=InnoDB DEFAULT CHARSET=utf8mb4 COLLATE=utf8mb4_unicode_ci;

--
-- Dumping data for table `role_type_users`
--

INSERT INTO `role_type_users` (`id`, `role_type`, `created_at`, `updated_at`) VALUES
(1, 'Super Admin', NULL, NULL),
(2, 'Admin', NULL, NULL),
(3, 'Agent', NULL, NULL),
(4, 'Merchant', NULL, NULL);

-- --------------------------------------------------------

--
-- Table structure for table `sessions`
--

CREATE TABLE `sessions` (
  `id` varchar(255) NOT NULL,
  `user_id` bigint(20) UNSIGNED DEFAULT NULL,
  `ip_address` varchar(45) DEFAULT NULL,
  `user_agent` text DEFAULT NULL,
  `payload` longtext NOT NULL,
  `last_activity` int(11) NOT NULL
) ENGINE=InnoDB DEFAULT CHARSET=utf8mb4 COLLATE=utf8mb4_unicode_ci;

--
-- Dumping data for table `sessions`
--

INSERT INTO `sessions` (`id`, `user_id`, `ip_address`, `user_agent`, `payload`, `last_activity`) VALUES
('9CjOKBuvwHraJp0ZwzEt3PNSjAIOJHCxtCX7OCWV', NULL, '127.0.0.1', 'Mozilla/5.0 (Windows NT 10.0; Win64; x64) AppleWebKit/537.36 (KHTML, like Gecko) Chrome/143.0.0.0 Safari/537.36', 'YTo0OntzOjY6Il90b2tlbiI7czo0MDoiOGhQdkU1OWxTQWNQbXh6aE53RW9hZ0JiYzlCZkdWV1hDWE1ITTZPeSI7czo5OiJfcHJldmlvdXMiO2E6MTp7czozOiJ1cmwiO3M6MzE6Imh0dHA6Ly8xMjcuMC4wLjE6ODAwMC9kYXNoYm9hcmQiO31zOjY6Il9mbGFzaCI7YToyOntzOjM6Im9sZCI7YTowOnt9czozOiJuZXciO2E6MDp7fX1zOjQ6ImF1dGgiO086MTU6IkFwcFxNb2RlbHNcVXNlciI6MzI6e3M6MTM6IgAqAGNvbm5lY3Rpb24iO3M6NToibXlzcWwiO3M6ODoiACoAdGFibGUiO3M6NToidXNlcnMiO3M6MTM6IgAqAHByaW1hcnlLZXkiO3M6MjoiaWQiO3M6MTA6IgAqAGtleVR5cGUiO3M6MzoiaW50IjtzOjEyOiJpbmNyZW1lbnRpbmciO2I6MTtzOjc6IgAqAHdpdGgiO2E6MDp7fXM6MTI6IgAqAHdpdGhDb3VudCI7YTowOnt9czoxOToicHJldmVudHNMYXp5TG9hZGluZyI7YjowO3M6MTA6IgAqAHBlclBhZ2UiO2k6MTU7czo2OiJleGlzdHMiO2I6MTtzOjE4OiJ3YXNSZWNlbnRseUNyZWF0ZWQiO2I6MDtzOjI4OiIAKgBlc2NhcGVXaGVuQ2FzdGluZ1RvU3RyaW5nIjtiOjA7czoxMzoiACoAYXR0cmlidXRlcyI7YToxNzp7czoyOiJpZCI7aToxO3M6NDoibmFtZSI7czo1OiJhZG1pbiI7czo5OiJ1c2VyX25hbWUiO3M6MTM6ImFkbWluR3RlY2g4NTUiO3M6MTM6Im1vYmlsZV9udW1iZXIiO3M6MTA6Ijk4NzY1NDMyMTEiO3M6NToiZW1haWwiO3M6MjM6ImFkbWluR3RlY2g4NTVAZ21haWwuY29tIjtzOjY6ImF2YXRhciI7TjtzOjExOiJtZXJjaGFudF9pZCI7TjtzOjg6ImFnZW50X2lkIjtOO3M6Njoic3RhdHVzIjtpOjE7czo3OiJyb2xlX2lkIjtpOjE7czo5OiJyb2xlX25hbWUiO3M6NToiQWRtaW4iO3M6MzoidXJsIjtOO3M6MTc6ImVtYWlsX3ZlcmlmaWVkX2F0IjtOO3M6MTQ6InJlbWVtYmVyX3Rva2VuIjtOO3M6MTA6ImRlbGV0ZWRfYXQiO047czoxMDoiY3JlYXRlZF9hdCI7czoxOToiMjAyNS0wNy0wMSAxMzo0NzoxOSI7czoxMDoidXBkYXRlZF9hdCI7czoxOToiMjAyNS0wOS0xMCAxNToxODo0MiI7fXM6MTE6IgAqAG9yaWdpbmFsIjthOjE4OntzOjI6ImlkIjtpOjE7czo0OiJuYW1lIjtzOjU6ImFkbWluIjtzOjk6InVzZXJfbmFtZSI7czoxMzoiYWRtaW5HdGVjaDg1NSI7czoxMzoibW9iaWxlX251bWJlciI7czoxMDoiOTg3NjU0MzIxMSI7czo1OiJlbWFpbCI7czoyMzoiYWRtaW5HdGVjaDg1NUBnbWFpbC5jb20iO3M6NjoiYXZhdGFyIjtOO3M6MTE6Im1lcmNoYW50X2lkIjtOO3M6ODoiYWdlbnRfaWQiO047czo2OiJzdGF0dXMiO2k6MTtzOjc6InJvbGVfaWQiO2k6MTtzOjk6InJvbGVfbmFtZSI7czo1OiJBZG1pbiI7czozOiJ1cmwiO047czoxNzoiZW1haWxfdmVyaWZpZWRfYXQiO047czo4OiJwYXNzd29yZCI7czoxMjoiY0dGemMzZHZjbVE9IjtzOjE0OiJyZW1lbWJlcl90b2tlbiI7TjtzOjEwOiJkZWxldGVkX2F0IjtOO3M6MTA6ImNyZWF0ZWRfYXQiO3M6MTk6IjIwMjUtMDctMDEgMTM6NDc6MTkiO3M6MTA6InVwZGF0ZWRfYXQiO3M6MTk6IjIwMjUtMDktMTAgMTU6MTg6NDIiO31zOjEwOiIAKgBjaGFuZ2VzIjthOjA6e31zOjg6IgAqAGNhc3RzIjthOjI6e3M6MTc6ImVtYWlsX3ZlcmlmaWVkX2F0IjtzOjg6ImRhdGV0aW1lIjtzOjg6InBhc3N3b3JkIjtzOjY6Imhhc2hlZCI7fXM6MTc6IgAqAGNsYXNzQ2FzdENhY2hlIjthOjA6e31zOjIxOiIAKgBhdHRyaWJ1dGVDYXN0Q2FjaGUiO2E6MDp7fXM6MTM6IgAqAGRhdGVGb3JtYXQiO047czoxMDoiACoAYXBwZW5kcyI7YTowOnt9czoxOToiACoAZGlzcGF0Y2hlc0V2ZW50cyI7YTowOnt9czoxNDoiACoAb2JzZXJ2YWJsZXMiO2E6MDp7fXM6MTI6IgAqAHJlbGF0aW9ucyI7YTowOnt9czoxMDoiACoAdG91Y2hlcyI7YTowOnt9czoxMDoidGltZXN0YW1wcyI7YjoxO3M6MTM6InVzZXNVbmlxdWVJZHMiO2I6MDtzOjk6IgAqAGhpZGRlbiI7YToxOntpOjA7czoxNDoicmVtZW1iZXJfdG9rZW4iO31zOjEwOiIAKgB2aXNpYmxlIjthOjA6e31zOjExOiIAKgBmaWxsYWJsZSI7YToxMjp7aTowO3M6NDoibmFtZSI7aToxO3M6OToidXNlcl9uYW1lIjtpOjI7czo1OiJlbWFpbCI7aTozO3M6MTM6Im1vYmlsZV9udW1iZXIiO2k6NDtzOjY6ImF2YXRhciI7aTo1O3M6MTE6Im1lcmNoYW50X2lkIjtpOjY7czo4OiJhZ2VudF9pZCI7aTo3O3M6ODoicGFzc3dvcmQiO2k6ODtzOjY6InN0YXR1cyI7aTo5O3M6Nzoicm9sZV9pZCI7aToxMDtzOjk6InJvbGVfbmFtZSI7aToxMTtzOjM6InVybCI7fXM6MTA6IgAqAGd1YXJkZWQiO2E6MTp7aTowO3M6MToiKiI7fXM6MTk6IgAqAGF1dGhQYXNzd29yZE5hbWUiO3M6ODoicGFzc3dvcmQiO3M6MjA6IgAqAHJlbWVtYmVyVG9rZW5OYW1lIjtzOjE0OiJyZW1lbWJlcl90b2tlbiI7fX0=', 1767692818),
('DORBWAhtn6qPiMwgPx3uBtQHoy565vozx5gnzfuI', NULL, '127.0.0.1', 'Mozilla/5.0 (Windows NT 10.0; Win64; x64) AppleWebKit/537.36 (KHTML, like Gecko) Chrome/143.0.0.0 Safari/537.36', 'YTo0OntzOjY6Il90b2tlbiI7czo0MDoidGVOVVF6Zm5mNzJFQXgydkgxNmdQMnVEUEdPeXVEeTA4SzhGVHJLaCI7czo5OiJfcHJldmlvdXMiO2E6MTp7czozOiJ1cmwiO3M6NDI6Imh0dHA6Ly8xMjcuMC4wLjE6ODAwMC9nYXRld2F5LWFjY291bnQtbGlzdCI7fXM6NjoiX2ZsYXNoIjthOjI6e3M6Mzoib2xkIjthOjA6e31zOjM6Im5ldyI7YTowOnt9fXM6NDoiYXV0aCI7TzoxNToiQXBwXE1vZGVsc1xVc2VyIjozMjp7czoxMzoiACoAY29ubmVjdGlvbiI7czo1OiJteXNxbCI7czo4OiIAKgB0YWJsZSI7czo1OiJ1c2VycyI7czoxMzoiACoAcHJpbWFyeUtleSI7czoyOiJpZCI7czoxMDoiACoAa2V5VHlwZSI7czozOiJpbnQiO3M6MTI6ImluY3JlbWVudGluZyI7YjoxO3M6NzoiACoAd2l0aCI7YTowOnt9czoxMjoiACoAd2l0aENvdW50IjthOjA6e31zOjE5OiJwcmV2ZW50c0xhenlMb2FkaW5nIjtiOjA7czoxMDoiACoAcGVyUGFnZSI7aToxNTtzOjY6ImV4aXN0cyI7YjoxO3M6MTg6Indhc1JlY2VudGx5Q3JlYXRlZCI7YjowO3M6Mjg6IgAqAGVzY2FwZVdoZW5DYXN0aW5nVG9TdHJpbmciO2I6MDtzOjEzOiIAKgBhdHRyaWJ1dGVzIjthOjE3OntzOjI6ImlkIjtpOjE7czo0OiJuYW1lIjtzOjU6ImFkbWluIjtzOjk6InVzZXJfbmFtZSI7czoxMzoiYWRtaW5HdGVjaDg1NSI7czoxMzoibW9iaWxlX251bWJlciI7czoxMDoiOTg3NjU0MzIxMSI7czo1OiJlbWFpbCI7czoyMzoiYWRtaW5HdGVjaDg1NUBnbWFpbC5jb20iO3M6NjoiYXZhdGFyIjtOO3M6MTE6Im1lcmNoYW50X2lkIjtOO3M6ODoiYWdlbnRfaWQiO047czo2OiJzdGF0dXMiO2k6MTtzOjc6InJvbGVfaWQiO2k6MTtzOjk6InJvbGVfbmFtZSI7czo1OiJBZG1pbiI7czozOiJ1cmwiO047czoxNzoiZW1haWxfdmVyaWZpZWRfYXQiO047czoxNDoicmVtZW1iZXJfdG9rZW4iO047czoxMDoiZGVsZXRlZF9hdCI7TjtzOjEwOiJjcmVhdGVkX2F0IjtzOjE5OiIyMDI1LTA3LTAxIDEzOjQ3OjE5IjtzOjEwOiJ1cGRhdGVkX2F0IjtzOjE5OiIyMDI1LTA5LTEwIDE1OjE4OjQyIjt9czoxMToiACoAb3JpZ2luYWwiO2E6MTg6e3M6MjoiaWQiO2k6MTtzOjQ6Im5hbWUiO3M6NToiYWRtaW4iO3M6OToidXNlcl9uYW1lIjtzOjEzOiJhZG1pbkd0ZWNoODU1IjtzOjEzOiJtb2JpbGVfbnVtYmVyIjtzOjEwOiI5ODc2NTQzMjExIjtzOjU6ImVtYWlsIjtzOjIzOiJhZG1pbkd0ZWNoODU1QGdtYWlsLmNvbSI7czo2OiJhdmF0YXIiO047czoxMToibWVyY2hhbnRfaWQiO047czo4OiJhZ2VudF9pZCI7TjtzOjY6InN0YXR1cyI7aToxO3M6Nzoicm9sZV9pZCI7aToxO3M6OToicm9sZV9uYW1lIjtzOjU6IkFkbWluIjtzOjM6InVybCI7TjtzOjE3OiJlbWFpbF92ZXJpZmllZF9hdCI7TjtzOjg6InBhc3N3b3JkIjtzOjEyOiJjR0Z6YzNkdmNtUT0iO3M6MTQ6InJlbWVtYmVyX3Rva2VuIjtOO3M6MTA6ImRlbGV0ZWRfYXQiO047czoxMDoiY3JlYXRlZF9hdCI7czoxOToiMjAyNS0wNy0wMSAxMzo0NzoxOSI7czoxMDoidXBkYXRlZF9hdCI7czoxOToiMjAyNS0wOS0xMCAxNToxODo0MiI7fXM6MTA6IgAqAGNoYW5nZXMiO2E6MDp7fXM6ODoiACoAY2FzdHMiO2E6Mjp7czoxNzoiZW1haWxfdmVyaWZpZWRfYXQiO3M6ODoiZGF0ZXRpbWUiO3M6ODoicGFzc3dvcmQiO3M6NjoiaGFzaGVkIjt9czoxNzoiACoAY2xhc3NDYXN0Q2FjaGUiO2E6MDp7fXM6MjE6IgAqAGF0dHJpYnV0ZUNhc3RDYWNoZSI7YTowOnt9czoxMzoiACoAZGF0ZUZvcm1hdCI7TjtzOjEwOiIAKgBhcHBlbmRzIjthOjA6e31zOjE5OiIAKgBkaXNwYXRjaGVzRXZlbnRzIjthOjA6e31zOjE0OiIAKgBvYnNlcnZhYmxlcyI7YTowOnt9czoxMjoiACoAcmVsYXRpb25zIjthOjA6e31zOjEwOiIAKgB0b3VjaGVzIjthOjA6e31zOjEwOiJ0aW1lc3RhbXBzIjtiOjE7czoxMzoidXNlc1VuaXF1ZUlkcyI7YjowO3M6OToiACoAaGlkZGVuIjthOjE6e2k6MDtzOjE0OiJyZW1lbWJlcl90b2tlbiI7fXM6MTA6IgAqAHZpc2libGUiO2E6MDp7fXM6MTE6IgAqAGZpbGxhYmxlIjthOjEyOntpOjA7czo0OiJuYW1lIjtpOjE7czo5OiJ1c2VyX25hbWUiO2k6MjtzOjU6ImVtYWlsIjtpOjM7czoxMzoibW9iaWxlX251bWJlciI7aTo0O3M6NjoiYXZhdGFyIjtpOjU7czoxMToibWVyY2hhbnRfaWQiO2k6NjtzOjg6ImFnZW50X2lkIjtpOjc7czo4OiJwYXNzd29yZCI7aTo4O3M6Njoic3RhdHVzIjtpOjk7czo3OiJyb2xlX2lkIjtpOjEwO3M6OToicm9sZV9uYW1lIjtpOjExO3M6MzoidXJsIjt9czoxMDoiACoAZ3VhcmRlZCI7YToxOntpOjA7czoxOiIqIjt9czoxOToiACoAYXV0aFBhc3N3b3JkTmFtZSI7czo4OiJwYXNzd29yZCI7czoyMDoiACoAcmVtZW1iZXJUb2tlbk5hbWUiO3M6MTQ6InJlbWVtYmVyX3Rva2VuIjt9fQ==', 1767845783),
('g4nM2rrW6gVrqbhm05UOXPo2NJK1Tiym3KYpi4vz', NULL, '127.0.0.1', 'Mozilla/5.0 (Windows NT 10.0; Win64; x64) AppleWebKit/537.36 (KHTML, like Gecko) Chrome/144.0.0.0 Safari/537.36', 'YTo0OntzOjY6Il90b2tlbiI7czo0MDoiTlY0TlB1bzJPUUVRM2hxY1BIa1NQRlFhYTZmeGpQUTFkMHp4RTRPViI7czo5OiJfcHJldmlvdXMiO2E6MTp7czozOiJ1cmwiO3M6NTg6Imh0dHA6Ly8xMjcuMC4wLjE6OTAwMC9mYy9yMnBkZXBvc2l0L05qWTIvWjJoa1ptZz0vWm1kb1pnPT0iO31zOjY6Il9mbGFzaCI7YToyOntzOjM6Im9sZCI7YTowOnt9czozOiJuZXciO2E6MDp7fX1zOjQ6ImF1dGgiO086MTU6IkFwcFxNb2RlbHNcVXNlciI6MzI6e3M6MTM6IgAqAGNvbm5lY3Rpb24iO3M6NToibXlzcWwiO3M6ODoiACoAdGFibGUiO3M6NToidXNlcnMiO3M6MTM6IgAqAHByaW1hcnlLZXkiO3M6MjoiaWQiO3M6MTA6IgAqAGtleVR5cGUiO3M6MzoiaW50IjtzOjEyOiJpbmNyZW1lbnRpbmciO2I6MTtzOjc6IgAqAHdpdGgiO2E6MDp7fXM6MTI6IgAqAHdpdGhDb3VudCI7YTowOnt9czoxOToicHJldmVudHNMYXp5TG9hZGluZyI7YjowO3M6MTA6IgAqAHBlclBhZ2UiO2k6MTU7czo2OiJleGlzdHMiO2I6MTtzOjE4OiJ3YXNSZWNlbnRseUNyZWF0ZWQiO2I6MDtzOjI4OiIAKgBlc2NhcGVXaGVuQ2FzdGluZ1RvU3RyaW5nIjtiOjA7czoxMzoiACoAYXR0cmlidXRlcyI7YToxNzp7czoyOiJpZCI7aToxO3M6NDoibmFtZSI7czo1OiJhZG1pbiI7czo5OiJ1c2VyX25hbWUiO3M6MTM6ImFkbWluR3RlY2g4NTUiO3M6MTM6Im1vYmlsZV9udW1iZXIiO3M6MTA6Ijk4NzY1NDMyMTEiO3M6NToiZW1haWwiO3M6MjM6ImFkbWluR3RlY2g4NTVAZ21haWwuY29tIjtzOjY6ImF2YXRhciI7TjtzOjExOiJtZXJjaGFudF9pZCI7TjtzOjg6ImFnZW50X2lkIjtOO3M6Njoic3RhdHVzIjtpOjE7czo3OiJyb2xlX2lkIjtpOjE7czo5OiJyb2xlX25hbWUiO3M6NToiQWRtaW4iO3M6MzoidXJsIjtOO3M6MTc6ImVtYWlsX3ZlcmlmaWVkX2F0IjtOO3M6MTQ6InJlbWVtYmVyX3Rva2VuIjtOO3M6MTA6ImRlbGV0ZWRfYXQiO047czoxMDoiY3JlYXRlZF9hdCI7czoxOToiMjAyNS0wNy0wMSAxMzo0NzoxOSI7czoxMDoidXBkYXRlZF9hdCI7czoxOToiMjAyNS0wOS0xMCAxNToxODo0MiI7fXM6MTE6IgAqAG9yaWdpbmFsIjthOjE4OntzOjI6ImlkIjtpOjE7czo0OiJuYW1lIjtzOjU6ImFkbWluIjtzOjk6InVzZXJfbmFtZSI7czoxMzoiYWRtaW5HdGVjaDg1NSI7czoxMzoibW9iaWxlX251bWJlciI7czoxMDoiOTg3NjU0MzIxMSI7czo1OiJlbWFpbCI7czoyMzoiYWRtaW5HdGVjaDg1NUBnbWFpbC5jb20iO3M6NjoiYXZhdGFyIjtOO3M6MTE6Im1lcmNoYW50X2lkIjtOO3M6ODoiYWdlbnRfaWQiO047czo2OiJzdGF0dXMiO2k6MTtzOjc6InJvbGVfaWQiO2k6MTtzOjk6InJvbGVfbmFtZSI7czo1OiJBZG1pbiI7czozOiJ1cmwiO047czoxNzoiZW1haWxfdmVyaWZpZWRfYXQiO047czo4OiJwYXNzd29yZCI7czoxMjoiY0dGemMzZHZjbVE9IjtzOjE0OiJyZW1lbWJlcl90b2tlbiI7TjtzOjEwOiJkZWxldGVkX2F0IjtOO3M6MTA6ImNyZWF0ZWRfYXQiO3M6MTk6IjIwMjUtMDctMDEgMTM6NDc6MTkiO3M6MTA6InVwZGF0ZWRfYXQiO3M6MTk6IjIwMjUtMDktMTAgMTU6MTg6NDIiO31zOjEwOiIAKgBjaGFuZ2VzIjthOjA6e31zOjg6IgAqAGNhc3RzIjthOjI6e3M6MTc6ImVtYWlsX3ZlcmlmaWVkX2F0IjtzOjg6ImRhdGV0aW1lIjtzOjg6InBhc3N3b3JkIjtzOjY6Imhhc2hlZCI7fXM6MTc6IgAqAGNsYXNzQ2FzdENhY2hlIjthOjA6e31zOjIxOiIAKgBhdHRyaWJ1dGVDYXN0Q2FjaGUiO2E6MDp7fXM6MTM6IgAqAGRhdGVGb3JtYXQiO047czoxMDoiACoAYXBwZW5kcyI7YTowOnt9czoxOToiACoAZGlzcGF0Y2hlc0V2ZW50cyI7YTowOnt9czoxNDoiACoAb2JzZXJ2YWJsZXMiO2E6MDp7fXM6MTI6IgAqAHJlbGF0aW9ucyI7YTowOnt9czoxMDoiACoAdG91Y2hlcyI7YTowOnt9czoxMDoidGltZXN0YW1wcyI7YjoxO3M6MTM6InVzZXNVbmlxdWVJZHMiO2I6MDtzOjk6IgAqAGhpZGRlbiI7YToxOntpOjA7czoxNDoicmVtZW1iZXJfdG9rZW4iO31zOjEwOiIAKgB2aXNpYmxlIjthOjA6e31zOjExOiIAKgBmaWxsYWJsZSI7YToxMjp7aTowO3M6NDoibmFtZSI7aToxO3M6OToidXNlcl9uYW1lIjtpOjI7czo1OiJlbWFpbCI7aTozO3M6MTM6Im1vYmlsZV9udW1iZXIiO2k6NDtzOjY6ImF2YXRhciI7aTo1O3M6MTE6Im1lcmNoYW50X2lkIjtpOjY7czo4OiJhZ2VudF9pZCI7aTo3O3M6ODoicGFzc3dvcmQiO2k6ODtzOjY6InN0YXR1cyI7aTo5O3M6Nzoicm9sZV9pZCI7aToxMDtzOjk6InJvbGVfbmFtZSI7aToxMTtzOjM6InVybCI7fXM6MTA6IgAqAGd1YXJkZWQiO2E6MTp7aTowO3M6MToiKiI7fXM6MTk6IgAqAGF1dGhQYXNzd29yZE5hbWUiO3M6ODoicGFzc3dvcmQiO3M6MjA6IgAqAHJlbWVtYmVyVG9rZW5OYW1lIjtzOjE0OiJyZW1lbWJlcl90b2tlbiI7fX0=', 1770791929),
('lj2Ji57s4awm4Dx9SmSrnaWfRj6HbqCguvjwCEEM', NULL, '127.0.0.1', 'Mozilla/5.0 (Windows NT 10.0; Win64; x64) AppleWebKit/537.36 (KHTML, like Gecko) Chrome/143.0.0.0 Safari/537.36', 'YTo0OntzOjY6Il90b2tlbiI7czo0MDoiRklXTW5ZTWZPcDFPcFZpNnZETlpCbXgwMWhjQlBnazB1R3RUbnBnRSI7czo5OiJfcHJldmlvdXMiO2E6MTp7czozOiJ1cmwiO3M6MzE6Imh0dHA6Ly8xMjcuMC4wLjE6ODAwMC9kYXNoYm9hcmQiO31zOjY6Il9mbGFzaCI7YToyOntzOjM6Im9sZCI7YTowOnt9czozOiJuZXciO2E6MDp7fX1zOjQ6ImF1dGgiO086MTU6IkFwcFxNb2RlbHNcVXNlciI6MzI6e3M6MTM6IgAqAGNvbm5lY3Rpb24iO3M6NToibXlzcWwiO3M6ODoiACoAdGFibGUiO3M6NToidXNlcnMiO3M6MTM6IgAqAHByaW1hcnlLZXkiO3M6MjoiaWQiO3M6MTA6IgAqAGtleVR5cGUiO3M6MzoiaW50IjtzOjEyOiJpbmNyZW1lbnRpbmciO2I6MTtzOjc6IgAqAHdpdGgiO2E6MDp7fXM6MTI6IgAqAHdpdGhDb3VudCI7YTowOnt9czoxOToicHJldmVudHNMYXp5TG9hZGluZyI7YjowO3M6MTA6IgAqAHBlclBhZ2UiO2k6MTU7czo2OiJleGlzdHMiO2I6MTtzOjE4OiJ3YXNSZWNlbnRseUNyZWF0ZWQiO2I6MDtzOjI4OiIAKgBlc2NhcGVXaGVuQ2FzdGluZ1RvU3RyaW5nIjtiOjA7czoxMzoiACoAYXR0cmlidXRlcyI7YToxNzp7czoyOiJpZCI7aToxO3M6NDoibmFtZSI7czo1OiJhZG1pbiI7czo5OiJ1c2VyX25hbWUiO3M6MTM6ImFkbWluR3RlY2g4NTUiO3M6MTM6Im1vYmlsZV9udW1iZXIiO3M6MTA6Ijk4NzY1NDMyMTEiO3M6NToiZW1haWwiO3M6MjM6ImFkbWluR3RlY2g4NTVAZ21haWwuY29tIjtzOjY6ImF2YXRhciI7TjtzOjExOiJtZXJjaGFudF9pZCI7TjtzOjg6ImFnZW50X2lkIjtOO3M6Njoic3RhdHVzIjtpOjE7czo3OiJyb2xlX2lkIjtpOjE7czo5OiJyb2xlX25hbWUiO3M6NToiQWRtaW4iO3M6MzoidXJsIjtOO3M6MTc6ImVtYWlsX3ZlcmlmaWVkX2F0IjtOO3M6MTQ6InJlbWVtYmVyX3Rva2VuIjtOO3M6MTA6ImRlbGV0ZWRfYXQiO047czoxMDoiY3JlYXRlZF9hdCI7czoxOToiMjAyNS0wNy0wMSAxMzo0NzoxOSI7czoxMDoidXBkYXRlZF9hdCI7czoxOToiMjAyNS0wOS0xMCAxNToxODo0MiI7fXM6MTE6IgAqAG9yaWdpbmFsIjthOjE4OntzOjI6ImlkIjtpOjE7czo0OiJuYW1lIjtzOjU6ImFkbWluIjtzOjk6InVzZXJfbmFtZSI7czoxMzoiYWRtaW5HdGVjaDg1NSI7czoxMzoibW9iaWxlX251bWJlciI7czoxMDoiOTg3NjU0MzIxMSI7czo1OiJlbWFpbCI7czoyMzoiYWRtaW5HdGVjaDg1NUBnbWFpbC5jb20iO3M6NjoiYXZhdGFyIjtOO3M6MTE6Im1lcmNoYW50X2lkIjtOO3M6ODoiYWdlbnRfaWQiO047czo2OiJzdGF0dXMiO2k6MTtzOjc6InJvbGVfaWQiO2k6MTtzOjk6InJvbGVfbmFtZSI7czo1OiJBZG1pbiI7czozOiJ1cmwiO047czoxNzoiZW1haWxfdmVyaWZpZWRfYXQiO047czo4OiJwYXNzd29yZCI7czoxMjoiY0dGemMzZHZjbVE9IjtzOjE0OiJyZW1lbWJlcl90b2tlbiI7TjtzOjEwOiJkZWxldGVkX2F0IjtOO3M6MTA6ImNyZWF0ZWRfYXQiO3M6MTk6IjIwMjUtMDctMDEgMTM6NDc6MTkiO3M6MTA6InVwZGF0ZWRfYXQiO3M6MTk6IjIwMjUtMDktMTAgMTU6MTg6NDIiO31zOjEwOiIAKgBjaGFuZ2VzIjthOjA6e31zOjg6IgAqAGNhc3RzIjthOjI6e3M6MTc6ImVtYWlsX3ZlcmlmaWVkX2F0IjtzOjg6ImRhdGV0aW1lIjtzOjg6InBhc3N3b3JkIjtzOjY6Imhhc2hlZCI7fXM6MTc6IgAqAGNsYXNzQ2FzdENhY2hlIjthOjA6e31zOjIxOiIAKgBhdHRyaWJ1dGVDYXN0Q2FjaGUiO2E6MDp7fXM6MTM6IgAqAGRhdGVGb3JtYXQiO047czoxMDoiACoAYXBwZW5kcyI7YTowOnt9czoxOToiACoAZGlzcGF0Y2hlc0V2ZW50cyI7YTowOnt9czoxNDoiACoAb2JzZXJ2YWJsZXMiO2E6MDp7fXM6MTI6IgAqAHJlbGF0aW9ucyI7YTowOnt9czoxMDoiACoAdG91Y2hlcyI7YTowOnt9czoxMDoidGltZXN0YW1wcyI7YjoxO3M6MTM6InVzZXNVbmlxdWVJZHMiO2I6MDtzOjk6IgAqAGhpZGRlbiI7YToxOntpOjA7czoxNDoicmVtZW1iZXJfdG9rZW4iO31zOjEwOiIAKgB2aXNpYmxlIjthOjA6e31zOjExOiIAKgBmaWxsYWJsZSI7YToxMjp7aTowO3M6NDoibmFtZSI7aToxO3M6OToidXNlcl9uYW1lIjtpOjI7czo1OiJlbWFpbCI7aTozO3M6MTM6Im1vYmlsZV9udW1iZXIiO2k6NDtzOjY6ImF2YXRhciI7aTo1O3M6MTE6Im1lcmNoYW50X2lkIjtpOjY7czo4OiJhZ2VudF9pZCI7aTo3O3M6ODoicGFzc3dvcmQiO2k6ODtzOjY6InN0YXR1cyI7aTo5O3M6Nzoicm9sZV9pZCI7aToxMDtzOjk6InJvbGVfbmFtZSI7aToxMTtzOjM6InVybCI7fXM6MTA6IgAqAGd1YXJkZWQiO2E6MTp7aTowO3M6MToiKiI7fXM6MTk6IgAqAGF1dGhQYXNzd29yZE5hbWUiO3M6ODoicGFzc3dvcmQiO3M6MjA6IgAqAHJlbWVtYmVyVG9rZW5OYW1lIjtzOjE0OiJyZW1lbWJlcl90b2tlbiI7fX0=', 1767347359),
('Rkqfk652RBbZUke5RnqJ90fulWaXf4RWXL7pcNAA', NULL, '127.0.0.1', 'Mozilla/5.0 (Windows NT 10.0; Win64; x64) AppleWebKit/537.36 (KHTML, like Gecko) Chrome/142.0.0.0 Safari/537.36', 'YTo0OntzOjY6Il90b2tlbiI7czo0MDoiaTdWVEx6TmdUSGxJSVI0YnE0MDc3S0k3dXJmY3pJU3RQNzBrYmhFRiI7czo5OiJfcHJldmlvdXMiO2E6MTp7czozOiJ1cmwiO3M6MzE6Imh0dHA6Ly8xMjcuMC4wLjE6ODAwMC9kYXNoYm9hcmQiO31zOjY6Il9mbGFzaCI7YToyOntzOjM6Im9sZCI7YTowOnt9czozOiJuZXciO2E6MDp7fX1zOjQ6ImF1dGgiO086MTU6IkFwcFxNb2RlbHNcVXNlciI6MzI6e3M6MTM6IgAqAGNvbm5lY3Rpb24iO3M6NToibXlzcWwiO3M6ODoiACoAdGFibGUiO3M6NToidXNlcnMiO3M6MTM6IgAqAHByaW1hcnlLZXkiO3M6MjoiaWQiO3M6MTA6IgAqAGtleVR5cGUiO3M6MzoiaW50IjtzOjEyOiJpbmNyZW1lbnRpbmciO2I6MTtzOjc6IgAqAHdpdGgiO2E6MDp7fXM6MTI6IgAqAHdpdGhDb3VudCI7YTowOnt9czoxOToicHJldmVudHNMYXp5TG9hZGluZyI7YjowO3M6MTA6IgAqAHBlclBhZ2UiO2k6MTU7czo2OiJleGlzdHMiO2I6MTtzOjE4OiJ3YXNSZWNlbnRseUNyZWF0ZWQiO2I6MDtzOjI4OiIAKgBlc2NhcGVXaGVuQ2FzdGluZ1RvU3RyaW5nIjtiOjA7czoxMzoiACoAYXR0cmlidXRlcyI7YToxNzp7czoyOiJpZCI7aToxO3M6NDoibmFtZSI7czo1OiJhZG1pbiI7czo5OiJ1c2VyX25hbWUiO3M6MTM6ImFkbWluR3RlY2g4NTUiO3M6MTM6Im1vYmlsZV9udW1iZXIiO3M6MTA6Ijk4NzY1NDMyMTEiO3M6NToiZW1haWwiO3M6MjM6ImFkbWluR3RlY2g4NTVAZ21haWwuY29tIjtzOjY6ImF2YXRhciI7TjtzOjExOiJtZXJjaGFudF9pZCI7TjtzOjg6ImFnZW50X2lkIjtOO3M6Njoic3RhdHVzIjtpOjE7czo3OiJyb2xlX2lkIjtpOjE7czo5OiJyb2xlX25hbWUiO3M6NToiQWRtaW4iO3M6MzoidXJsIjtOO3M6MTc6ImVtYWlsX3ZlcmlmaWVkX2F0IjtOO3M6MTQ6InJlbWVtYmVyX3Rva2VuIjtOO3M6MTA6ImRlbGV0ZWRfYXQiO047czoxMDoiY3JlYXRlZF9hdCI7czoxOToiMjAyNS0wNy0wMSAxMzo0NzoxOSI7czoxMDoidXBkYXRlZF9hdCI7czoxOToiMjAyNS0wOS0xMCAxNToxODo0MiI7fXM6MTE6IgAqAG9yaWdpbmFsIjthOjE4OntzOjI6ImlkIjtpOjE7czo0OiJuYW1lIjtzOjU6ImFkbWluIjtzOjk6InVzZXJfbmFtZSI7czoxMzoiYWRtaW5HdGVjaDg1NSI7czoxMzoibW9iaWxlX251bWJlciI7czoxMDoiOTg3NjU0MzIxMSI7czo1OiJlbWFpbCI7czoyMzoiYWRtaW5HdGVjaDg1NUBnbWFpbC5jb20iO3M6NjoiYXZhdGFyIjtOO3M6MTE6Im1lcmNoYW50X2lkIjtOO3M6ODoiYWdlbnRfaWQiO047czo2OiJzdGF0dXMiO2k6MTtzOjc6InJvbGVfaWQiO2k6MTtzOjk6InJvbGVfbmFtZSI7czo1OiJBZG1pbiI7czozOiJ1cmwiO047czoxNzoiZW1haWxfdmVyaWZpZWRfYXQiO047czo4OiJwYXNzd29yZCI7czoxMjoiY0dGemMzZHZjbVE9IjtzOjE0OiJyZW1lbWJlcl90b2tlbiI7TjtzOjEwOiJkZWxldGVkX2F0IjtOO3M6MTA6ImNyZWF0ZWRfYXQiO3M6MTk6IjIwMjUtMDctMDEgMTM6NDc6MTkiO3M6MTA6InVwZGF0ZWRfYXQiO3M6MTk6IjIwMjUtMDktMTAgMTU6MTg6NDIiO31zOjEwOiIAKgBjaGFuZ2VzIjthOjA6e31zOjg6IgAqAGNhc3RzIjthOjI6e3M6MTc6ImVtYWlsX3ZlcmlmaWVkX2F0IjtzOjg6ImRhdGV0aW1lIjtzOjg6InBhc3N3b3JkIjtzOjY6Imhhc2hlZCI7fXM6MTc6IgAqAGNsYXNzQ2FzdENhY2hlIjthOjA6e31zOjIxOiIAKgBhdHRyaWJ1dGVDYXN0Q2FjaGUiO2E6MDp7fXM6MTM6IgAqAGRhdGVGb3JtYXQiO047czoxMDoiACoAYXBwZW5kcyI7YTowOnt9czoxOToiACoAZGlzcGF0Y2hlc0V2ZW50cyI7YTowOnt9czoxNDoiACoAb2JzZXJ2YWJsZXMiO2E6MDp7fXM6MTI6IgAqAHJlbGF0aW9ucyI7YTowOnt9czoxMDoiACoAdG91Y2hlcyI7YTowOnt9czoxMDoidGltZXN0YW1wcyI7YjoxO3M6MTM6InVzZXNVbmlxdWVJZHMiO2I6MDtzOjk6IgAqAGhpZGRlbiI7YToxOntpOjA7czoxNDoicmVtZW1iZXJfdG9rZW4iO31zOjEwOiIAKgB2aXNpYmxlIjthOjA6e31zOjExOiIAKgBmaWxsYWJsZSI7YToxMjp7aTowO3M6NDoibmFtZSI7aToxO3M6OToidXNlcl9uYW1lIjtpOjI7czo1OiJlbWFpbCI7aTozO3M6MTM6Im1vYmlsZV9udW1iZXIiO2k6NDtzOjY6ImF2YXRhciI7aTo1O3M6MTE6Im1lcmNoYW50X2lkIjtpOjY7czo4OiJhZ2VudF9pZCI7aTo3O3M6ODoicGFzc3dvcmQiO2k6ODtzOjY6InN0YXR1cyI7aTo5O3M6Nzoicm9sZV9pZCI7aToxMDtzOjk6InJvbGVfbmFtZSI7aToxMTtzOjM6InVybCI7fXM6MTA6IgAqAGd1YXJkZWQiO2E6MTp7aTowO3M6MToiKiI7fXM6MTk6IgAqAGF1dGhQYXNzd29yZE5hbWUiO3M6ODoicGFzc3dvcmQiO3M6MjA6IgAqAHJlbWVtYmVyVG9rZW5OYW1lIjtzOjE0OiJyZW1lbWJlcl90b2tlbiI7fX0=', 1765250126),
('u3puIZpltPjedOOwJfKdvnBgJx6SbpiHpzp62oWe', NULL, '127.0.0.1', 'Mozilla/5.0 (Windows NT 10.0; Win64; x64) AppleWebKit/537.36 (KHTML, like Gecko) Chrome/146.0.0.0 Safari/537.36', 'YTo0OntzOjY6Il90b2tlbiI7czo0MDoibmEyZUVMdjFscVJMQlRLWjV2Qk5iRjVDUGRDWDRmV0QyNkgwS1YxeiI7czo5OiJfcHJldmlvdXMiO2E6MTp7czozOiJ1cmwiO3M6MzA6Imh0dHA6Ly8xMjcuMC4wLjE6OTAwMC9yMnBQYXlpbiI7fXM6NjoiX2ZsYXNoIjthOjI6e3M6Mzoib2xkIjthOjA6e31zOjM6Im5ldyI7YTowOnt9fXM6NDoiYXV0aCI7TzoxNToiQXBwXE1vZGVsc1xVc2VyIjozMjp7czoxMzoiACoAY29ubmVjdGlvbiI7czo1OiJteXNxbCI7czo4OiIAKgB0YWJsZSI7czo1OiJ1c2VycyI7czoxMzoiACoAcHJpbWFyeUtleSI7czoyOiJpZCI7czoxMDoiACoAa2V5VHlwZSI7czozOiJpbnQiO3M6MTI6ImluY3JlbWVudGluZyI7YjoxO3M6NzoiACoAd2l0aCI7YTowOnt9czoxMjoiACoAd2l0aENvdW50IjthOjA6e31zOjE5OiJwcmV2ZW50c0xhenlMb2FkaW5nIjtiOjA7czoxMDoiACoAcGVyUGFnZSI7aToxNTtzOjY6ImV4aXN0cyI7YjoxO3M6MTg6Indhc1JlY2VudGx5Q3JlYXRlZCI7YjowO3M6Mjg6IgAqAGVzY2FwZVdoZW5DYXN0aW5nVG9TdHJpbmciO2I6MDtzOjEzOiIAKgBhdHRyaWJ1dGVzIjthOjE3OntzOjI6ImlkIjtpOjE7czo0OiJuYW1lIjtzOjU6ImFkbWluIjtzOjk6InVzZXJfbmFtZSI7czoxMzoiYWRtaW5HdGVjaDg1NSI7czoxMzoibW9iaWxlX251bWJlciI7czoxMDoiOTg3NjU0MzIxMSI7czo1OiJlbWFpbCI7czoyMzoiYWRtaW5HdGVjaDg1NUBnbWFpbC5jb20iO3M6NjoiYXZhdGFyIjtOO3M6MTE6Im1lcmNoYW50X2lkIjtOO3M6ODoiYWdlbnRfaWQiO047czo2OiJzdGF0dXMiO2k6MTtzOjc6InJvbGVfaWQiO2k6MTtzOjk6InJvbGVfbmFtZSI7czo1OiJBZG1pbiI7czozOiJ1cmwiO047czoxNzoiZW1haWxfdmVyaWZpZWRfYXQiO047czoxNDoicmVtZW1iZXJfdG9rZW4iO047czoxMDoiZGVsZXRlZF9hdCI7TjtzOjEwOiJjcmVhdGVkX2F0IjtzOjE5OiIyMDI1LTA3LTAxIDEzOjQ3OjE5IjtzOjEwOiJ1cGRhdGVkX2F0IjtzOjE5OiIyMDI1LTA5LTEwIDE1OjE4OjQyIjt9czoxMToiACoAb3JpZ2luYWwiO2E6MTg6e3M6MjoiaWQiO2k6MTtzOjQ6Im5hbWUiO3M6NToiYWRtaW4iO3M6OToidXNlcl9uYW1lIjtzOjEzOiJhZG1pbkd0ZWNoODU1IjtzOjEzOiJtb2JpbGVfbnVtYmVyIjtzOjEwOiI5ODc2NTQzMjExIjtzOjU6ImVtYWlsIjtzOjIzOiJhZG1pbkd0ZWNoODU1QGdtYWlsLmNvbSI7czo2OiJhdmF0YXIiO047czoxMToibWVyY2hhbnRfaWQiO047czo4OiJhZ2VudF9pZCI7TjtzOjY6InN0YXR1cyI7aToxO3M6Nzoicm9sZV9pZCI7aToxO3M6OToicm9sZV9uYW1lIjtzOjU6IkFkbWluIjtzOjM6InVybCI7TjtzOjE3OiJlbWFpbF92ZXJpZmllZF9hdCI7TjtzOjg6InBhc3N3b3JkIjtzOjEyOiJjR0Z6YzNkdmNtUT0iO3M6MTQ6InJlbWVtYmVyX3Rva2VuIjtOO3M6MTA6ImRlbGV0ZWRfYXQiO047czoxMDoiY3JlYXRlZF9hdCI7czoxOToiMjAyNS0wNy0wMSAxMzo0NzoxOSI7czoxMDoidXBkYXRlZF9hdCI7czoxOToiMjAyNS0wOS0xMCAxNToxODo0MiI7fXM6MTA6IgAqAGNoYW5nZXMiO2E6MDp7fXM6ODoiACoAY2FzdHMiO2E6Mjp7czoxNzoiZW1haWxfdmVyaWZpZWRfYXQiO3M6ODoiZGF0ZXRpbWUiO3M6ODoicGFzc3dvcmQiO3M6NjoiaGFzaGVkIjt9czoxNzoiACoAY2xhc3NDYXN0Q2FjaGUiO2E6MDp7fXM6MjE6IgAqAGF0dHJpYnV0ZUNhc3RDYWNoZSI7YTowOnt9czoxMzoiACoAZGF0ZUZvcm1hdCI7TjtzOjEwOiIAKgBhcHBlbmRzIjthOjA6e31zOjE5OiIAKgBkaXNwYXRjaGVzRXZlbnRzIjthOjA6e31zOjE0OiIAKgBvYnNlcnZhYmxlcyI7YTowOnt9czoxMjoiACoAcmVsYXRpb25zIjthOjA6e31zOjEwOiIAKgB0b3VjaGVzIjthOjA6e31zOjEwOiJ0aW1lc3RhbXBzIjtiOjE7czoxMzoidXNlc1VuaXF1ZUlkcyI7YjowO3M6OToiACoAaGlkZGVuIjthOjE6e2k6MDtzOjE0OiJyZW1lbWJlcl90b2tlbiI7fXM6MTA6IgAqAHZpc2libGUiO2E6MDp7fXM6MTE6IgAqAGZpbGxhYmxlIjthOjEyOntpOjA7czo0OiJuYW1lIjtpOjE7czo5OiJ1c2VyX25hbWUiO2k6MjtzOjU6ImVtYWlsIjtpOjM7czoxMzoibW9iaWxlX251bWJlciI7aTo0O3M6NjoiYXZhdGFyIjtpOjU7czoxMToibWVyY2hhbnRfaWQiO2k6NjtzOjg6ImFnZW50X2lkIjtpOjc7czo4OiJwYXNzd29yZCI7aTo4O3M6Njoic3RhdHVzIjtpOjk7czo3OiJyb2xlX2lkIjtpOjEwO3M6OToicm9sZV9uYW1lIjtpOjExO3M6MzoidXJsIjt9czoxMDoiACoAZ3VhcmRlZCI7YToxOntpOjA7czoxOiIqIjt9czoxOToiACoAYXV0aFBhc3N3b3JkTmFtZSI7czo4OiJwYXNzd29yZCI7czoyMDoiACoAcmVtZW1iZXJUb2tlbk5hbWUiO3M6MTQ6InJlbWVtYmVyX3Rva2VuIjt9fQ==', 1773479332);

-- --------------------------------------------------------

--
-- Table structure for table `transaction_notifications`
--

CREATE TABLE `transaction_notifications` (
  `id` bigint(20) UNSIGNED NOT NULL,
  `notifiable_type` varchar(255) DEFAULT NULL,
  `agent_id` varchar(255) DEFAULT NULL,
  `merchant_id` varchar(255) DEFAULT NULL,
  `readby_agent` tinyint(1) NOT NULL DEFAULT 0,
  `readby_merchant` tinyint(1) NOT NULL DEFAULT 0,
  `readby_admin` tinyint(1) NOT NULL DEFAULT 0,
  `data` longtext DEFAULT NULL,
  `msg` varchar(255) DEFAULT NULL,
  `created_at` timestamp NULL DEFAULT NULL,
  `updated_at` timestamp NULL DEFAULT NULL
) ENGINE=InnoDB DEFAULT CHARSET=utf8mb4 COLLATE=utf8mb4_unicode_ci;

--
-- Dumping data for table `transaction_notifications`
--

INSERT INTO `transaction_notifications` (`id`, `notifiable_type`, `agent_id`, `merchant_id`, `readby_agent`, `readby_merchant`, `readby_admin`, `data`, `msg`, `created_at`, `updated_at`) VALUES
(1, 'Deposit', '9', '2', 0, 0, 1, '{\"type\":\"Deposit\",\"transaction_id\":\"TR202509121033136003\",\"amount\":\"100\",\"Currency\":null,\"status\":\"pending\",\"msg\":\"New Deposit Transaction Created!\"}', 'New Deposit Transaction Created!', '2025-09-12 03:33:15', '2025-10-31 03:13:32'),
(2, 'Deposit', '9', '2', 0, 0, 1, '{\"type\":\"Deposit\",\"transaction_id\":\"TR202509131440391106\",\"amount\":\"100\",\"Currency\":null,\"status\":\"pending\",\"msg\":\"New Deposit Transaction Created!\"}', 'New Deposit Transaction Created!', '2025-09-13 07:40:41', '2025-10-31 03:13:32'),
(3, 'Deposit', '9', '2', 0, 0, 1, '{\"type\":\"Deposit\",\"transaction_id\":\"TR202509191342009746\",\"amount\":\"1008\",\"Currency\":\"THB\",\"status\":\"pending\",\"msg\":\"New Deposit Transaction Created!\"}', 'New Deposit Transaction Created!', '2025-09-19 06:42:01', '2025-10-31 03:13:32'),
(4, 'Deposit', '9', '2', 0, 0, 1, '{\"type\":\"Deposit\",\"transaction_id\":\"TR202509191611118305\",\"amount\":\"1000\",\"Currency\":\"THB\",\"status\":\"pending\",\"msg\":\"New Deposit Transaction Created!\"}', 'New Deposit Transaction Created!', '2025-09-19 09:11:12', '2025-10-31 03:13:32'),
(5, 'Transaction Updated', '9', '2', 0, 0, 1, '{\"type\":\"Transaction Updated\",\"transaction_id\":\"TR202509191611118305\",\"amount\":\"1000\",\"Currency\":\"THB\",\"status\":\"processing\",\"msg\":\"Transaction Status Updated!\"}', 'Transaction Status Updated!', '2025-09-19 09:13:43', '2025-10-31 03:13:32'),
(6, 'Notification send Successfully!', '9', '2', 0, 0, 1, '{\"type\":\"Notification send Successfully!\",\"transaction_id\":\"TR202509191611118305\",\"amount\":\"1000\",\"Currency\":\"THB\",\"status\":\"processing\",\"msg\":\"One Transaction notified!\"}', 'One Transaction notified!', '2025-09-19 09:24:08', '2025-10-31 03:13:32'),
(7, 'Notification send Successfully!', '9', '2', 0, 0, 1, '{\"type\":\"Notification send Successfully!\",\"transaction_id\":\"TR202509131440391106\",\"amount\":\"100.0\",\"Currency\":\"USDT\",\"status\":\"pending\",\"msg\":\"One Transaction notified!\"}', 'One Transaction notified!', '2025-09-19 09:31:49', '2025-10-31 03:13:32'),
(8, 'Notification send Successfully!', '1', '1', 0, 0, 1, '{\"type\":\"Notification send Successfully!\",\"transaction_id\":\"TR202508191343322930\",\"amount\":\"120154.00\",\"Currency\":\"THB\",\"status\":\"success\",\"msg\":\"One Transaction notified!\"}', 'One Transaction notified!', '2025-09-19 09:32:12', '2025-10-31 03:13:32'),
(9, 'Notification send Successfully!', '9', '2', 0, 0, 1, '{\"type\":\"Notification send Successfully!\",\"transaction_id\":\"TR202509051430214269\",\"amount\":\"0.00887636\",\"Currency\":\"BTC\",\"status\":\"failed\",\"msg\":\"One Transaction notified!\"}', 'One Transaction notified!', '2025-09-19 09:32:48', '2025-10-31 03:13:32'),
(10, 'Deposit', '9', '2', 0, 0, 1, '{\"type\":\"Deposit\",\"transaction_id\":\"TR202509291117273829\",\"amount\":\"5000\",\"Currency\":\"THB\",\"status\":\"pending\",\"msg\":\"New Deposit Transaction Created!\"}', 'New Deposit Transaction Created!', '2025-09-29 04:17:29', '2025-10-31 03:13:32'),
(11, 'Transaction Updated', '9', '2', 0, 0, 1, '{\"type\":\"Transaction Updated\",\"transaction_id\":\"TR202509291117273829\",\"amount\":\"155.13\",\"Currency\":\"USDT\",\"status\":\"pending\",\"msg\":\"Transaction Status Updated!\"}', 'Transaction Status Updated!', '2025-09-29 04:17:43', '2025-10-31 03:13:32'),
(12, 'Deposit', '9', '2', 0, 0, 1, '{\"type\":\"Deposit\",\"transaction_id\":\"TR202510141032557665\",\"amount\":\"1000\",\"Currency\":\"THB\",\"status\":\"pending\",\"msg\":\"New Deposit Transaction Created!\"}', 'New Deposit Transaction Created!', '2025-10-14 03:32:57', '2025-10-31 03:13:32'),
(13, 'Transaction Updated', '9', '2', 0, 0, 1, '{\"type\":\"Transaction Updated\",\"transaction_id\":\"TR202510141032557665\",\"amount\":\"1000\",\"Currency\":\"THB\",\"status\":\"pending\",\"msg\":\"Transaction Status Updated!\"}', 'Transaction Status Updated!', '2025-10-14 03:35:27', '2025-10-31 03:13:32'),
(14, 'Deposit', '9', '2', 0, 0, 1, '{\"type\":\"Deposit\",\"transaction_id\":\"TR202510141039547064\",\"amount\":\"10000\",\"Currency\":\"THB\",\"status\":\"pending\",\"msg\":\"New Deposit Transaction Created!\"}', 'New Deposit Transaction Created!', '2025-10-14 03:39:55', '2025-10-31 03:13:32'),
(15, 'Transaction Updated', '9', '2', 0, 0, 1, '{\"type\":\"Transaction Updated\",\"transaction_id\":\"TR202510141039547064\",\"amount\":\"10000\",\"Currency\":\"THB\",\"status\":\"processing\",\"msg\":\"Transaction Status Updated!\"}', 'Transaction Status Updated!', '2025-10-14 03:42:26', '2025-10-31 03:13:32'),
(16, 'Notification send Successfully!', '9', '2', 0, 0, 1, '{\"type\":\"Notification send Successfully!\",\"transaction_id\":\"TR202510141039547064\",\"amount\":\"10000\",\"Currency\":\"THB\",\"status\":\"processing\",\"msg\":\"One Transaction notified!\"}', 'One Transaction notified!', '2025-10-14 07:48:06', '2025-10-31 03:13:32'),
(17, 'Notification send Successfully!', '9', '2', 0, 0, 1, '{\"type\":\"Notification send Successfully!\",\"transaction_id\":\"TR202510181555518508\",\"amount\":\"100\",\"Currency\":\"USD\",\"status\":\"failed\",\"msg\":\"One Transaction notified!\"}', 'One Transaction notified!', '2025-10-18 08:59:31', '2025-10-31 03:13:32'),
(18, 'Notification send Successfully!', '9', '2', 0, 0, 1, '{\"type\":\"Notification send Successfully!\",\"transaction_id\":\"TR202510181555518508\",\"amount\":\"100\",\"Currency\":\"USD\",\"status\":\"failed\",\"msg\":\"One Transaction notified!\"}', 'One Transaction notified!', '2025-10-18 09:01:46', '2025-10-31 03:13:32'),
(19, 'Notification send Successfully!', '9', '2', 0, 0, 1, '{\"type\":\"Notification send Successfully!\",\"transaction_id\":\"TR202510181539336993\",\"amount\":\"100\",\"Currency\":\"USD\",\"status\":\"failed\",\"msg\":\"One Transaction notified!\"}', 'One Transaction notified!', '2025-10-18 09:02:29', '2025-10-31 03:13:32'),
(20, 'Notification send Successfully!', '9', '2', 0, 0, 1, '{\"type\":\"Notification send Successfully!\",\"transaction_id\":\"TR202510181555518508\",\"amount\":\"100\",\"Currency\":\"USD\",\"status\":\"failed\",\"msg\":\"One Transaction notified!\"}', 'One Transaction notified!', '2025-10-18 09:02:42', '2025-10-31 03:13:32'),
(21, 'Deposit', '9', '2', 0, 0, 1, '{\"type\":\"Deposit\",\"transaction_id\":\"TR202510231756197285\",\"amount\":\"1\",\"Currency\":\"USD\",\"status\":\"pending\",\"msg\":\"New Deposit Transaction Created!\"}', 'New Deposit Transaction Created!', '2025-10-23 10:56:26', '2025-10-31 03:13:32'),
(22, 'Transaction Updated', '9', '2', 0, 0, 1, '{\"type\":\"Transaction Updated\",\"transaction_id\":\"TR202510231756197285\",\"amount\":\"1\",\"Currency\":\"USD\",\"status\":\"failed\",\"msg\":\"Transaction Status Updated!\"}', 'Transaction Status Updated!', '2025-10-23 10:57:13', '2025-10-31 03:13:32'),
(23, 'Deposit', '9', '2', 0, 0, 1, '{\"type\":\"Deposit\",\"transaction_id\":\"TR202510231824017802\",\"amount\":\"100\",\"Currency\":\"THB\",\"status\":\"pending\",\"msg\":\"New Deposit Transaction Created!\"}', 'New Deposit Transaction Created!', '2025-10-23 11:24:03', '2025-10-31 03:13:32'),
(24, 'Transaction Updated', '9', '2', 0, 0, 1, '{\"type\":\"Transaction Updated\",\"transaction_id\":\"TR202510231824017802\",\"amount\":\"100\",\"Currency\":\"THB\",\"status\":\"processing\",\"msg\":\"Transaction Status Updated!\"}', 'Transaction Status Updated!', '2025-10-23 11:27:33', '2025-10-31 03:13:32'),
(25, 'Callback Transaction Status', '9', '2', 0, 0, 1, '{\"type\":\"Callback Transaction Status\",\"transaction_id\":\"TR202510231756197285\",\"amount\":\"1\",\"Currency\":\"USD\",\"status\":\"failed\",\"msg\":\"Callback Transaction Status Updated!\"}', 'Callback Transaction Status Updated!', '2025-10-24 04:24:54', '2025-10-31 03:13:32'),
(26, 'Deposit', '9', '2', 0, 0, 0, '{\"type\":\"Deposit\",\"transaction_id\":\"TR202511121059478879\",\"amount\":\"100\",\"Currency\":\"INR\",\"status\":\"pending\",\"msg\":\"New Deposit Transaction Created!\"}', 'New Deposit Transaction Created!', '2025-11-12 03:59:50', '2025-11-12 03:59:50'),
(27, 'Transaction Updated', '1', '1', 0, 0, 0, '{\"type\":\"Transaction Updated\",\"transaction_id\":null,\"amount\":\"2222\",\"Currency\":\"THB\",\"status\":\"failed\",\"msg\":\"Transaction Status Updated!\"}', 'Transaction Status Updated!', '2025-11-12 04:01:11', '2025-11-12 04:01:11'),
(28, 'Deposit', '9', '2', 0, 0, 0, '{\"type\":\"Deposit\",\"transaction_id\":\"TR202511121106234026\",\"amount\":\"100\",\"Currency\":\"INR\",\"status\":\"pending\",\"msg\":\"New Deposit Transaction Created!\"}', 'New Deposit Transaction Created!', '2025-11-12 04:06:26', '2025-11-12 04:06:26'),
(29, 'Transaction Updated', '1', '1', 0, 0, 0, '{\"type\":\"Transaction Updated\",\"transaction_id\":null,\"amount\":\"2222\",\"Currency\":\"THB\",\"status\":\"failed\",\"msg\":\"Transaction Status Updated!\"}', 'Transaction Status Updated!', '2025-11-12 04:07:31', '2025-11-12 04:07:31'),
(30, 'Transaction Updated', '1', '1', 0, 0, 0, '{\"type\":\"Transaction Updated\",\"transaction_id\":null,\"amount\":\"2222\",\"Currency\":\"THB\",\"status\":\"failed\",\"msg\":\"Transaction Status Updated!\"}', 'Transaction Status Updated!', '2025-11-12 04:17:27', '2025-11-12 04:17:27'),
(31, 'Transaction Updated', '1', '1', 0, 0, 0, '{\"type\":\"Transaction Updated\",\"transaction_id\":null,\"amount\":\"2222\",\"Currency\":\"THB\",\"status\":\"failed\",\"msg\":\"Transaction Status Updated!\"}', 'Transaction Status Updated!', '2025-11-12 06:24:36', '2025-11-12 06:24:36'),
(32, 'Transaction Updated', '1', '1', 0, 0, 0, '{\"type\":\"Transaction Updated\",\"transaction_id\":null,\"amount\":\"2222\",\"Currency\":\"THB\",\"status\":\"failed\",\"msg\":\"Transaction Status Updated!\"}', 'Transaction Status Updated!', '2025-11-12 06:25:57', '2025-11-12 06:25:57'),
(33, 'Transaction Updated', '1', '1', 0, 0, 0, '{\"type\":\"Transaction Updated\",\"transaction_id\":null,\"amount\":\"2222\",\"Currency\":\"THB\",\"status\":\"failed\",\"msg\":\"Transaction Status Updated!\"}', 'Transaction Status Updated!', '2025-11-12 06:58:19', '2025-11-12 06:58:19'),
(34, 'Transaction Updated', '1', '1', 0, 0, 0, '{\"type\":\"Transaction Updated\",\"transaction_id\":null,\"amount\":\"2222\",\"Currency\":\"THB\",\"status\":\"failed\",\"msg\":\"Transaction Status Updated!\"}', 'Transaction Status Updated!', '2025-11-12 07:00:19', '2025-11-12 07:00:19'),
(35, 'Transaction Updated', '1', '1', 0, 0, 0, '{\"type\":\"Transaction Updated\",\"transaction_id\":null,\"amount\":\"2222\",\"Currency\":\"THB\",\"status\":\"failed\",\"msg\":\"Transaction Status Updated!\"}', 'Transaction Status Updated!', '2025-11-12 07:02:55', '2025-11-12 07:02:55'),
(36, 'Deposit', '9', '2', 0, 0, 0, '{\"type\":\"Deposit\",\"transaction_id\":\"TR202511121618458830\",\"amount\":\"10\",\"Currency\":\"USD\",\"status\":\"pending\",\"msg\":\"New Deposit Transaction Created!\"}', 'New Deposit Transaction Created!', '2025-11-12 09:18:48', '2025-11-12 09:18:48'),
(37, 'Deposit', '9', '2', 0, 0, 0, '{\"type\":\"Deposit\",\"transaction_id\":\"TR202511121620049302\",\"amount\":\"1\",\"Currency\":\"USD\",\"status\":\"pending\",\"msg\":\"New Deposit Transaction Created!\"}', 'New Deposit Transaction Created!', '2025-11-12 09:20:13', '2025-11-12 09:20:13'),
(38, 'Deposit', '9', '2', 0, 0, 0, '{\"type\":\"Deposit\",\"transaction_id\":\"TR202511121626057457\",\"amount\":\"10\",\"Currency\":\"USD\",\"status\":\"pending\",\"msg\":\"New Deposit Transaction Created!\"}', 'New Deposit Transaction Created!', '2025-11-12 09:26:12', '2025-11-12 09:26:12'),
(39, 'Deposit', '9', '2', 0, 0, 0, '{\"type\":\"Deposit\",\"transaction_id\":\"TR202511121628023375\",\"amount\":\"100\",\"Currency\":\"USD\",\"status\":\"pending\",\"msg\":\"New Deposit Transaction Created!\"}', 'New Deposit Transaction Created!', '2025-11-12 09:28:08', '2025-11-12 09:28:08'),
(40, 'Deposit', '9', '2', 0, 0, 0, '{\"type\":\"Deposit\",\"transaction_id\":\"TR202511121630257373\",\"amount\":\"100\",\"Currency\":\"INR\",\"status\":\"pending\",\"msg\":\"New Deposit Transaction Created!\"}', 'New Deposit Transaction Created!', '2025-11-12 09:30:29', '2025-11-12 09:30:29'),
(41, 'Transaction Updated', '1', '1', 0, 0, 0, '{\"type\":\"Transaction Updated\",\"transaction_id\":null,\"amount\":\"2222\",\"Currency\":\"THB\",\"status\":\"failed\",\"msg\":\"Transaction Status Updated!\"}', 'Transaction Status Updated!', '2025-11-12 09:32:49', '2025-11-12 09:32:49'),
(42, 'Deposit', '9', '2', 0, 0, 0, '{\"type\":\"Deposit\",\"transaction_id\":\"TR202511121640107271\",\"amount\":\"100\",\"Currency\":\"INR\",\"status\":\"pending\",\"msg\":\"New Deposit Transaction Created!\"}', 'New Deposit Transaction Created!', '2025-11-12 09:40:12', '2025-11-12 09:40:12'),
(43, 'Transaction Updated', '1', '1', 0, 0, 0, '{\"type\":\"Transaction Updated\",\"transaction_id\":null,\"amount\":\"2222\",\"Currency\":\"THB\",\"status\":\"failed\",\"msg\":\"Transaction Status Updated!\"}', 'Transaction Status Updated!', '2025-11-12 09:41:32', '2025-11-12 09:41:32'),
(44, 'Deposit', '9', '2', 0, 0, 0, '{\"type\":\"Deposit\",\"transaction_id\":\"TR202511131021393284\",\"amount\":\"100\",\"Currency\":\"INR\",\"status\":\"pending\",\"msg\":\"New Deposit Transaction Created!\"}', 'New Deposit Transaction Created!', '2025-11-13 03:21:44', '2025-11-13 03:21:44'),
(45, 'Deposit', '9', '2', 0, 0, 0, '{\"type\":\"Deposit\",\"transaction_id\":\"TR202511131028286440\",\"amount\":\"100\",\"Currency\":\"INR\",\"status\":\"pending\",\"msg\":\"New Deposit Transaction Created!\"}', 'New Deposit Transaction Created!', '2025-11-13 03:28:32', '2025-11-13 03:28:32'),
(46, 'Transaction Updated', '9', '2', 0, 0, 0, '{\"type\":\"Transaction Updated\",\"transaction_id\":\"TR202511131028286440\",\"amount\":\"100\",\"Currency\":\"INR\",\"status\":\"pending\",\"msg\":\"Transaction Status Updated!\"}', 'Transaction Status Updated!', '2025-11-13 04:11:46', '2025-11-13 04:11:46'),
(47, 'Transaction Updated', '9', '2', 0, 0, 0, '{\"type\":\"Transaction Updated\",\"transaction_id\":\"TR202511131028286440\",\"amount\":\"100\",\"Currency\":\"INR\",\"status\":\"pending\",\"msg\":\"Transaction Status Updated!\"}', 'Transaction Status Updated!', '2025-11-13 04:12:23', '2025-11-13 04:12:23'),
(48, 'Deposit', '9', '2', 0, 0, 0, '{\"type\":\"Deposit\",\"transaction_id\":\"TR202511131113324777\",\"amount\":\"1000\",\"Currency\":\"INR\",\"status\":\"pending\",\"msg\":\"New Deposit Transaction Created!\"}', 'New Deposit Transaction Created!', '2025-11-13 04:13:34', '2025-11-13 04:13:34'),
(49, 'Transaction Updated', '9', '2', 0, 0, 0, '{\"type\":\"Transaction Updated\",\"transaction_id\":\"TR202511131113324777\",\"amount\":\"1000\",\"Currency\":\"INR\",\"status\":\"pending\",\"msg\":\"Transaction Status Updated!\"}', 'Transaction Status Updated!', '2025-11-13 04:14:57', '2025-11-13 04:14:57'),
(50, 'Deposit', '9', '2', 0, 0, 0, '{\"type\":\"Deposit\",\"transaction_id\":\"TR202511271047079050\",\"amount\":\"10\",\"Currency\":\"USD\",\"status\":\"pending\",\"msg\":\"New Deposit Transaction Created!\"}', 'New Deposit Transaction Created!', '2025-11-27 03:47:13', '2025-11-27 03:47:13'),
(51, 'Transaction Updated', '9', '2', 0, 0, 0, '{\"type\":\"Transaction Updated\",\"transaction_id\":\"TR202511271047079050\",\"amount\":\"10\",\"Currency\":\"USD\",\"status\":\"failed\",\"msg\":\"Transaction Status Updated!\"}', 'Transaction Status Updated!', '2025-11-27 03:48:06', '2025-11-27 03:48:06'),
(52, 'Deposit', '9', '2', 0, 0, 0, '{\"type\":\"Deposit\",\"transaction_id\":\"TR202511271606578339\",\"amount\":\"1\",\"Currency\":\"USD\",\"status\":\"pending\",\"msg\":\"New Deposit Transaction Created!\"}', 'New Deposit Transaction Created!', '2025-11-27 09:07:03', '2025-11-27 09:07:03'),
(53, 'Deposit', '9', '2', 0, 0, 0, '{\"type\":\"Deposit\",\"transaction_id\":\"TR202511271616473175\",\"amount\":\"100\",\"Currency\":\"THB\",\"status\":\"pending\",\"msg\":\"New Deposit Transaction Created!\"}', 'New Deposit Transaction Created!', '2025-11-27 09:16:59', '2025-11-27 09:16:59'),
(54, 'Deposit', '9', '2', 0, 0, 0, '{\"type\":\"Deposit\",\"transaction_id\":\"TR202511281329105342\",\"amount\":\"1\",\"Currency\":\"USD\",\"status\":\"pending\",\"msg\":\"New Deposit Transaction Created!\"}', 'New Deposit Transaction Created!', '2025-11-28 06:29:17', '2025-11-28 06:29:17'),
(55, 'Transaction Updated', '9', '2', 0, 0, 0, '{\"type\":\"Transaction Updated\",\"transaction_id\":\"TR202511281329105342\",\"amount\":\"1\",\"Currency\":\"USD\",\"status\":\"failed\",\"msg\":\"Transaction Status Updated!\"}', 'Transaction Status Updated!', '2025-11-28 06:30:19', '2025-11-28 06:30:19'),
(56, 'Deposit', '9', '2', 0, 0, 0, '{\"type\":\"Deposit\",\"transaction_id\":\"TR202511281334108178\",\"amount\":\"100\",\"Currency\":\"THB\",\"status\":\"pending\",\"msg\":\"New Deposit Transaction Created!\"}', 'New Deposit Transaction Created!', '2025-11-28 06:34:16', '2025-11-28 06:34:16'),
(57, 'Transaction Updated', '9', '2', 0, 0, 0, '{\"type\":\"Transaction Updated\",\"transaction_id\":\"TR202511281334108178\",\"amount\":\"100\",\"Currency\":\"THB\",\"status\":\"pending\",\"msg\":\"Transaction Status Updated!\"}', 'Transaction Status Updated!', '2025-11-28 06:35:00', '2025-11-28 06:35:00'),
(58, 'Deposit', '9', '2', 0, 0, 0, '{\"type\":\"Deposit\",\"transaction_id\":\"TR202511281335306884\",\"amount\":\"100\",\"Currency\":\"THB\",\"status\":\"pending\",\"msg\":\"New Deposit Transaction Created!\"}', 'New Deposit Transaction Created!', '2025-11-28 06:35:35', '2025-11-28 06:35:35'),
(59, 'Transaction Updated', '9', '2', 0, 0, 0, '{\"type\":\"Transaction Updated\",\"transaction_id\":\"TR202511281335306884\",\"amount\":\"100\",\"Currency\":\"THB\",\"status\":\"pending\",\"msg\":\"Transaction Status Updated!\"}', 'Transaction Status Updated!', '2025-11-28 06:35:41', '2025-11-28 06:35:41'),
(60, 'Deposit', '9', '2', 0, 0, 0, '{\"type\":\"Deposit\",\"transaction_id\":\"TR202511281337513317\",\"amount\":\"10\",\"Currency\":\"USD\",\"status\":\"pending\",\"msg\":\"New Deposit Transaction Created!\"}', 'New Deposit Transaction Created!', '2025-11-28 06:37:58', '2025-11-28 06:37:58'),
(61, 'Deposit', '9', '2', 0, 0, 0, '{\"type\":\"Deposit\",\"transaction_id\":\"TR202511281457232370\",\"amount\":\"1\",\"Currency\":\"USD\",\"status\":\"pending\",\"msg\":\"New Deposit Transaction Created!\"}', 'New Deposit Transaction Created!', '2025-11-28 07:57:30', '2025-11-28 07:57:30'),
(62, 'Deposit', '9', '2', 0, 0, 0, '{\"type\":\"Deposit\",\"transaction_id\":\"TR202511281459039567\",\"amount\":\"1000\",\"Currency\":\"THB\",\"status\":\"pending\",\"msg\":\"New Deposit Transaction Created!\"}', 'New Deposit Transaction Created!', '2025-11-28 07:59:09', '2025-11-28 07:59:09'),
(63, 'Transaction Updated', '9', '2', 0, 0, 0, '{\"type\":\"Transaction Updated\",\"transaction_id\":\"TR202511281459039567\",\"amount\":\"1000\",\"Currency\":\"THB\",\"status\":\"failed\",\"msg\":\"Transaction Status Updated!\"}', 'Transaction Status Updated!', '2025-11-28 07:59:16', '2025-11-28 07:59:16'),
(64, 'Deposit', '9', '2', 0, 0, 0, '{\"type\":\"Deposit\",\"transaction_id\":\"TR202511281501536969\",\"amount\":\"100\",\"Currency\":\"THB\",\"status\":\"pending\",\"msg\":\"New Deposit Transaction Created!\"}', 'New Deposit Transaction Created!', '2025-11-28 08:01:58', '2025-11-28 08:01:58'),
(65, 'Transaction Updated', '9', '2', 0, 0, 0, '{\"type\":\"Transaction Updated\",\"transaction_id\":\"TR202511281501536969\",\"amount\":\"100\",\"Currency\":\"THB\",\"status\":\"pending\",\"msg\":\"Transaction Status Updated!\"}', 'Transaction Status Updated!', '2025-11-28 08:02:04', '2025-11-28 08:02:04');

-- --------------------------------------------------------

--
-- Table structure for table `users`
--

CREATE TABLE `users` (
  `id` bigint(20) UNSIGNED NOT NULL,
  `name` varchar(255) NOT NULL,
  `user_name` varchar(255) DEFAULT NULL,
  `mobile_number` varchar(255) DEFAULT NULL,
  `email` varchar(255) DEFAULT NULL,
  `avatar` varchar(255) DEFAULT NULL,
  `merchant_id` int(11) DEFAULT NULL,
  `agent_id` int(11) DEFAULT NULL,
  `status` int(11) DEFAULT 1,
  `role_id` int(11) DEFAULT NULL,
  `role_name` varchar(255) DEFAULT NULL,
  `url` varchar(255) DEFAULT NULL,
  `email_verified_at` timestamp NULL DEFAULT NULL,
  `password` varchar(255) DEFAULT NULL,
  `remember_token` varchar(100) DEFAULT NULL,
  `deleted_at` timestamp NULL DEFAULT NULL,
  `created_at` timestamp NULL DEFAULT NULL,
  `updated_at` timestamp NULL DEFAULT NULL
) ENGINE=InnoDB DEFAULT CHARSET=utf8mb4 COLLATE=utf8mb4_unicode_ci;

--
-- Dumping data for table `users`
--

INSERT INTO `users` (`id`, `name`, `user_name`, `mobile_number`, `email`, `avatar`, `merchant_id`, `agent_id`, `status`, `role_id`, `role_name`, `url`, `email_verified_at`, `password`, `remember_token`, `deleted_at`, `created_at`, `updated_at`) VALUES
(1, 'admin', 'adminGtech855', '9876543211', 'adminGtech855@gmail.com', NULL, NULL, NULL, 1, 1, 'Admin', NULL, NULL, 'cGFzc3dvcmQ=', NULL, NULL, '2025-07-01 06:47:19', '2025-09-10 08:18:42'),
(2, 'FC department', 'FCmerchant001', '9876543299', 'fcmerchant1@gmail.com', NULL, 1, 1, 1, 4, 'Merchant', NULL, NULL, 'cGFzc3dvcmQ=', NULL, NULL, '2025-07-01 06:47:19', '2025-08-27 10:41:48'),
(3, 'test', 'testmerchant005', '73478997021', 'testmerchant@gmail.com', NULL, 2, 9, 1, 4, 'Merchant', NULL, NULL, 'cGFzc3dvcmQ=', NULL, NULL, '2025-07-02 10:43:18', '2025-08-27 08:25:23'),
(4, 'FC Agent', 'FCagent001', '7347899701', 'fcagent@gmail.com', NULL, NULL, 1, 1, 3, 'Agent', NULL, NULL, 'cGFzc3dvcmQ=', NULL, NULL, '2025-08-01 09:32:13', '2025-08-27 04:15:11'),
(8, 'testAgent', 'testagent001', '5453453454', 'dilipkumargupta631@gmail.com', NULL, NULL, 9, 1, 3, 'Agent', NULL, NULL, 'cGFzc3dvcmQ=', NULL, NULL, '2025-08-26 08:34:12', '2025-08-27 08:22:53'),
(10, 'jhgfjhghj', 'FCagent001hft', '546456566654', 'dilipkumargupta61@gmail.com', NULL, NULL, 13, 0, 3, 'Agent', NULL, NULL, '$2y$12$ogiH/wdtXKaYln71BwtvyOvFwidaBmLYkfOF56edxBvZlG2awR7Fq', NULL, NULL, '2025-08-26 08:49:06', '2025-08-27 06:43:05'),
(11, 'gyhfty00888', 'FCagent001tryrty', '54645654654', 'dilipkumargupta6@gmail.com', NULL, 4, 14, 0, 4, 'Merchant', NULL, NULL, 'cGFzc3dvcmQ=', NULL, NULL, '2025-08-26 09:01:33', '2025-09-10 03:22:36'),
(12, 'dkmerchantdd', 'dk001', '676543456734', 'dk@gamilc.ocm', NULL, 3, 9, 1, 4, 'Merchant', NULL, NULL, 'cGFzc3dvcmQ=', NULL, NULL, '2025-08-27 08:03:41', '2025-08-28 06:53:05'),
(14, 'gopal', 'gopal1111', '7234567890', 'gopal1111@gmail.com', NULL, NULL, NULL, 1, 1, 'Admin', NULL, NULL, 'cGFzc3dvcmQ=', NULL, NULL, '2025-09-10 03:49:24', '2025-09-10 06:39:03');

-- --------------------------------------------------------

--
-- Table structure for table `withdraw_transactions`
--

CREATE TABLE `withdraw_transactions` (
  `id` bigint(20) UNSIGNED NOT NULL,
  `gateway_TransId` varchar(255) DEFAULT NULL,
  `systemgenerated_TransId` varchar(255) DEFAULT NULL,
  `reference_id` varchar(255) DEFAULT NULL,
  `gateway_name` varchar(255) DEFAULT NULL,
  `customer_name` varchar(255) DEFAULT NULL,
  `callback_url` longtext DEFAULT NULL,
  `Currency` varchar(255) DEFAULT NULL,
  `total` varchar(255) DEFAULT NULL,
  `net_amount` varchar(255) DEFAULT NULL,
  `mdr_fee_amount` varchar(255) DEFAULT NULL,
  `merchant_id` int(11) DEFAULT NULL,
  `merchant_code` varchar(255) DEFAULT NULL,
  `agent_id` int(11) DEFAULT NULL,
  `product_id` varchar(255) DEFAULT NULL,
  `payment_channel` varchar(255) DEFAULT NULL,
  `payment_method` varchar(255) DEFAULT NULL,
  `message` longtext DEFAULT NULL,
  `api_response` longtext DEFAULT NULL,
  `customer_bank_name` varchar(255) DEFAULT NULL,
  `bank_code` varchar(255) DEFAULT NULL,
  `customer_account_number` varchar(255) DEFAULT NULL,
  `status` varchar(255) DEFAULT 'pending',
  `ip_address` varchar(255) DEFAULT NULL,
  `created_at` timestamp NULL DEFAULT NULL,
  `updated_at` timestamp NULL DEFAULT NULL
) ENGINE=InnoDB DEFAULT CHARSET=utf8mb4 COLLATE=utf8mb4_unicode_ci;

--
-- Dumping data for table `withdraw_transactions`
--

INSERT INTO `withdraw_transactions` (`id`, `gateway_TransId`, `systemgenerated_TransId`, `reference_id`, `gateway_name`, `customer_name`, `callback_url`, `Currency`, `total`, `net_amount`, `mdr_fee_amount`, `merchant_id`, `merchant_code`, `agent_id`, `product_id`, `payment_channel`, `payment_method`, `message`, `api_response`, `customer_bank_name`, `bank_code`, `customer_account_number`, `status`, `ip_address`, `created_at`, `updated_at`) VALUES
(1, 'XRYFPV-1745907683586-20250429132123-26f3ed', 'TR202504291321237890', 'GZTRN1745907682B3M', 'RichPay', 'gopal', 'https://payment.implogix.com/api/r2p/payout/callbackURL', 'THB', '1000', '1010', '10', 1, 'FCmerchant001', 1, '28', '19', 'QR Payment', 'processing', '{\"type\":\"WITHDRAW\",\"status\":\"FAILED\",\"status_desc\":\"EXCEPTION\",\"amount\":1000,\"mdr_amount\":0,\"txn_ref_id\":\"XRYFPV-1745907683586-20250429132123-26f3ed\",\"txn_ref_order_id\":\"TR202504291321237890\",\"txn_ref_bank_code\":\"014\",\"txn_ref_bank_acc_no\":\"4681279393\",\"txn_ref_bank_acc_name_th\":\"\\u0e1a\\u0e23\\u0e34\\u0e29\\u0e31\\u0e17 \\u0e40\\u0e2d\\u0e47\\u0e21\\u0e41\\u0e2d\\u0e19\\u0e14\\u0e4c\\u0e0a\\u0e31\\u0e22 \\u0e2d\\u0e34\\u0e21-\\u0e40\\u0e2d\\u0e4a\\u0e01\\u0e0b\\u0e4c \\u0e01\\u0e39\\u0e4a\\u0e14 \\u0e01\\u0e23\\u0e38\\u0e4a\\u0e1b \\u0e08\\u0e33\\u0e01\\u0e31\\u0e14\",\"txn_ref_bank_acc_name_en\":\"\\u0e1a\\u0e23\\u0e34\\u0e29\\u0e31\\u0e17 \\u0e40\\u0e2d\\u0e47\\u0e21\\u0e41\\u0e2d\\u0e19\\u0e14\\u0e4c\\u0e0a\\u0e31\\u0e22 \\u0e2d\\u0e34\\u0e21-\\u0e40\\u0e2d\\u0e4a\\u0e01\\u0e0b\\u0e4c \\u0e01\\u0e39\\u0e4a\\u0e14 \\u0e01\\u0e23\\u0e38\\u0e4a\\u0e1b \\u0e08\\u0e33\\u0e01\\u0e31\\u0e14\",\"txn_ref_user_id\":null,\"txn_ref1\":null,\"txn_ref2\":null,\"txn_timestamp\":\"2025-04-29T13:21:23.586691+07:00\",\"stm_timestamp\":\"1970-01-01T07:00:00+07:00\",\"stm_bank_code\":\"KTB\",\"stm_bank_acc_no\":\"1234567890\",\"stm_bank_acc_name\":\"gopal\",\"stm_desc\":\"Exception(\'\\u0e01\\u0e23\\u0e38\\u0e13\\u0e32\\u0e42\\u0e2b\\u0e25\\u0e14\\u0e2b\\u0e19\\u0e49\\u0e32\\u0e19\\u0e35\\u0e49\\u0e2d\\u0e35\\u0e01\\u0e04\\u0e23\\u0e31\\u0e49\\u0e07\\u0e41\\u0e25\\u0e49\\u0e27\\u0e25\\u0e2d\\u0e07\\u0e43\\u0e2b\\u0e21\\u0e48\')\",\"stm_ref_id\":null}', 'gopal', 'KTB', '1234567890', 'failed', '103.146.44.34', '2025-10-01 04:27:25', '2025-10-01 04:27:25'),
(2, 'XRYFPV-1745907683586-20250429132123-26f3ed', 'TR202504291321237890', 'GZTRN1745907682B3M', 'RichPay', 'sk', 'https://payment.implogix.com/api/r2p/payout/callbackURL', 'THB', '1000', '1010', '10', 1, 'FCmerchant001', 1, '28', '19', 'QR Payment', 'processing', '{\"type\":\"WITHDRAW\",\"status\":\"FAILED\",\"status_desc\":\"EXCEPTION\",\"amount\":1000,\"mdr_amount\":0,\"txn_ref_id\":\"XRYFPV-1745907683586-20250429132123-26f3ed\",\"txn_ref_order_id\":\"TR202504291321237890\",\"txn_ref_bank_code\":\"014\",\"txn_ref_bank_acc_no\":\"4681279393\",\"txn_ref_bank_acc_name_th\":\"\\u0e1a\\u0e23\\u0e34\\u0e29\\u0e31\\u0e17 \\u0e40\\u0e2d\\u0e47\\u0e21\\u0e41\\u0e2d\\u0e19\\u0e14\\u0e4c\\u0e0a\\u0e31\\u0e22 \\u0e2d\\u0e34\\u0e21-\\u0e40\\u0e2d\\u0e4a\\u0e01\\u0e0b\\u0e4c \\u0e01\\u0e39\\u0e4a\\u0e14 \\u0e01\\u0e23\\u0e38\\u0e4a\\u0e1b \\u0e08\\u0e33\\u0e01\\u0e31\\u0e14\",\"txn_ref_bank_acc_name_en\":\"\\u0e1a\\u0e23\\u0e34\\u0e29\\u0e31\\u0e17 \\u0e40\\u0e2d\\u0e47\\u0e21\\u0e41\\u0e2d\\u0e19\\u0e14\\u0e4c\\u0e0a\\u0e31\\u0e22 \\u0e2d\\u0e34\\u0e21-\\u0e40\\u0e2d\\u0e4a\\u0e01\\u0e0b\\u0e4c \\u0e01\\u0e39\\u0e4a\\u0e14 \\u0e01\\u0e23\\u0e38\\u0e4a\\u0e1b \\u0e08\\u0e33\\u0e01\\u0e31\\u0e14\",\"txn_ref_user_id\":null,\"txn_ref1\":null,\"txn_ref2\":null,\"txn_timestamp\":\"2025-04-29T13:21:23.586691+07:00\",\"stm_timestamp\":\"1970-01-01T07:00:00+07:00\",\"stm_bank_code\":\"KTB\",\"stm_bank_acc_no\":\"1234567890\",\"stm_bank_acc_name\":\"gopal\",\"stm_desc\":\"Exception(\'\\u0e01\\u0e23\\u0e38\\u0e13\\u0e32\\u0e42\\u0e2b\\u0e25\\u0e14\\u0e2b\\u0e19\\u0e49\\u0e32\\u0e19\\u0e35\\u0e49\\u0e2d\\u0e35\\u0e01\\u0e04\\u0e23\\u0e31\\u0e49\\u0e07\\u0e41\\u0e25\\u0e49\\u0e27\\u0e25\\u0e2d\\u0e07\\u0e43\\u0e2b\\u0e21\\u0e48\')\",\"stm_ref_id\":null}', 'gopal', 'KTB', '1234567890', 'success', '103.146.44.34', '2025-10-15 04:27:25', '2025-10-15 04:27:25');

--
-- Indexes for dumped tables
--

--
-- Indexes for table `agents`
--
ALTER TABLE `agents`
  ADD PRIMARY KEY (`id`),
  ADD UNIQUE KEY `agents_agent_code_unique` (`agent_code`);

--
-- Indexes for table `cache`
--
ALTER TABLE `cache`
  ADD PRIMARY KEY (`key`);

--
-- Indexes for table `cache_locks`
--
ALTER TABLE `cache_locks`
  ADD PRIMARY KEY (`key`);

--
-- Indexes for table `deposit_transactions`
--
ALTER TABLE `deposit_transactions`
  ADD PRIMARY KEY (`id`);

--
-- Indexes for table `failed_jobs`
--
ALTER TABLE `failed_jobs`
  ADD PRIMARY KEY (`id`),
  ADD UNIQUE KEY `failed_jobs_uuid_unique` (`uuid`);

--
-- Indexes for table `gateway_accounts`
--
ALTER TABLE `gateway_accounts`
  ADD PRIMARY KEY (`id`);

--
-- Indexes for table `gateway_channels`
--
ALTER TABLE `gateway_channels`
  ADD PRIMARY KEY (`id`),
  ADD KEY `gateway_channels_gateway_account_id_foreign` (`gateway_account_id`);

--
-- Indexes for table `gateway_channel_parameters`
--
ALTER TABLE `gateway_channel_parameters`
  ADD PRIMARY KEY (`id`),
  ADD KEY `gateway_channel_parameters_channel_id_foreign` (`channel_id`);

--
-- Indexes for table `gateway_configuration_merchants`
--
ALTER TABLE `gateway_configuration_merchants`
  ADD PRIMARY KEY (`id`),
  ADD KEY `gateway_configuration_merchants_gateway_account_id_foreign` (`gateway_account_id`),
  ADD KEY `gateway_configuration_merchants_merchant_id_foreign` (`merchant_id`);

--
-- Indexes for table `jobs`
--
ALTER TABLE `jobs`
  ADD PRIMARY KEY (`id`),
  ADD KEY `jobs_queue_index` (`queue`);

--
-- Indexes for table `job_batches`
--
ALTER TABLE `job_batches`
  ADD PRIMARY KEY (`id`);

--
-- Indexes for table `merchants`
--
ALTER TABLE `merchants`
  ADD PRIMARY KEY (`id`),
  ADD KEY `merchants_agent_id_foreign` (`agent_id`);

--
-- Indexes for table `migrations`
--
ALTER TABLE `migrations`
  ADD PRIMARY KEY (`id`);

--
-- Indexes for table `password_reset_tokens`
--
ALTER TABLE `password_reset_tokens`
  ADD PRIMARY KEY (`email`);

--
-- Indexes for table `personal_access_tokens`
--
ALTER TABLE `personal_access_tokens`
  ADD PRIMARY KEY (`id`),
  ADD UNIQUE KEY `personal_access_tokens_token_unique` (`token`),
  ADD KEY `personal_access_tokens_tokenable_type_tokenable_id_index` (`tokenable_type`,`tokenable_id`),
  ADD KEY `personal_access_tokens_expires_at_index` (`expires_at`);

--
-- Indexes for table `qrgeneraters`
--
ALTER TABLE `qrgeneraters`
  ADD PRIMARY KEY (`id`);

--
-- Indexes for table `role_type_users`
--
ALTER TABLE `role_type_users`
  ADD PRIMARY KEY (`id`);

--
-- Indexes for table `sessions`
--
ALTER TABLE `sessions`
  ADD PRIMARY KEY (`id`),
  ADD KEY `sessions_user_id_index` (`user_id`),
  ADD KEY `sessions_last_activity_index` (`last_activity`);

--
-- Indexes for table `transaction_notifications`
--
ALTER TABLE `transaction_notifications`
  ADD PRIMARY KEY (`id`);

--
-- Indexes for table `users`
--
ALTER TABLE `users`
  ADD PRIMARY KEY (`id`);

--
-- Indexes for table `withdraw_transactions`
--
ALTER TABLE `withdraw_transactions`
  ADD PRIMARY KEY (`id`);

--
-- AUTO_INCREMENT for dumped tables
--

--
-- AUTO_INCREMENT for table `agents`
--
ALTER TABLE `agents`
  MODIFY `id` bigint(20) UNSIGNED NOT NULL AUTO_INCREMENT, AUTO_INCREMENT=15;

--
-- AUTO_INCREMENT for table `deposit_transactions`
--
ALTER TABLE `deposit_transactions`
  MODIFY `id` bigint(20) UNSIGNED NOT NULL AUTO_INCREMENT, AUTO_INCREMENT=75;

--
-- AUTO_INCREMENT for table `failed_jobs`
--
ALTER TABLE `failed_jobs`
  MODIFY `id` bigint(20) UNSIGNED NOT NULL AUTO_INCREMENT;

--
-- AUTO_INCREMENT for table `gateway_accounts`
--
ALTER TABLE `gateway_accounts`
  MODIFY `id` bigint(20) UNSIGNED NOT NULL AUTO_INCREMENT, AUTO_INCREMENT=9;

--
-- AUTO_INCREMENT for table `gateway_channels`
--
ALTER TABLE `gateway_channels`
  MODIFY `id` bigint(20) UNSIGNED NOT NULL AUTO_INCREMENT, AUTO_INCREMENT=7;

--
-- AUTO_INCREMENT for table `gateway_channel_parameters`
--
ALTER TABLE `gateway_channel_parameters`
  MODIFY `id` bigint(20) UNSIGNED NOT NULL AUTO_INCREMENT, AUTO_INCREMENT=81;

--
-- AUTO_INCREMENT for table `gateway_configuration_merchants`
--
ALTER TABLE `gateway_configuration_merchants`
  MODIFY `id` bigint(20) UNSIGNED NOT NULL AUTO_INCREMENT, AUTO_INCREMENT=10;

--
-- AUTO_INCREMENT for table `jobs`
--
ALTER TABLE `jobs`
  MODIFY `id` bigint(20) UNSIGNED NOT NULL AUTO_INCREMENT, AUTO_INCREMENT=106;

--
-- AUTO_INCREMENT for table `merchants`
--
ALTER TABLE `merchants`
  MODIFY `id` bigint(20) UNSIGNED NOT NULL AUTO_INCREMENT, AUTO_INCREMENT=5;

--
-- AUTO_INCREMENT for table `migrations`
--
ALTER TABLE `migrations`
  MODIFY `id` int(10) UNSIGNED NOT NULL AUTO_INCREMENT, AUTO_INCREMENT=26;

--
-- AUTO_INCREMENT for table `personal_access_tokens`
--
ALTER TABLE `personal_access_tokens`
  MODIFY `id` bigint(20) UNSIGNED NOT NULL AUTO_INCREMENT;

--
-- AUTO_INCREMENT for table `qrgeneraters`
--
ALTER TABLE `qrgeneraters`
  MODIFY `id` bigint(20) UNSIGNED NOT NULL AUTO_INCREMENT, AUTO_INCREMENT=20;

--
-- AUTO_INCREMENT for table `role_type_users`
--
ALTER TABLE `role_type_users`
  MODIFY `id` bigint(20) UNSIGNED NOT NULL AUTO_INCREMENT, AUTO_INCREMENT=5;

--
-- AUTO_INCREMENT for table `transaction_notifications`
--
ALTER TABLE `transaction_notifications`
  MODIFY `id` bigint(20) UNSIGNED NOT NULL AUTO_INCREMENT, AUTO_INCREMENT=66;

--
-- AUTO_INCREMENT for table `users`
--
ALTER TABLE `users`
  MODIFY `id` bigint(20) UNSIGNED NOT NULL AUTO_INCREMENT, AUTO_INCREMENT=15;

--
-- AUTO_INCREMENT for table `withdraw_transactions`
--
ALTER TABLE `withdraw_transactions`
  MODIFY `id` bigint(20) UNSIGNED NOT NULL AUTO_INCREMENT, AUTO_INCREMENT=3;

--
-- Constraints for dumped tables
--

--
-- Constraints for table `gateway_channels`
--
ALTER TABLE `gateway_channels`
  ADD CONSTRAINT `gateway_channels_gateway_account_id_foreign` FOREIGN KEY (`gateway_account_id`) REFERENCES `gateway_accounts` (`id`);

--
-- Constraints for table `gateway_channel_parameters`
--
ALTER TABLE `gateway_channel_parameters`
  ADD CONSTRAINT `gateway_channel_parameters_channel_id_foreign` FOREIGN KEY (`channel_id`) REFERENCES `gateway_channels` (`id`);

--
-- Constraints for table `merchants`
--
ALTER TABLE `merchants`
  ADD CONSTRAINT `merchants_agent_id_foreign` FOREIGN KEY (`agent_id`) REFERENCES `agents` (`id`);
COMMIT;

/*!40101 SET CHARACTER_SET_CLIENT=@OLD_CHARACTER_SET_CLIENT */;
/*!40101 SET CHARACTER_SET_RESULTS=@OLD_CHARACTER_SET_RESULTS */;
/*!40101 SET COLLATION_CONNECTION=@OLD_COLLATION_CONNECTION */;
